Timestamp,SerialNumber,MarkingData,ScannerData,ModelNumber,Result,User,Grade,CurrentId
2026-02-13T07:27:48.000Z,0101,A13B26B0101,A13B26B0101,CASE-A,OK,Unknown,N/A,202
2026-02-13T07:26:59.000Z,0100,A13B26B0100,NG,CASE-A,NG,Unknown,N/A,200
2026-02-13T07:22:58.000Z,0099,A13B26B0099,A13B26B0099,CASE-A,OK,Unknown,N/A,198
2026-02-13T07:18:25.000Z,0098,A13B26B0098,A13B26B0098,CASE-A,OK,Unknown,N/A,196
2026-02-13T07:17:25.000Z,0097,A13B26B0097,A13B26B0097,CASE-A,OK,Unknown,N/A,194
2026-02-13T07:10:40.000Z,0096,A13B26B0096,A13B26B0096,CASE-A,OK,Unknown,N/A,192
2026-02-13T07:05:03.000Z,0095,A13B26B0095,A13B26B0095,CASE-A,OK,Unknown,N/A,190
2026-02-13T07:03:29.000Z,0094,A13B26B0094,A13B26B0094,CASE-A,OK,Unknown,N/A,188
2026-02-13T07:00:13.000Z,0093,A13B26B0093,A13B26B0093,CASE-A,OK,Unknown,N/A,186
2026-02-13T05:57:31.000Z,0092,A13B26B0092,A13B26B0092,CASE-A,OK,Unknown,N/A,184
2026-02-13T05:55:12.000Z,0091,A13B26B0091,NG,CASE-A,NG,Unknown,N/A,182
2026-02-13T05:52:53.000Z,0090,A13B26B0090,A13B26B0090,CASE-A,OK,Unknown,N/A,180
2026-02-13T05:51:13.000Z,0089,A13B26B0089,A13B26B0089,CASE-A,OK,Unknown,N/A,178
2026-02-13T05:49:33.000Z,0088,A13B26B0088,A13B26B0088,CASE-A,OK,Unknown,N/A,176
2026-02-13T05:47:47.000Z,0087,A13B26B0087,A13B26B0087,CASE-A,OK,Unknown,N/A,174
2026-02-13T05:46:13.000Z,0086,A13B26B0086,A13B26B0086,CASE-A,OK,Unknown,N/A,172
2026-02-13T05:44:47.000Z,0085,A13B26B0085,A13B26B0085,CASE-A,OK,Unknown,N/A,170
2026-02-13T05:43:21.000Z,0084,A13B26B0084,A13B26B0084,CASE-A,OK,Unknown,N/A,168
2026-02-13T05:41:16.000Z,0083,A13B26B0083,A13B26B0083,CASE-A,OK,Unknown,N/A,166
2026-02-13T05:38:38.000Z,0082,A13B26B0082,A13B26B0082,CASE-A,OK,Unknown,N/A,164
2026-02-13T05:28:49.000Z,0081,A13B26B0081,A13B26B0081,CASE-A,OK,Unknown,N/A,162
2026-02-13T05:26:35.000Z,0080,A13B26B0080,A13B26B0080,CASE-A,OK,Unknown,N/A,160
2026-02-13T05:24:54.000Z,0079,A13B26B0079,A13B26B0079,CASE-A,OK,Unknown,N/A,158
2026-02-13T05:21:41.000Z,0078,A13B26B0078,NG,CASE-A,NG,Unknown,N/A,156
2026-02-13T05:20:06.000Z,0077,A13B26B0077,A13B26B0077,CASE-A,OK,Unknown,N/A,154
2026-02-13T05:17:43.000Z,0076,A13B26B0076,NG,CASE-A,NG,Unknown,N/A,152
2026-02-13T05:16:10.000Z,0075,A13B26B0075,A13B26B0075,CASE-A,OK,Unknown,N/A,150
2026-02-13T05:14:45.000Z,0074,A13B26B0074,A13B26B0074,CASE-A,OK,Unknown,N/A,148
2026-02-13T05:12:34.000Z,0073,A13B26B0073,NG,CASE-A,NG,Unknown,N/A,146
2026-02-13T05:10:27.000Z,0072,A13B26B0072,A13B26B0072,CASE-A,OK,Unknown,N/A,144
2026-02-13T05:08:56.000Z,0071,A13B26B0071,A13B26B0071,CASE-A,OK,Unknown,N/A,142
2026-02-13T05:07:34.000Z,0070,A13B26B0070,A13B26B0070,CASE-A,OK,Unknown,N/A,140
2026-02-13T05:04:54.000Z,0069,A13B26B0069,NG,CASE-A,NG,Unknown,N/A,138
2026-02-13T05:03:21.000Z,0068,A13B26B0068,A13B26B0068,CASE-A,OK,Unknown,N/A,136
2026-02-13T05:01:53.000Z,0067,A13B26B0067,A13B26B0067,CASE-A,OK,Unknown,N/A,134
2026-02-13T05:00:18.000Z,0066,A13B26B0066,A13B26B0066,CASE-A,OK,Unknown,N/A,132
2026-02-13T04:58:52.000Z,0065,A13B26B0065,A13B26B0065,CASE-A,OK,Unknown,N/A,130
2026-02-13T04:57:28.000Z,0064,A13B26B0064,A13B26B0064,CASE-A,OK,Unknown,N/A,128
2026-02-13T04:55:30.000Z,0063,A13B26B0063,NG,CASE-A,NG,Unknown,N/A,126
2026-02-13T04:51:04.000Z,0062,A13B26B0062,A13B26B0062,CASE-A,OK,Unknown,N/A,124
2026-02-13T04:48:42.000Z,0061,A13B26B0061,NG,CASE-A,NG,Unknown,N/A,122
2026-02-13T04:47:16.000Z,0060,A13B26B0060,A13B26B0060,CASE-A,OK,Unknown,N/A,120
2026-02-13T04:45:27.000Z,0059,A13B26B0059,A13B26B0059,CASE-A,OK,Unknown,N/A,118
2026-02-13T04:43:44.000Z,0058,A13B26B0058,A13B26B0058,CASE-A,OK,Unknown,N/A,116
2026-02-13T04:27:50.000Z,0057,A13B26B0057,A13B26B0057,CASE-A,OK,Unknown,N/A,114
2026-02-13T04:25:52.000Z,0056,A13B26B0056,A13B26B0056,CASE-A,OK,Unknown,N/A,112
2026-02-13T04:23:19.000Z,0055,A13B26B0055,A13B26B0055,CASE-A,OK,Unknown,N/A,110
2026-02-13T04:21:27.000Z,0054,A13B26B0054,A13B26B0054,CASE-A,OK,Unknown,N/A,108
2026-02-13T04:19:56.000Z,0053,A13B26B0053,A13B26B0053,CASE-A,OK,Unknown,N/A,106
2026-02-13T04:18:38.000Z,0052,A13B26B0052,A13B26B0052,CASE-A,OK,Unknown,N/A,104
2026-02-13T04:16:57.000Z,0051,A13B26B0051,A13B26B0051,CASE-A,OK,Unknown,N/A,102
2026-02-13T04:13:31.000Z,0050,A13B26B0050,A13B26B0050,CASE-A,OK,Unknown,N/A,100
2026-02-13T04:12:15.000Z,0049,A13B26B0049,A13B26B0049,CASE-A,OK,Unknown,N/A,98
2026-02-13T04:10:13.000Z,0048,A13B26B0048,A13B26B0048,CASE-A,OK,Unknown,N/A,96
2026-02-13T04:08:09.000Z,0047,A13B26B0047,A13B26B0047,CASE-A,OK,Unknown,N/A,94
2026-02-13T04:06:45.000Z,0046,A13B26B0046,A13B26B0046,CASE-A,OK,Unknown,N/A,92
2026-02-13T04:04:36.000Z,0045,A13B26B0045,A13B26B0045,CASE-A,OK,Unknown,N/A,90
2026-02-13T04:02:45.000Z,0044,A13B26B0044,A13B26B0044,CASE-A,OK,Unknown,N/A,88
2026-02-13T03:46:29.000Z,0043,A13B26B0043,A13B26B0043,CASE-A,OK,Unknown,N/A,86
2026-02-13T03:44:51.000Z,0042,A13B26B0042,A13B26B0042,CASE-A,OK,Unknown,N/A,84
2026-02-13T03:43:13.000Z,0041,A13B26B0041,A13B26B0041,CASE-A,OK,Unknown,N/A,82
2026-02-13T03:41:08.000Z,0040,A13B26B0040,A13B26B0040,CASE-A,OK,Unknown,N/A,80
2026-02-13T03:39:20.000Z,0039,A13B26B0039,A13B26B0039,CASE-A,OK,Unknown,N/A,78
2026-02-13T03:37:23.000Z,0038,A13B26B0038,A13B26B0038,CASE-A,OK,Unknown,N/A,76
2026-02-13T03:35:17.000Z,0037,A13B26B0037,A13B26B0037,CASE-A,OK,Unknown,N/A,74
2026-02-13T03:33:30.000Z,0036,A13B26B0036,NG,CASE-A,NG,Unknown,N/A,72
2026-02-13T03:31:56.000Z,0035,A13B26B0035,A13B26B0035,CASE-A,OK,Unknown,N/A,70
2026-02-13T03:30:33.000Z,0034,A13B26B0034,A13B26B0034,CASE-A,OK,Unknown,N/A,68
2026-02-13T03:29:13.000Z,0033,A13B26B0033,A13B26B0033,CASE-A,OK,Unknown,N/A,66
2026-02-13T03:27:57.000Z,0032,A13B26B0032,A13B26B0032,CASE-A,OK,Unknown,N/A,64
2026-02-13T03:23:17.000Z,0031,A13B26B0031,A13B26B0031,CASE-A,OK,Unknown,N/A,62
2026-02-13T03:21:24.000Z,0030,A13B26B0030,A13B26B0030,CASE-A,OK,Unknown,N/A,60
2026-02-13T03:19:50.000Z,0029,A13B26B0029,A13B26B0029,CASE-A,OK,Unknown,N/A,58
2026-02-13T03:18:06.000Z,0028,A13B26B0028,A13B26B0028,CASE-A,OK,Unknown,N/A,56
2026-02-13T03:16:35.000Z,0027,A13B26B0027,A13B26B0027,CASE-A,OK,Unknown,N/A,54
2026-02-13T03:15:04.000Z,0026,A13B26B0026,A13B26B0026,CASE-A,OK,Unknown,N/A,52
2026-02-13T03:13:48.000Z,0025,A13B26B0025,A13B26B0025,CASE-A,OK,Unknown,N/A,50
2026-02-13T03:11:49.000Z,0024,A13B26B0024,A13B26B0024,CASE-A,OK,Unknown,N/A,48
2026-02-13T03:10:11.000Z,0023,A13B26B0023,A13B26B0023,CASE-A,OK,Unknown,N/A,46
2026-02-13T03:07:55.000Z,0022,A13B26B0022,A13B26B0022,CASE-A,OK,Unknown,N/A,44
2026-02-13T03:05:39.000Z,0021,A13B26B0021,A13B26B0021,CASE-A,OK,Unknown,N/A,42
2026-02-13T03:01:08.000Z,0020,A13B26B0020,NG,CASE-A,NG,Unknown,N/A,40
2026-02-13T02:42:35.000Z,0019,A13B26A0019,A13B26A0019,CASE-A,OK,Unknown,N/A,38
2026-02-13T02:40:06.000Z,0018,A13B26A0018,A13B26A0018,CASE-A,OK,Unknown,N/A,36
2026-02-13T02:37:08.000Z,0017,A13B26A0017,A13B26A0017,CASE-A,OK,Unknown,N/A,34
2026-02-13T02:35:16.000Z,0016,A13B26A0016,A13B26A0016,CASE-A,OK,Unknown,N/A,32
2026-02-13T02:33:26.000Z,0015,A13B26A0015,A13B26A0015,CASE-A,OK,Unknown,N/A,30
2026-02-13T02:29:58.000Z,0014,A13B26A0014,A13B26A0014,CASE-A,OK,Unknown,N/A,28
2026-02-13T02:28:13.000Z,0013,A13B26A0013,A13B26A0013,CASE-A,OK,Unknown,N/A,26
2026-02-13T02:26:07.000Z,0012,A13B26A0012,A13B26A0012,CASE-A,OK,Unknown,N/A,24
2026-02-13T02:23:46.000Z,0011,A13B26A0011,NG,CASE-A,NG,Unknown,N/A,22
2026-02-13T02:21:22.000Z,0010,A13B26A0010,A13B26A0010,CASE-A,OK,Unknown,N/A,20
2026-02-13T02:19:33.000Z,0009,A13B26A0009,A13B26A0009,CASE-A,OK,Unknown,N/A,18
2026-02-13T02:17:00.000Z,0008,A13B26A0008,A13B26A0008,CASE-A,OK,Unknown,N/A,16
2026-02-13T02:12:08.000Z,0007,A13B26A0007,A13B26A0007,CASE-A,OK,Unknown,N/A,14
2026-02-13T02:10:20.000Z,0006,A13B26A0006,A13B26A0006,CASE-A,OK,Unknown,N/A,12
2026-02-13T02:08:22.000Z,0005,A13B26A0005,A13B26A0005,CASE-A,OK,Unknown,N/A,10
2026-02-13T02:04:41.000Z,0004,A13B26A0004,NG,CASE-A,NG,Unknown,N/A,8
2026-02-13T02:01:25.000Z,0003,A13B26A0003,A13B26A0003,CASE-A,OK,Unknown,N/A,6
2026-02-13T01:58:39.000Z,0002,A13B26A0002,A13B26A0002,CASE-A,OK,Unknown,N/A,4
2026-02-13T01:54:28.000Z,0001,A13B26A0001,A13B26A0001,CASE-A,OK,Unknown,N/A,2
2026-02-13T01:34:39.000Z,0044,A13B26A0044,A13B26A0044,CASE-A,OK,Unknown,N/A,36
2026-02-13T01:31:35.000Z,0043,A13B26A0043,A13B26A0043,CASE-A,OK,Unknown,N/A,34
2026-02-13T01:27:52.000Z,0042,A13B26A0042,NG,CASE-A,NG,Unknown,N/A,32
2026-02-13T01:23:28.000Z,0041,A13B26A0041,NG,CASE-A,NG,Unknown,N/A,30
2026-02-13T01:16:42.000Z,0040,A13B26A0040,A13B26A0040,CASE-A,OK,Unknown,N/A,28
2026-02-13T01:12:28.000Z,0039,A13B26A0039,A13B26A0039,CASE-A,OK,Unknown,N/A,26
2026-02-13T01:09:39.000Z,0038,A13B26A0038,NG,CASE-A,NG,Unknown,N/A,24
2026-02-13T01:05:07.000Z,0037,A13B26A0037,A13B26A0037,CASE-A,OK,Unknown,N/A,22
2026-02-13T00:58:55.000Z,0036,A13B26A0036,A13B26A0036,CASE-A,OK,Unknown,N/A,20
2026-02-12T23:36:04.000Z,0035,A13B26A0035,A13B26A0035,CASE-A,OK,Unknown,N/A,18
2026-02-12T23:32:12.000Z,0034,A13B26A0034,NG,CASE-A,NG,Unknown,N/A,16
2026-02-12T23:30:23.000Z,0033,A13B26A0033,A13B26A0033,CASE-A,OK,Unknown,N/A,14
2026-02-12T23:26:06.000Z,0032,A13B26A0032,NG,CASE-A,NG,Unknown,N/A,12
2026-02-12T23:20:55.000Z,0031,A13B26A0031,NG,CASE-A,NG,Unknown,N/A,10
2026-02-12T23:17:32.000Z,0030,A13B26A0030,NG,CASE-A,NG,Unknown,N/A,8
2026-02-12T23:14:37.000Z,0029,A13B26A0029,NG,CASE-A,NG,Unknown,N/A,6
2026-02-12T22:23:42.000Z,0028,A13B26A0028,A13B26A0028,CASE-A,OK,Unknown,N/A,4
2026-02-12T21:29:04.000Z,0027,A13B26A0027,A13B26A0027,CASE-A,OK,Unknown,N/A,2
2026-02-12T21:25:28.000Z,,,N/A,,NG,Unknown,N/A,75
2026-02-12T20:43:29.000Z,0026,A13B26A0026,NG,CASE-A,NG,Unknown,N/A,52
2026-02-12T20:40:25.000Z,0025,A13B26A0025,NG,CASE-A,NG,Unknown,N/A,50
2026-02-12T20:32:29.000Z,0024,A13B26A0024,A13B26A0024,CASE-A,OK,Unknown,N/A,48
2026-02-12T20:30:13.000Z,0023,A13B26A0023,A13B26A0023,CASE-A,OK,Unknown,N/A,46
2026-02-12T20:27:20.000Z,0022,A13B26A0022,NG,CASE-A,NG,Unknown,N/A,44
2026-02-12T20:24:45.000Z,0021,A13B26A0021,A13B26A0021,CASE-A,OK,Unknown,N/A,42
2026-02-12T20:22:02.000Z,0020,A13B26A0020,NG,CASE-A,NG,Unknown,N/A,40
2026-02-12T18:04:39.000Z,0475,A12B26C0475,A12B26C0475,CASE-A,OK,Unknown,N/A,724
2026-02-12T18:03:18.000Z,0474,A12B26C0474,NG,CASE-A,NG,Unknown,N/A,722
2026-02-12T18:02:17.000Z,0473,A12B26C0473,A12B26C0473,CASE-A,OK,Unknown,N/A,720
2026-02-12T18:01:02.000Z,0472,A12B26C0472,A12B26C0472,CASE-A,OK,Unknown,N/A,718
2026-02-12T17:59:44.000Z,0471,A12B26C0471,A12B26C0471,CASE-A,OK,Unknown,N/A,716
2026-02-12T17:58:57.000Z,0470,A12B26C0470,A12B26C0470,CASE-A,OK,Unknown,N/A,714
2026-02-12T17:49:30.000Z,0469,A12B26C0469,NG,CASE-A,NG,Unknown,N/A,712
2026-02-12T17:47:18.000Z,0468,A12B26C0468,A12B26C0468,CASE-A,OK,Unknown,N/A,710
2026-02-12T17:45:36.000Z,0467,A12B26C0467,A12B26C0467,CASE-A,OK,Unknown,N/A,708
2026-02-12T17:44:12.000Z,0466,A12B26C0466,A12B26C0466,CASE-A,OK,Unknown,N/A,706
2026-02-12T17:43:15.000Z,0465,A12B26C0465,A12B26C0465,CASE-A,OK,Unknown,N/A,704
2026-02-12T17:41:31.000Z,0464,A12B26C0464,A12B26C0464,CASE-A,OK,Unknown,N/A,702
2026-02-12T17:40:23.000Z,0463,A12B26C0463,A12B26C0463,CASE-A,OK,Unknown,N/A,700
2026-02-12T17:39:11.000Z,0462,A12B26C0462,A12B26C0462,CASE-A,OK,Unknown,N/A,698
2026-02-12T17:38:11.000Z,0461,A12B26C0461,A12B26C0461,CASE-A,OK,Unknown,N/A,696
2026-02-12T17:36:34.000Z,0460,A12B26C0460,A12B26C0460,CASE-A,OK,Unknown,N/A,694
2026-02-12T17:35:26.000Z,0459,A12B26C0459,A12B26C0459,CASE-A,OK,Unknown,N/A,692
2026-02-12T17:34:26.000Z,0458,A12B26C0458,A12B26C0458,CASE-A,OK,Unknown,N/A,690
2026-02-12T17:33:23.000Z,0457,A12B26C0457,A12B26C0457,CASE-A,OK,Unknown,N/A,688
2026-02-12T17:32:24.000Z,0456,A12B26C0456,A12B26C0456,CASE-A,OK,Unknown,N/A,686
2026-02-12T17:00:16.000Z,0455,A12B26C0455,A12B26C0455,CASE-A,OK,Unknown,N/A,684
2026-02-12T16:58:54.000Z,0454,A12B26C0454,A12B26C0454,CASE-A,OK,Unknown,N/A,682
2026-02-12T16:57:49.000Z,0453,A12B26C0453,A12B26C0453,CASE-A,OK,Unknown,N/A,680
2026-02-12T16:57:10.000Z,0452,A12B26C0452,A12B26C0452,CASE-A,OK,Unknown,N/A,678
2026-02-12T16:54:09.000Z,0451,A12B26C0451,A12B26C0451,CASE-A,OK,Unknown,N/A,676
2026-02-12T16:46:47.000Z,0450,A12B26C0450,A12B26C0450,CASE-A,OK,Unknown,N/A,674
2026-02-12T16:40:39.000Z,0449,A12B26C0449,A12B26C0449,CASE-A,OK,Unknown,N/A,672
2026-02-12T16:39:30.000Z,0448,A12B26C0448,A12B26C0448,CASE-A,OK,Unknown,N/A,670
2026-02-12T16:38:21.000Z,0447,A12B26C0447,A12B26C0447,CASE-A,OK,Unknown,N/A,668
2026-02-12T16:36:47.000Z,0446,A12B26C0446,A12B26C0446,CASE-A,OK,Unknown,N/A,666
2026-02-12T16:35:41.000Z,0445,A12B26C0445,A12B26C0445,CASE-A,OK,Unknown,N/A,664
2026-02-12T16:34:21.000Z,0444,A12B26C0444,NG,CASE-A,NG,Unknown,N/A,662
2026-02-12T16:33:05.000Z,0443,A12B26C0443,A12B26C0443,CASE-A,OK,Unknown,N/A,660
2026-02-12T16:31:50.000Z,0442,A12B26C0442,NG,CASE-A,NG,Unknown,N/A,658
2026-02-12T16:31:03.000Z,0441,A12B26C0441,A12B26C0441,CASE-A,OK,Unknown,N/A,656
2026-02-12T16:28:09.000Z,0440,A12B26C0440,A12B26C0440,CASE-A,OK,Unknown,N/A,654
2026-02-12T16:26:53.000Z,0439,A12B26C0439,A12B26C0439,CASE-A,OK,Unknown,N/A,652
2026-02-12T16:26:01.000Z,0438,A12B26C0438,A12B26C0438,CASE-A,OK,Unknown,N/A,650
2026-02-12T15:51:39.000Z,0437,A12B26C0437,A12B26C0437,CASE-A,OK,Unknown,N/A,648
2026-02-12T15:50:41.000Z,0436,A12B26C0436,A12B26C0436,CASE-A,OK,Unknown,N/A,646
2026-02-12T15:49:17.000Z,0435,A12B26C0435,A12B26C0435,CASE-A,OK,Unknown,N/A,644
2026-02-12T15:47:25.000Z,0434,A12B26C0434,A12B26C0434,CASE-A,OK,Unknown,N/A,642
2026-02-12T15:46:16.000Z,0433,A12B26C0433,A12B26C0433,CASE-A,OK,Unknown,N/A,640
2026-02-12T15:44:50.000Z,0432,A12B26C0432,A12B26C0432,CASE-A,OK,Unknown,N/A,638
2026-02-12T15:43:31.000Z,0431,A12B26C0431,A12B26C0431,CASE-A,OK,Unknown,N/A,636
2026-02-12T15:42:27.000Z,0430,A12B26C0430,A12B26C0430,CASE-A,OK,Unknown,N/A,634
2026-02-12T15:41:24.000Z,0429,A12B26C0429,A12B26C0429,CASE-A,OK,Unknown,N/A,632
2026-02-12T15:39:29.000Z,0428,A12B26C0428,A12B26C0428,CASE-A,OK,Unknown,N/A,630
2026-02-12T15:38:06.000Z,0427,A12B26C0427,A12B26C0427,CASE-A,OK,Unknown,N/A,628
2026-02-12T15:36:46.000Z,0426,A12B26C0426,A12B26C0426,CASE-A,OK,Unknown,N/A,626
2026-02-12T15:35:23.000Z,0425,A12B26C0425,A12B26C0425,CASE-A,OK,Unknown,N/A,624
2026-02-12T15:33:32.000Z,0424,A12B26C0424,A12B26C0424,CASE-A,OK,Unknown,N/A,622
2026-02-12T15:31:43.000Z,0423,A12B26C0423,NG,CASE-A,NG,Unknown,N/A,620
2026-02-12T15:30:23.000Z,0422,A12B26C0422,NG,CASE-A,NG,Unknown,N/A,618
2026-02-12T15:29:36.000Z,0421,A12B26C0421,NG,CASE-A,NG,Unknown,N/A,616
2026-02-12T15:24:36.000Z,0420,A12B26C0420,A12B26C0420,CASE-A,OK,Unknown,N/A,614
2026-02-12T15:23:49.000Z,0419,A12B26C0419,A12B26C0419,CASE-A,OK,Unknown,N/A,612
2026-02-12T15:23:03.000Z,0418,A12B26C0418,A12B26C0418,CASE-A,OK,Unknown,N/A,610
2026-02-12T15:22:19.000Z,0417,A12B26C0417,A12B26C0417,CASE-A,OK,Unknown,N/A,608
2026-02-12T15:21:30.000Z,0416,A12B26C0416,A12B26C0416,CASE-A,OK,Unknown,N/A,606
2026-02-12T14:13:30.000Z,0415,A12B26C0415,A12B26C0415,CASE-A,OK,Unknown,N/A,604
2026-02-12T14:11:36.000Z,0414,A12B26C0414,A12B26C0414,CASE-A,OK,Unknown,N/A,602
2026-02-12T14:09:59.000Z,0413,A12B26C0413,A12B26C0413,CASE-A,OK,Unknown,N/A,600
2026-02-12T14:08:06.000Z,0412,A12B26C0412,A12B26C0412,CASE-A,OK,Unknown,N/A,598
2026-02-12T13:59:05.000Z,0411,A12B26C0411,A12B26C0411,CASE-A,OK,Unknown,N/A,596
2026-02-12T13:46:28.000Z,0410,A12B26C0410,NG,CASE-A,NG,Unknown,N/A,594
2026-02-12T13:45:05.000Z,0409,A12B26C0409,A12B26C0409,CASE-A,OK,Unknown,N/A,592
2026-02-12T13:43:54.000Z,0408,A12B26C0408,A12B26C0408,CASE-A,OK,Unknown,N/A,590
2026-02-12T13:42:46.000Z,0407,A12B26C0407,A12B26C0407,CASE-A,OK,Unknown,N/A,588
2026-02-12T13:41:20.000Z,0406,A12B26C0406,A12B26C0406,CASE-A,OK,Unknown,N/A,586
2026-02-12T13:39:20.000Z,0405,A12B26C0405,A12B26C0405,CASE-A,OK,Unknown,N/A,584
2026-02-12T13:38:36.000Z,0404,A12B26C0404,A12B26C0404,CASE-A,OK,Unknown,N/A,582
2026-02-12T13:36:18.000Z,0403,A12B26C0403,A12B26C0403,CASE-A,OK,Unknown,N/A,580
2026-02-12T13:35:31.000Z,0402,A12B26C0402,A12B26C0402,CASE-A,OK,Unknown,N/A,578
2026-02-12T13:32:09.000Z,0401,A12B26C0401,A12B26C0401,CASE-A,OK,Unknown,N/A,576
2026-02-12T13:29:06.000Z,0400,A12B26C0400,A12B26C0400,CASE-A,OK,Unknown,N/A,574
2026-02-12T13:28:25.000Z,0399,A12B26C0399,A12B26C0399,CASE-A,OK,Unknown,N/A,572
2026-02-12T13:14:29.000Z,0398,A12B26C0398,A12B26C0398,CASE-A,OK,Unknown,N/A,570
2026-02-12T13:12:47.000Z,0397,A12B26C0397,A12B26C0397,CASE-A,OK,Unknown,N/A,568
2026-02-12T13:11:12.000Z,0396,A12B26C0396,A12B26C0396,CASE-A,OK,Unknown,N/A,566
2026-02-12T13:09:54.000Z,0395,A12B26C0395,A12B26C0395,CASE-A,OK,Unknown,N/A,564
2026-02-12T13:08:53.000Z,0394,A12B26C0394,A12B26C0394,CASE-A,OK,Unknown,N/A,562
2026-02-12T13:07:29.000Z,0393,A12B26C0393,A12B26C0393,CASE-A,OK,Unknown,N/A,560
2026-02-12T13:06:36.000Z,0392,A12B26C0392,A12B26C0392,CASE-A,OK,Unknown,N/A,558
2026-02-12T12:44:11.000Z,0391,A12B26C0391,NG,CASE-A,NG,Unknown,N/A,556
2026-02-12T12:41:31.000Z,0390,A12B26C0390,A12B26C0390,CASE-A,OK,Unknown,N/A,554
2026-02-12T12:40:27.000Z,0389,A12B26C0389,A12B26C0389,CASE-A,OK,Unknown,N/A,552
2026-02-12T12:39:08.000Z,0388,A12B26C0388,A12B26C0388,CASE-A,OK,Unknown,N/A,550
2026-02-12T12:38:21.000Z,0387,A12B26C0387,A12B26C0387,CASE-A,OK,Unknown,N/A,548
2026-02-12T12:36:50.000Z,0386,A12B26C0386,A12B26C0386,CASE-A,OK,Unknown,N/A,546
2026-02-12T12:20:17.000Z,0385,A12B26C0385,A12B26C0385,CASE-A,OK,Unknown,N/A,544
2026-02-12T12:18:47.000Z,0384,A12B26C0384,A12B26C0384,CASE-A,OK,Unknown,N/A,542
2026-02-12T12:17:25.000Z,0383,A12B26C0383,A12B26C0383,CASE-A,OK,Unknown,N/A,540
2026-02-12T12:15:19.000Z,0382,A12B26C0382,A12B26C0382,CASE-A,OK,Unknown,N/A,538
2026-02-12T12:12:56.000Z,0381,A12B26C0381,A12B26C0381,CASE-A,OK,Unknown,N/A,536
2026-02-12T12:10:46.000Z,0380,A12B26C0380,A12B26C0380,CASE-A,OK,Unknown,N/A,534
2026-02-12T12:10:20.000Z,0379,A12B26C0379,NG,CASE-A,NG,Unknown,N/A,532
2026-02-12T12:08:27.000Z,0378,A12B26C0378,A12B26C0378,CASE-A,OK,Unknown,N/A,530
2026-02-12T12:06:10.000Z,0377,A12B26C0377,A12B26C0377,CASE-A,OK,Unknown,N/A,528
2026-02-12T12:05:06.000Z,0376,A12B26C0376,NG,CASE-A,NG,Unknown,N/A,526
2026-02-12T12:03:48.000Z,0375,A12B26C0375,NG,CASE-A,NG,Unknown,N/A,524
2026-02-12T12:01:58.000Z,0374,A12B26C0374,NG,CASE-A,NG,Unknown,N/A,522
2026-02-12T11:58:44.000Z,0373,A12B26C0373,A12B26C0373,CASE-A,OK,Unknown,N/A,520
2026-02-12T11:56:29.000Z,0372,A12B26C0372,NG,CASE-A,NG,Unknown,N/A,518
2026-02-12T11:53:53.000Z,0371,A12B26C0371,A12B26C0371,CASE-A,OK,Unknown,N/A,516
2026-02-12T11:43:58.000Z,0370,A12B26C0370,A12B26C0370,CASE-A,OK,Unknown,N/A,514
2026-02-12T11:34:23.000Z,0369,A12B26C0369,A12B26C0369,CASE-A,OK,Unknown,N/A,512
2026-02-12T11:33:45.000Z,0368,A12B26C0368,A12B26C0368,CASE-A,OK,Unknown,N/A,510
2026-02-12T11:29:43.000Z,0367,A12B26B0367,A12B26B0367,CASE-A,OK,Unknown,N/A,508
2026-02-12T11:25:40.000Z,0366,A12B26B0366,A12B26B0366,CASE-A,OK,Unknown,N/A,506
2026-02-12T11:23:52.000Z,0365,A12B26B0365,A12B26B0365,CASE-A,OK,Unknown,N/A,504
2026-02-12T11:23:22.000Z,0364,A12B26B0364,NG,CASE-A,NG,Unknown,N/A,502
2026-02-12T11:21:02.000Z,0363,A12B26B0363,A12B26B0363,CASE-A,OK,Unknown,N/A,500
2026-02-12T11:18:56.000Z,0362,A12B26B0362,A12B26B0362,CASE-A,OK,Unknown,N/A,498
2026-02-12T11:16:57.000Z,0361,A12B26B0361,A12B26B0361,CASE-A,OK,Unknown,N/A,496
2026-02-12T11:14:56.000Z,0360,A12B26B0360,A12B26B0360,CASE-A,OK,Unknown,N/A,494
2026-02-12T11:13:03.000Z,0359,A12B26B0359,NG,CASE-A,NG,Unknown,N/A,492
2026-02-12T11:10:00.000Z,0358,A12B26B0358,NG,CASE-A,NG,Unknown,N/A,490
2026-02-12T11:08:09.000Z,0357,A12B26B0357,A12B26B0357,CASE-A,OK,Unknown,N/A,488
2026-02-12T11:02:18.000Z,0356,A12B26B0356,A12B26B0356,CASE-A,OK,Unknown,N/A,486
2026-02-12T11:01:41.000Z,0355,A12B26B0355,A12B26B0355,CASE-A,OK,Unknown,N/A,484
2026-02-12T11:01:18.000Z,0354,A12B26B0354,NG,CASE-A,NG,Unknown,N/A,482
2026-02-12T10:56:42.000Z,0353,A12B26B0353,A12B26B0353,CASE-A,OK,Unknown,N/A,480
2026-02-12T10:47:57.000Z,0352,A12B26B0352,A12B26B0352,CASE-A,OK,Unknown,N/A,478
2026-02-12T10:45:08.000Z,0351,A12B26B0351,A12B26B0351,CASE-A,OK,Unknown,N/A,476
2026-02-12T10:42:30.000Z,0350,A12B26B0350,A12B26B0350,CASE-A,OK,Unknown,N/A,474
2026-02-12T10:35:18.000Z,0349,A12B26B0349,A12B26B0349,CASE-A,OK,Unknown,N/A,472
2026-02-12T10:30:49.000Z,0348,A12B26B0348,A12B26B0348,CASE-A,OK,Unknown,N/A,470
2026-02-12T10:29:11.000Z,0347,A12B26B0347,A12B26B0347,CASE-A,OK,Unknown,N/A,468
2026-02-12T10:15:57.000Z,0346,A12B26B0346,A12B26B0346,CASE-A,OK,Unknown,N/A,466
2026-02-12T10:14:15.000Z,0345,A12B26B0345,A12B26B0345,CASE-A,OK,Unknown,N/A,464
2026-02-12T10:07:54.000Z,0344,A12B26B0344,A12B26B0344,CASE-A,OK,Unknown,N/A,462
2026-02-12T10:03:32.000Z,0343,A12B26B0343,A12B26B0343,CASE-A,OK,Unknown,N/A,460
2026-02-12T10:02:41.000Z,0342,A12B26B0342,A12B26B0342,CASE-A,OK,Unknown,N/A,458
2026-02-12T09:57:48.000Z,0341,A12B26B0341,A12B26B0341,CASE-A,OK,Unknown,N/A,456
2026-02-12T09:54:32.000Z,0340,A12B26B0340,A12B26B0340,CASE-A,OK,Unknown,N/A,454
2026-02-12T09:51:11.000Z,0339,A12B26B0339,A12B26B0339,CASE-A,OK,Unknown,N/A,452
2026-02-12T09:48:47.000Z,0338,A12B26B0338,A12B26B0338,CASE-A,OK,Unknown,N/A,450
2026-02-12T09:40:40.000Z,0337,A12B26B0337,A12B26B0337,CASE-A,OK,Unknown,N/A,448
2026-02-12T09:29:05.000Z,0336,A12B26B0336,A12B26B0336,CASE-A,OK,Unknown,N/A,446
2026-02-12T09:28:18.000Z,0335,A12B26B0335,A12B26B0335,CASE-A,OK,Unknown,N/A,444
2026-02-12T09:27:29.000Z,0334,A12B26B0334,A12B26B0334,CASE-A,OK,Unknown,N/A,442
2026-02-12T09:26:40.000Z,0333,A12B26B0333,A12B26B0333,CASE-A,OK,Unknown,N/A,440
2026-02-12T09:24:53.000Z,0332,A12B26B0332,A12B26B0332,CASE-A,OK,Unknown,N/A,438
2026-02-12T08:27:46.000Z,0331,A12B26B0331,A12B26B0331,CASE-A,OK,Unknown,N/A,436
2026-02-12T08:26:48.000Z,0330,A12B26B0330,A12B26B0330,CASE-A,OK,Unknown,N/A,434
2026-02-12T08:17:07.000Z,0329,A12B26B0329,A12B26B0329,CASE-A,OK,Unknown,N/A,432
2026-02-12T08:03:42.000Z,0328,A12B26B0328,A12B26B0328,CASE-A,OK,Unknown,N/A,430
2026-02-12T07:52:10.000Z,0327,A12B26B0327,A12B26B0327,CASE-A,OK,Unknown,N/A,428
2026-02-12T07:27:21.000Z,0326,A12B26B0326,A12B26B0326,CASE-A,OK,Unknown,N/A,426
2026-02-12T06:21:46.000Z,0325,A12B26B0325,A12B26B0325,CASE-A,OK,Unknown,N/A,424
2026-02-12T06:17:47.000Z,0324,A12B26B0324,A12B26B0324,CASE-A,OK,Unknown,N/A,422
2026-02-12T06:17:06.000Z,0323,A12B26B0323,A12B26B0323,CASE-A,OK,Unknown,N/A,420
2026-02-12T06:15:54.000Z,0322,A12B26B0322,A12B26B0322,CASE-A,OK,Unknown,N/A,418
2026-02-12T06:15:11.000Z,0321,A12B26B0321,A12B26B0321,CASE-A,OK,Unknown,N/A,416
2026-02-12T06:12:05.000Z,0320,A12B26B0320,A12B26B0320,CASE-A,OK,Unknown,N/A,414
2026-02-12T06:03:55.000Z,0319,A12B26B0319,A12B26B0319,CASE-A,OK,Unknown,N/A,412
2026-02-12T05:44:58.000Z,0318,A12B26B0318,A12B26B0318,CASE-A,OK,Unknown,N/A,410
2026-02-12T05:43:06.000Z,0317,A12B26B0317,A12B26B0317,CASE-A,OK,Unknown,N/A,408
2026-02-12T05:41:04.000Z,0316,A12B26B0316,A12B26B0316,CASE-A,OK,Unknown,N/A,406
2026-02-12T05:38:54.000Z,0315,A12B26B0315,A12B26B0315,CASE-A,OK,Unknown,N/A,404
2026-02-12T05:25:46.000Z,0314,A12B26B0314,A12B26B0314,CASE-A,OK,Unknown,N/A,402
2026-02-12T05:24:22.000Z,0313,A12B26B0313,A12B26B0313,CASE-A,OK,Unknown,N/A,400
2026-02-12T05:22:33.000Z,0312,A12B26B0312,A12B26B0312,CASE-A,OK,Unknown,N/A,398
2026-02-12T05:20:55.000Z,0311,A12B26B0311,A12B26B0311,CASE-A,OK,Unknown,N/A,396
2026-02-12T05:18:54.000Z,0310,A12B26B0310,A12B26B0310,CASE-A,OK,Unknown,N/A,394
2026-02-12T05:17:33.000Z,0309,A12B26B0309,A12B26B0309,CASE-A,OK,Unknown,N/A,392
2026-02-12T05:10:29.000Z,0308,A12B26B0308,A12B26B0308,CASE-A,OK,Unknown,N/A,390
2026-02-12T05:09:02.000Z,0307,A12B26B0307,A12B26B0307,CASE-A,OK,Unknown,N/A,388
2026-02-12T05:07:27.000Z,0306,A12B26B0306,A12B26B0306,CASE-A,OK,Unknown,N/A,386
2026-02-12T05:05:18.000Z,0305,A12B26B0305,A12B26B0305,CASE-A,OK,Unknown,N/A,384
2026-02-12T04:42:54.000Z,0304,A12B26B0304,A12B26B0304,CASE-A,OK,Unknown,N/A,382
2026-02-12T04:41:23.000Z,0303,A12B26B0303,A12B26B0303,CASE-A,OK,Unknown,N/A,380
2026-02-12T04:39:09.000Z,0302,A12B26B0302,A12B26B0302,CASE-A,OK,Unknown,N/A,378
2026-02-12T04:33:34.000Z,0301,A12B26B0301,A12B26B0301,CASE-A,OK,Unknown,N/A,376
2026-02-12T04:32:07.000Z,0300,A12B26B0300,A12B26B0300,CASE-A,OK,Unknown,N/A,374
2026-02-12T04:29:38.000Z,0299,A12B26B0299,A12B26B0299,CASE-A,OK,Unknown,N/A,372
2026-02-12T04:28:18.000Z,0298,A12B26B0298,A12B26B0298,CASE-A,OK,Unknown,N/A,370
2026-02-12T04:26:38.000Z,0297,A12B26B0297,A12B26B0297,CASE-A,OK,Unknown,N/A,368
2026-02-12T04:25:20.000Z,0296,A12B26B0296,A12B26B0296,CASE-A,OK,Unknown,N/A,366
2026-02-12T04:23:57.000Z,0295,A12B26B0295,A12B26B0295,CASE-A,OK,Unknown,N/A,364
2026-02-12T04:22:22.000Z,0294,A12B26B0294,A12B26B0294,CASE-A,OK,Unknown,N/A,362
2026-02-12T04:17:11.000Z,0293,A12B26B0293,A12B26B0293,CASE-A,OK,Unknown,N/A,360
2026-02-12T04:15:53.000Z,0292,A12B26B0292,A12B26B0292,CASE-A,OK,Unknown,N/A,358
2026-02-12T04:14:36.000Z,0291,A12B26B0291,A12B26B0291,CASE-A,OK,Unknown,N/A,356
2026-02-12T04:12:44.000Z,0290,A12B26B0290,A12B26B0290,CASE-A,OK,Unknown,N/A,354
2026-02-12T04:10:41.000Z,0289,A12B26B0289,A12B26B0289,CASE-A,OK,Unknown,N/A,352
2026-02-12T04:09:15.000Z,0288,A12B26B0288,A12B26B0288,CASE-A,OK,Unknown,N/A,350
2026-02-12T04:07:46.000Z,0287,A12B26B0287,A12B26B0287,CASE-A,OK,Unknown,N/A,348
2026-02-12T04:06:25.000Z,0286,A12B26B0286,A12B26B0286,CASE-A,OK,Unknown,N/A,346
2026-02-12T04:05:09.000Z,0285,A12B26B0285,A12B26B0285,CASE-A,OK,Unknown,N/A,344
2026-02-12T04:03:31.000Z,0284,A12B26B0284,A12B26B0284,CASE-A,OK,Unknown,N/A,342
2026-02-12T03:52:01.000Z,0283,A12B26B0283,A12B26B0283,CASE-A,OK,Unknown,N/A,340
2026-02-12T03:50:40.000Z,0282,A12B26B0282,A12B26B0282,CASE-A,OK,Unknown,N/A,338
2026-02-12T03:48:52.000Z,0281,A12B26B0281,NG,CASE-A,NG,Unknown,N/A,336
2026-02-12T03:47:16.000Z,0280,A12B26B0280,A12B26B0280,CASE-A,OK,Unknown,N/A,334
2026-02-12T03:45:41.000Z,0279,A12B26B0279,A12B26B0279,CASE-A,OK,Unknown,N/A,332
2026-02-12T03:43:27.000Z,0278,A12B26B0278,A12B26B0278,CASE-A,OK,Unknown,N/A,330
2026-02-12T03:41:53.000Z,0277,A12B26B0277,A12B26B0277,CASE-A,OK,Unknown,N/A,328
2026-02-12T03:40:02.000Z,0276,A12B26B0276,A12B26B0276,CASE-A,OK,Unknown,N/A,326
2026-02-12T03:38:42.000Z,0275,A12B26B0275,A12B26B0275,CASE-A,OK,Unknown,N/A,324
2026-02-12T03:37:19.000Z,0274,A12B26B0274,A12B26B0274,CASE-A,OK,Unknown,N/A,322
2026-02-12T03:35:59.000Z,0273,A12B26B0273,A12B26B0273,CASE-A,OK,Unknown,N/A,320
2026-02-12T03:34:30.000Z,0272,A12B26B0272,A12B26B0272,CASE-A,OK,Unknown,N/A,318
2026-02-12T03:33:04.000Z,0271,A12B26B0271,A12B26B0271,CASE-A,OK,Unknown,N/A,316
2026-02-12T03:31:19.000Z,0270,A12B26B0270,A12B26B0270,CASE-A,OK,Unknown,N/A,314
2026-02-12T03:29:49.000Z,0269,A12B26B0269,A12B26B0269,CASE-A,OK,Unknown,N/A,312
2026-02-12T03:28:25.000Z,0268,A12B26B0268,A12B26B0268,CASE-A,OK,Unknown,N/A,310
2026-02-12T03:27:07.000Z,0267,A12B26B0267,A12B26B0267,CASE-A,OK,Unknown,N/A,308
2026-02-12T03:25:43.000Z,0266,A12B26B0266,A12B26B0266,CASE-A,OK,Unknown,N/A,306
2026-02-12T03:24:31.000Z,0265,A12B26B0265,A12B26B0265,CASE-A,OK,Unknown,N/A,304
2026-02-12T03:23:15.000Z,0264,A12B26B0264,A12B26B0264,CASE-A,OK,Unknown,N/A,302
2026-02-12T03:22:11.000Z,0263,A12B26B0263,A12B26B0263,CASE-A,OK,Unknown,N/A,300
2026-02-12T03:20:44.000Z,0262,A12B26B0262,A12B26B0262,CASE-A,OK,Unknown,N/A,298
2026-02-12T03:17:26.000Z,0261,A12B26B0261,A12B26B0261,CASE-A,OK,Unknown,N/A,296
2026-02-12T03:16:04.000Z,0260,A12B26B0260,A12B26B0260,CASE-A,OK,Unknown,N/A,294
2026-02-12T03:14:53.000Z,0259,A12B26B0259,A12B26B0259,CASE-A,OK,Unknown,N/A,292
2026-02-12T03:13:15.000Z,0258,A12B26B0258,A12B26B0258,CASE-A,OK,Unknown,N/A,290
2026-02-12T03:11:42.000Z,0257,A12B26B0257,A12B26B0257,CASE-A,OK,Unknown,N/A,288
2026-02-12T03:10:23.000Z,0256,A12B26B0256,NG,CASE-A,NG,Unknown,N/A,286
2026-02-12T03:07:48.000Z,0255,A12B26B0255,A12B26B0255,CASE-A,OK,Unknown,N/A,284
2026-02-12T03:06:12.000Z,0254,A12B26B0254,A12B26B0254,CASE-A,OK,Unknown,N/A,282
2026-02-12T03:04:19.000Z,0253,A12B26B0253,A12B26B0253,CASE-A,OK,Unknown,N/A,280
2026-02-12T03:03:00.000Z,0252,A12B26B0252,A12B26B0252,CASE-A,OK,Unknown,N/A,278
2026-02-12T03:01:12.000Z,0251,A12B26B0251,A12B26B0251,CASE-A,OK,Unknown,N/A,276
2026-02-12T02:59:09.000Z,0250,A12B26A0250,A12B26A0250,CASE-A,OK,Unknown,N/A,274
2026-02-12T02:57:34.000Z,0249,A12B26A0249,A12B26A0249,CASE-A,OK,Unknown,N/A,272
2026-02-12T02:56:23.000Z,0248,A12B26A0248,A12B26A0248,CASE-A,OK,Unknown,N/A,270
2026-02-12T02:54:56.000Z,0247,A12B26A0247,A12B26A0247,CASE-A,OK,Unknown,N/A,268
2026-02-12T02:53:50.000Z,0246,A12B26A0246,A12B26A0246,CASE-A,OK,Unknown,N/A,266
2026-02-12T02:52:36.000Z,0245,A12B26A0245,A12B26A0245,CASE-A,OK,Unknown,N/A,264
2026-02-12T02:50:00.000Z,0244,A12B26A0244,A12B26A0244,CASE-A,OK,Unknown,N/A,262
2026-02-12T02:47:53.000Z,0243,A12B26A0243,A12B26A0243,CASE-A,OK,Unknown,N/A,260
2026-02-12T02:47:14.000Z,0242,A12B26A0242,A12B26A0242,CASE-A,OK,Unknown,N/A,258
2026-02-12T02:46:39.000Z,0241,A12B26A0241,A12B26A0241,CASE-A,OK,Unknown,N/A,256
2026-02-12T02:45:17.000Z,0240,A12B26A0240,A12B26A0240,CASE-A,OK,Unknown,N/A,254
2026-02-12T02:44:03.000Z,0239,A12B26A0239,A12B26A0239,CASE-A,OK,Unknown,N/A,252
2026-02-12T02:42:24.000Z,0238,A12B26A0238,A12B26A0238,CASE-A,OK,Unknown,N/A,250
2026-02-12T02:40:58.000Z,0237,A12B26A0237,A12B26A0237,CASE-A,OK,Unknown,N/A,248
2026-02-12T02:39:31.000Z,0236,A12B26A0236,A12B26A0236,CASE-A,OK,Unknown,N/A,246
2026-02-12T02:38:24.000Z,0235,A12B26A0235,A12B26A0235,CASE-A,OK,Unknown,N/A,244
2026-02-12T02:37:23.000Z,0234,A12B26A0234,A12B26A0234,CASE-A,OK,Unknown,N/A,242
2026-02-12T02:36:14.000Z,0233,A12B26A0233,A12B26A0233,CASE-A,OK,Unknown,N/A,240
2026-02-12T02:35:02.000Z,0232,A12B26A0232,A12B26A0232,CASE-A,OK,Unknown,N/A,238
2026-02-12T02:33:59.000Z,0231,A12B26A0231,A12B26A0231,CASE-A,OK,Unknown,N/A,236
2026-02-12T02:32:05.000Z,0230,A12B26A0230,A12B26A0230,CASE-A,OK,Unknown,N/A,234
2026-02-12T02:29:21.000Z,0229,A12B26A0229,A12B26A0229,CASE-A,OK,Unknown,N/A,232
2026-02-12T02:28:01.000Z,0228,A12B26A0228,A12B26A0228,CASE-A,OK,Unknown,N/A,230
2026-02-12T02:26:53.000Z,0227,A12B26A0227,A12B26A0227,CASE-A,OK,Unknown,N/A,228
2026-02-12T02:25:16.000Z,0226,A12B26A0226,A12B26A0226,CASE-A,OK,Unknown,N/A,226
2026-02-12T02:23:25.000Z,0225,A12B26A0225,A12B26A0225,CASE-A,OK,Unknown,N/A,224
2026-02-12T02:21:39.000Z,0224,A12B26A0224,A12B26A0224,CASE-A,OK,Unknown,N/A,222
2026-02-12T02:20:23.000Z,0223,A12B26A0223,A12B26A0223,CASE-A,OK,Unknown,N/A,220
2026-02-12T02:19:12.000Z,0222,A12B26A0222,A12B26A0222,CASE-A,OK,Unknown,N/A,218
2026-02-12T02:15:21.000Z,0221,A12B26A0221,A12B26A0221,CASE-A,OK,Unknown,N/A,216
2026-02-12T02:11:53.000Z,0220,A12B26A0220,A12B26A0220,CASE-A,OK,Unknown,N/A,214
2026-02-12T02:10:47.000Z,0219,A12B26A0219,A12B26A0219,CASE-A,OK,Unknown,N/A,212
2026-02-12T02:09:43.000Z,0218,A12B26A0218,A12B26A0218,CASE-A,OK,Unknown,N/A,210
2026-02-12T02:08:42.000Z,0217,A12B26A0217,NG,CASE-A,NG,Unknown,N/A,208
2026-02-12T02:07:07.000Z,0216,A12B26A0216,A12B26A0216,CASE-A,OK,Unknown,N/A,206
2026-02-12T02:05:37.000Z,0215,A12B26A0215,A12B26A0215,CASE-A,OK,Unknown,N/A,204
2026-02-12T02:04:11.000Z,0214,A12B26A0214,A12B26A0214,CASE-A,OK,Unknown,N/A,202
2026-02-12T02:03:27.000Z,0213,A12B26A0213,A12B26A0213,CASE-A,OK,Unknown,N/A,200
2026-02-12T02:02:49.000Z,0212,A12B26A0212,A12B26A0212,CASE-A,OK,Unknown,N/A,198
2026-02-12T02:01:57.000Z,0211,A12B26A0211,A12B26A0211,CASE-A,OK,Unknown,N/A,196
2026-02-12T01:56:23.000Z,0210,A12B26A0210,A12B26A0210,CASE-A,OK,Unknown,N/A,194
2026-02-12T01:45:22.000Z,0209,A12B26A0209,A12B26A0209,CASE-A,OK,Unknown,N/A,192
2026-02-12T01:44:01.000Z,0208,A12B26A0208,A12B26A0208,CASE-A,OK,Unknown,N/A,190
2026-02-12T01:42:41.000Z,0207,A12B26A0207,A12B26A0207,CASE-A,OK,Unknown,N/A,188
2026-02-12T01:41:24.000Z,0206,A12B26A0206,A12B26A0206,CASE-A,OK,Unknown,N/A,186
2026-02-12T01:39:57.000Z,0205,A12B26A0205,A12B26A0205,CASE-A,OK,Unknown,N/A,184
2026-02-12T01:38:18.000Z,0204,A12B26A0204,A12B26A0204,CASE-A,OK,Unknown,N/A,182
2026-02-12T01:37:07.000Z,0203,A12B26A0203,A12B26A0203,CASE-A,OK,Unknown,N/A,180
2026-02-12T01:35:47.000Z,0202,A12B26A0202,A12B26A0202,CASE-A,OK,Unknown,N/A,178
2026-02-12T01:33:29.000Z,0201,A12B26A0201,A12B26A0201,CASE-A,OK,Unknown,N/A,176
2026-02-12T01:32:04.000Z,0200,A12B26A0200,A12B26A0200,CASE-A,OK,Unknown,N/A,174
2026-02-12T01:30:37.000Z,0199,A12B26A0199,A12B26A0199,CASE-A,OK,Unknown,N/A,172
2026-02-12T01:29:04.000Z,0198,A12B26A0198,A12B26A0198,CASE-A,OK,Unknown,N/A,170
2026-02-12T01:27:33.000Z,0197,A12B26A0197,A12B26A0197,CASE-A,OK,Unknown,N/A,168
2026-02-12T01:25:51.000Z,0196,A12B26A0196,A12B26A0196,CASE-A,OK,Unknown,N/A,166
2026-02-12T01:24:32.000Z,0195,A12B26A0195,A12B26A0195,CASE-A,OK,Unknown,N/A,164
2026-02-12T01:22:03.000Z,0194,A12B26A0194,A12B26A0194,CASE-A,OK,Unknown,N/A,162
2026-02-12T01:20:00.000Z,0193,A12B26A0193,NG,CASE-A,NG,Unknown,N/A,160
2026-02-12T01:18:21.000Z,0192,A12B26A0192,A12B26A0192,CASE-A,OK,Unknown,N/A,158
2026-02-12T01:17:05.000Z,0191,A12B26A0191,A12B26A0191,CASE-A,OK,Unknown,N/A,156
2026-02-12T01:15:54.000Z,0190,A12B26A0190,A12B26A0190,CASE-A,OK,Unknown,N/A,154
2026-02-12T01:14:45.000Z,0189,A12B26A0189,A12B26A0189,CASE-A,OK,Unknown,N/A,152
2026-02-12T01:13:36.000Z,0188,A12B26A0188,A12B26A0188,CASE-A,OK,Unknown,N/A,150
2026-02-12T01:11:21.000Z,0187,A12B26A0187,A12B26A0187,CASE-A,OK,Unknown,N/A,148
2026-02-12T01:10:12.000Z,0186,A12B26A0186,NG,CASE-A,NG,Unknown,N/A,146
2026-02-12T01:08:52.000Z,0185,A12B26A0185,A12B26A0185,CASE-A,OK,Unknown,N/A,144
2026-02-12T01:07:15.000Z,0184,A12B26A0184,A12B26A0184,CASE-A,OK,Unknown,N/A,142
2026-02-12T00:59:25.000Z,0183,A12B26A0183,A12B26A0183,CASE-A,OK,Unknown,N/A,140
2026-02-12T00:57:27.000Z,0182,A12B26A0182,A12B26A0182,CASE-A,OK,Unknown,N/A,138
2026-02-12T00:55:57.000Z,0181,A12B26A0181,A12B26A0181,CASE-A,OK,Unknown,N/A,136
2026-02-12T00:53:09.000Z,0180,A12B26A0180,A12B26A0180,CASE-A,OK,Unknown,N/A,134
2026-02-12T00:51:12.000Z,0179,A12B26A0179,A12B26A0179,CASE-A,OK,Unknown,N/A,132
2026-02-12T00:49:32.000Z,0178,A12B26A0178,A12B26A0178,CASE-A,OK,Unknown,N/A,130
2026-02-12T00:48:07.000Z,0177,A12B26A0177,A12B26A0177,CASE-A,OK,Unknown,N/A,128
2026-02-12T00:46:42.000Z,0176,A12B26A0176,A12B26A0176,CASE-A,OK,Unknown,N/A,126
2026-02-12T00:38:43.000Z,0175,A12B26A0175,A12B26A0175,CASE-A,OK,Unknown,N/A,124
2026-02-12T00:37:56.000Z,0174,A12B26A0174,A12B26A0174,CASE-A,OK,Unknown,N/A,122
2026-02-12T00:36:59.000Z,0173,A12B26A0173,NG,CASE-A,NG,Unknown,N/A,120
2026-02-12T00:36:12.000Z,0172,A12B26A0172,A12B26A0172,CASE-A,OK,Unknown,N/A,118
2026-02-12T00:35:30.000Z,0171,A12B26A0171,A12B26A0171,CASE-A,OK,Unknown,N/A,116
2026-02-12T00:34:50.000Z,0170,A12B26A0170,A12B26A0170,CASE-A,OK,Unknown,N/A,114
2026-02-12T00:33:41.000Z,0169,A12B26A0169,A12B26A0169,CASE-A,OK,Unknown,N/A,112
2026-02-12T00:32:57.000Z,0168,A12B26A0168,A12B26A0168,CASE-A,OK,Unknown,N/A,110
2026-02-12T00:32:12.000Z,0167,A12B26A0167,A12B26A0167,CASE-A,OK,Unknown,N/A,108
2026-02-12T00:31:24.000Z,0166,A12B26A0166,A12B26A0166,CASE-A,OK,Unknown,N/A,106
2026-02-12T00:30:36.000Z,0165,A12B26A0165,A12B26A0165,CASE-A,OK,Unknown,N/A,104
2026-02-11T23:59:34.000Z,0164,A12B26A0164,A12B26A0164,CASE-A,OK,Unknown,N/A,102
2026-02-11T23:57:48.000Z,0163,A12B26A0163,NG,CASE-A,NG,Unknown,N/A,100
2026-02-11T23:55:30.000Z,0162,A12B26A0162,A12B26A0162,CASE-A,OK,Unknown,N/A,98
2026-02-11T23:52:52.000Z,0161,A12B26A0161,A12B26A0161,CASE-A,OK,Unknown,N/A,96
2026-02-11T23:50:55.000Z,0160,A12B26A0160,A12B26A0160,CASE-A,OK,Unknown,N/A,94
2026-02-11T23:48:59.000Z,0159,A12B26A0159,A12B26A0159,CASE-A,OK,Unknown,N/A,92
2026-02-11T23:46:50.000Z,0158,A12B26A0158,A12B26A0158,CASE-A,OK,Unknown,N/A,90
2026-02-11T23:43:00.000Z,0157,A12B26A0157,A12B26A0157,CASE-A,OK,Unknown,N/A,88
2026-02-11T23:40:19.000Z,0156,A12B26A0156,A12B26A0156,CASE-A,OK,Unknown,N/A,86
2026-02-11T23:38:27.000Z,0155,A12B26A0155,A12B26A0155,CASE-A,OK,Unknown,N/A,84
2026-02-11T23:36:32.000Z,0154,A12B26A0154,A12B26A0154,CASE-A,OK,Unknown,N/A,82
2026-02-11T23:34:58.000Z,0153,A12B26A0153,A12B26A0153,CASE-A,OK,Unknown,N/A,80
2026-02-11T23:32:58.000Z,0152,A12B26A0152,A12B26A0152,CASE-A,OK,Unknown,N/A,78
2026-02-11T23:31:32.000Z,0151,A12B26A0151,A12B26A0151,CASE-A,OK,Unknown,N/A,76
2026-02-11T23:29:57.000Z,0150,A12B26A0150,A12B26A0150,CASE-A,OK,Unknown,N/A,74
2026-02-11T23:28:07.000Z,0149,A12B26A0149,A12B26A0149,CASE-A,OK,Unknown,N/A,72
2026-02-11T23:26:27.000Z,0148,A12B26A0148,A12B26A0148,CASE-A,OK,Unknown,N/A,70
2026-02-11T23:24:32.000Z,0147,A12B26A0147,A12B26A0147,CASE-A,OK,Unknown,N/A,68
2026-02-11T23:22:57.000Z,0146,A12B26A0146,A12B26A0146,CASE-A,OK,Unknown,N/A,66
2026-02-11T23:21:14.000Z,0145,A12B26A0145,NG,CASE-A,NG,Unknown,N/A,64
2026-02-11T23:19:09.000Z,0144,A12B26A0144,A12B26A0144,CASE-A,OK,Unknown,N/A,62
2026-02-11T23:17:29.000Z,0143,A12B26A0143,A12B26A0143,CASE-A,OK,Unknown,N/A,60
2026-02-11T23:15:38.000Z,0142,A12B26A0142,A12B26A0142,CASE-A,OK,Unknown,N/A,58
2026-02-11T23:14:03.000Z,0141,A12B26A0141,A12B26A0141,CASE-A,OK,Unknown,N/A,56
2026-02-11T23:11:39.000Z,0140,A12B26A0140,A12B26A0140,CASE-A,OK,Unknown,N/A,54
2026-02-11T23:09:59.000Z,0139,A12B26A0139,A12B26A0139,CASE-A,OK,Unknown,N/A,52
2026-02-11T23:08:22.000Z,0138,A12B26A0138,A12B26A0138,CASE-A,OK,Unknown,N/A,50
2026-02-11T23:06:30.000Z,0137,A12B26A0137,A12B26A0137,CASE-A,OK,Unknown,N/A,48
2026-02-11T23:05:01.000Z,0136,A12B26A0136,A12B26A0136,CASE-A,OK,Unknown,N/A,46
2026-02-11T23:03:24.000Z,0135,A12B26A0135,A12B26A0135,CASE-A,OK,Unknown,N/A,44
2026-02-11T23:01:43.000Z,0134,A12B26A0134,A12B26A0134,CASE-A,OK,Unknown,N/A,42
2026-02-11T23:00:09.000Z,0133,A12B26A0133,A12B26A0133,CASE-A,OK,Unknown,N/A,40
2026-02-11T22:58:36.000Z,0132,A12B26A0132,A12B26A0132,CASE-A,OK,Unknown,N/A,38
2026-02-11T22:50:32.000Z,0131,A12B26A0131,A12B26A0131,CASE-A,OK,Unknown,N/A,36
2026-02-11T22:48:57.000Z,0130,A12B26A0130,A12B26A0130,CASE-A,OK,Unknown,N/A,34
2026-02-11T22:46:36.000Z,0129,A12B26A0129,A12B26A0129,CASE-A,OK,Unknown,N/A,32
2026-02-11T22:43:22.000Z,0128,A12B26A0128,A12B26A0128,CASE-A,OK,Unknown,N/A,30
2026-02-11T22:41:03.000Z,0127,A12B26A0127,A12B26A0127,CASE-A,OK,Unknown,N/A,28
2026-02-11T22:39:26.000Z,0126,A12B26A0126,A12B26A0126,CASE-A,OK,Unknown,N/A,26
2026-02-11T22:37:33.000Z,0125,A12B26A0125,A12B26A0125,CASE-A,OK,Unknown,N/A,24
2026-02-11T22:35:41.000Z,0124,A12B26A0124,A12B26A0124,CASE-A,OK,Unknown,N/A,22
2026-02-11T22:33:21.000Z,0123,A12B26A0123,A12B26A0123,CASE-A,OK,Unknown,N/A,20
2026-02-11T22:32:02.000Z,0122,A12B26A0122,A12B26A0122,CASE-A,OK,Unknown,N/A,18
2026-02-11T22:30:41.000Z,0121,A12B26A0121,A12B26A0121,CASE-A,OK,Unknown,N/A,16
2026-02-11T22:29:01.000Z,0120,A12B26A0120,A12B26A0120,CASE-A,OK,Unknown,N/A,14
2026-02-11T22:27:38.000Z,0119,A12B26A0119,A12B26A0119,CASE-A,OK,Unknown,N/A,12
2026-02-11T22:26:16.000Z,0118,A12B26A0118,A12B26A0118,CASE-A,OK,Unknown,N/A,10
2026-02-11T22:24:55.000Z,0117,A12B26A0117,A12B26A0117,CASE-A,OK,Unknown,N/A,8
2026-02-11T22:23:30.000Z,0116,A12B26A0116,A12B26A0116,CASE-A,OK,Unknown,N/A,6
2026-02-11T22:22:13.000Z,0115,A12B26A0115,A12B26A0115,CASE-A,OK,Unknown,N/A,4
2026-02-11T22:16:59.000Z,0114,A12B26A0114,A12B26A0114,CASE-A,OK,Unknown,N/A,2
2026-02-11T22:11:13.000Z,0113,A12B26A0113,A12B26A0113,CASE-A,OK,Unknown,N/A,226
2026-02-11T22:09:12.000Z,0112,A12B26A0112,A12B26A0112,CASE-A,OK,Unknown,N/A,224
2026-02-11T22:06:13.000Z,0111,A12B26A0111,A12B26A0111,CASE-A,OK,Unknown,N/A,222
2026-02-11T22:04:04.000Z,0110,A12B26A0110,A12B26A0110,CASE-A,OK,Unknown,N/A,220
2026-02-11T22:00:09.000Z,0109,A12B26A0109,A12B26A0109,CASE-A,OK,Unknown,N/A,218
2026-02-11T21:58:42.000Z,0108,A12B26A0108,A12B26A0108,CASE-A,OK,Unknown,N/A,216
2026-02-11T21:57:49.000Z,0107,A12B26A0107,A12B26A0107,CASE-A,OK,Unknown,N/A,214
2026-02-11T21:55:01.000Z,0106,A12B26A0106,NG,CASE-A,NG,Unknown,N/A,212
2026-02-11T21:53:27.000Z,0105,A12B26A0105,A12B26A0105,CASE-A,OK,Unknown,N/A,210
2026-02-11T21:50:36.000Z,0104,A12B26A0104,A12B26A0104,CASE-A,OK,Unknown,N/A,208
2026-02-11T21:49:38.000Z,0103,A12B26A0103,A12B26A0103,CASE-A,OK,Unknown,N/A,206
2026-02-11T21:48:49.000Z,0102,A12B26A0102,A12B26A0102,CASE-A,OK,Unknown,N/A,204
2026-02-11T21:48:01.000Z,0101,A12B26A0101,A12B26A0101,CASE-A,OK,Unknown,N/A,202
2026-02-11T21:45:58.000Z,0100,A12B26A0100,NG,CASE-A,NG,Unknown,N/A,200
2026-02-11T21:44:46.000Z,0099,A12B26A0099,A12B26A0099,CASE-A,OK,Unknown,N/A,198
2026-02-11T21:43:44.000Z,0098,A12B26A0098,A12B26A0098,CASE-A,OK,Unknown,N/A,196
2026-02-11T21:41:24.000Z,0097,A12B26A0097,A12B26A0097,CASE-A,OK,Unknown,N/A,194
2026-02-11T21:40:07.000Z,0096,A12B26A0096,A12B26A0096,CASE-A,OK,Unknown,N/A,192
2026-02-11T21:38:51.000Z,0095,A12B26A0095,A12B26A0095,CASE-A,OK,Unknown,N/A,190
2026-02-11T21:36:57.000Z,0094,A12B26A0094,A12B26A0094,CASE-A,OK,Unknown,N/A,188
2026-02-11T21:35:57.000Z,0093,A12B26A0093,A12B26A0093,CASE-A,OK,Unknown,N/A,186
2026-02-11T21:34:22.000Z,0092,A12B26A0092,A12B26A0092,CASE-A,OK,Unknown,N/A,184
2026-02-11T21:33:09.000Z,0091,A12B26A0091,A12B26A0091,CASE-A,OK,Unknown,N/A,182
2026-02-11T21:30:29.000Z,0090,A12B26A0090,A12B26A0090,CASE-A,OK,Unknown,N/A,180
2026-02-11T21:27:11.000Z,0089,A12B26A0089,A12B26A0089,CASE-A,OK,Unknown,N/A,178
2026-02-11T21:26:11.000Z,0088,A12B26A0088,A12B26A0088,CASE-A,OK,Unknown,N/A,176
2026-02-11T21:24:53.000Z,0087,A12B26A0087,A12B26A0087,CASE-A,OK,Unknown,N/A,174
2026-02-11T21:24:02.000Z,0086,A12B26A0086,A12B26A0086,CASE-A,OK,Unknown,N/A,172
2026-02-11T21:22:24.000Z,0085,A12B26A0085,A12B26A0085,CASE-A,OK,Unknown,N/A,170
2026-02-11T21:20:58.000Z,0084,A12B26A0084,A12B26A0084,CASE-A,OK,Unknown,N/A,168
2026-02-11T21:18:58.000Z,0083,A12B26A0083,A12B26A0083,CASE-A,OK,Unknown,N/A,166
2026-02-11T21:17:26.000Z,0082,A12B26A0082,A12B26A0082,CASE-A,OK,Unknown,N/A,164
2026-02-11T21:15:52.000Z,0081,A12B26A0081,A12B26A0081,CASE-A,OK,Unknown,N/A,162
2026-02-11T21:14:01.000Z,0080,A12B26A0080,A12B26A0080,CASE-A,OK,Unknown,N/A,160
2026-02-11T21:12:30.000Z,0079,A12B26A0079,A12B26A0079,CASE-A,OK,Unknown,N/A,158
2026-02-11T21:11:21.000Z,0078,A12B26A0078,A12B26A0078,CASE-A,OK,Unknown,N/A,156
2026-02-11T21:10:04.000Z,0077,A12B26A0077,A12B26A0077,CASE-A,OK,Unknown,N/A,154
2026-02-11T21:08:26.000Z,0076,A12B26A0076,NG,CASE-A,NG,Unknown,N/A,152
2026-02-11T21:07:32.000Z,0075,A12B26A0075,A12B26A0075,CASE-A,OK,Unknown,N/A,150
2026-02-11T20:54:18.000Z,0074,A12B26A0074,A12B26A0074,CASE-A,OK,Unknown,N/A,148
2026-02-11T20:53:03.000Z,0073,A12B26A0073,A12B26A0073,CASE-A,OK,Unknown,N/A,146
2026-02-11T20:51:53.000Z,0072,A12B26A0072,A12B26A0072,CASE-A,OK,Unknown,N/A,144
2026-02-11T20:50:57.000Z,0071,A12B26A0071,A12B26A0071,CASE-A,OK,Unknown,N/A,142
2026-02-11T20:49:49.000Z,0070,A12B26A0070,A12B26A0070,CASE-A,OK,Unknown,N/A,140
2026-02-11T20:48:58.000Z,0069,A12B26A0069,A12B26A0069,CASE-A,OK,Unknown,N/A,138
2026-02-11T20:47:57.000Z,0068,A12B26A0068,A12B26A0068,CASE-A,OK,Unknown,N/A,136
2026-02-11T20:46:28.000Z,0067,A12B26A0067,A12B26A0067,CASE-A,OK,Unknown,N/A,134
2026-02-11T20:44:21.000Z,0066,A12B26A0066,A12B26A0066,CASE-A,OK,Unknown,N/A,132
2026-02-11T20:39:15.000Z,0065,A12B26A0065,A12B26A0065,CASE-A,OK,Unknown,N/A,130
2026-02-11T20:38:08.000Z,0064,A12B26A0064,A12B26A0064,CASE-A,OK,Unknown,N/A,128
2026-02-11T20:36:42.000Z,0063,A12B26A0063,A12B26A0063,CASE-A,OK,Unknown,N/A,126
2026-02-11T20:35:17.000Z,0062,A12B26A0062,A12B26A0062,CASE-A,OK,Unknown,N/A,124
2026-02-11T20:34:04.000Z,0061,A12B26A0061,A12B26A0061,CASE-A,OK,Unknown,N/A,122
2026-02-11T20:32:28.000Z,0060,A12B26A0060,A12B26A0060,CASE-A,OK,Unknown,N/A,120
2026-02-11T20:31:11.000Z,0059,A12B26A0059,A12B26A0059,CASE-A,OK,Unknown,N/A,118
2026-02-11T20:29:58.000Z,0058,A12B26A0058,A12B26A0058,CASE-A,OK,Unknown,N/A,116
2026-02-11T20:29:05.000Z,0057,A12B26A0057,A12B26A0057,CASE-A,OK,Unknown,N/A,114
2026-02-11T20:28:00.000Z,0056,A12B26A0056,A12B26A0056,CASE-A,OK,Unknown,N/A,112
2026-02-11T20:26:45.000Z,0055,A12B26A0055,A12B26A0055,CASE-A,OK,Unknown,N/A,110
2026-02-11T20:25:21.000Z,0054,A12B26A0054,A12B26A0054,CASE-A,OK,Unknown,N/A,108
2026-02-11T20:24:34.000Z,0053,A12B26A0053,A12B26A0053,CASE-A,OK,Unknown,N/A,106
2026-02-11T20:23:18.000Z,0052,A12B26A0052,A12B26A0052,CASE-A,OK,Unknown,N/A,104
2026-02-11T20:22:10.000Z,0051,A12B26A0051,A12B26A0051,CASE-A,OK,Unknown,N/A,102
2026-02-11T20:19:50.000Z,0050,A12B26A0050,A12B26A0050,CASE-A,OK,Unknown,N/A,100
2026-02-11T20:18:15.000Z,0049,A12B26A0049,A12B26A0049,CASE-A,OK,Unknown,N/A,98
2026-02-11T20:16:42.000Z,0048,A12B26A0048,A12B26A0048,CASE-A,OK,Unknown,N/A,96
2026-02-11T20:15:10.000Z,0047,A12B26A0047,A12B26A0047,CASE-A,OK,Unknown,N/A,94
2026-02-11T20:14:19.000Z,0046,A12B26A0046,A12B26A0046,CASE-A,OK,Unknown,N/A,92
2026-02-11T20:12:46.000Z,0045,A12B26A0045,A12B26A0045,CASE-A,OK,Unknown,N/A,90
2026-02-11T20:11:18.000Z,0044,A12B26A0044,NG,CASE-A,NG,Unknown,N/A,88
2026-02-11T20:10:10.000Z,0043,A12B26A0043,A12B26A0043,CASE-A,OK,Unknown,N/A,86
2026-02-11T20:08:39.000Z,0042,A12B26A0042,A12B26A0042,CASE-A,OK,Unknown,N/A,84
2026-02-11T20:07:36.000Z,0041,A12B26A0041,A12B26A0041,CASE-A,OK,Unknown,N/A,82
2026-02-11T20:06:28.000Z,0040,A12B26A0040,A12B26A0040,CASE-A,OK,Unknown,N/A,80
2026-02-11T20:04:38.000Z,0039,A12B26A0039,A12B26A0039,CASE-A,OK,Unknown,N/A,78
2026-02-11T20:03:30.000Z,0038,A12B26A0038,A12B26A0038,CASE-A,OK,Unknown,N/A,76
2026-02-11T20:01:28.000Z,0037,A12B26A0037,NG,CASE-A,NG,Unknown,N/A,74
2026-02-11T20:00:20.000Z,0036,A12B26A0036,NG,CASE-A,NG,Unknown,N/A,72
2026-02-11T19:59:27.000Z,0035,A12B26A0035,A12B26A0035,CASE-A,OK,Unknown,N/A,70
2026-02-11T19:57:30.000Z,0034,A12B26A0034,NG,CASE-A,NG,Unknown,N/A,68
2026-02-11T19:55:24.000Z,0033,A12B26A0033,A12B26A0033,CASE-A,OK,Unknown,N/A,66
2026-02-11T19:53:55.000Z,0032,A12B26A0032,NG,CASE-A,NG,Unknown,N/A,64
2026-02-11T19:52:48.000Z,0031,A12B26A0031,A12B26A0031,CASE-A,OK,Unknown,N/A,62
2026-02-11T19:51:54.000Z,0030,A12B26A0030,A12B26A0030,CASE-A,OK,Unknown,N/A,60
2026-02-11T19:49:19.000Z,0029,A12B26A0029,A12B26A0029,CASE-A,OK,Unknown,N/A,58
2026-02-11T19:48:18.000Z,0028,A12B26A0028,A12B26A0028,CASE-A,OK,Unknown,N/A,56
2026-02-11T19:47:19.000Z,0027,A12B26A0027,A12B26A0027,CASE-A,OK,Unknown,N/A,54
2026-02-11T19:46:06.000Z,0026,A12B26A0026,A12B26A0026,CASE-A,OK,Unknown,N/A,52
2026-02-11T19:45:29.000Z,0025,A12B26A0025,A12B26A0025,CASE-A,OK,Unknown,N/A,50
2026-02-11T19:44:53.000Z,0024,A12B26A0024,A12B26A0024,CASE-A,OK,Unknown,N/A,48
2026-02-11T19:44:10.000Z,0023,A12B26A0023,A12B26A0023,CASE-A,OK,Unknown,N/A,46
2026-02-11T19:43:21.000Z,0022,A12B26A0022,A12B26A0022,CASE-A,OK,Unknown,N/A,44
2026-02-11T19:42:46.000Z,0021,A12B26A0021,A12B26A0021,CASE-A,OK,Unknown,N/A,42
2026-02-11T19:41:18.000Z,0020,A12B26A0020,A12B26A0020,CASE-A,OK,Unknown,N/A,40
2026-02-11T19:40:42.000Z,0019,A12B26A0019,A12B26A0019,CASE-A,OK,Unknown,N/A,38
2026-02-11T19:39:53.000Z,0018,A12B26A0018,A12B26A0018,CASE-A,OK,Unknown,N/A,36
2026-02-11T19:39:18.000Z,0017,A12B26A0017,A12B26A0017,CASE-A,OK,Unknown,N/A,34
2026-02-11T19:38:43.000Z,0016,A12B26A0016,A12B26A0016,CASE-A,OK,Unknown,N/A,32
2026-02-11T19:37:58.000Z,0015,A12B26A0015,A12B26A0015,CASE-A,OK,Unknown,N/A,30
2026-02-11T19:36:55.000Z,0014,A12B26A0014,A12B26A0014,CASE-A,OK,Unknown,N/A,28
2026-02-11T19:36:19.000Z,0013,A12B26A0013,A12B26A0013,CASE-A,OK,Unknown,N/A,26
2026-02-11T19:35:39.000Z,0012,A12B26A0012,A12B26A0012,CASE-A,OK,Unknown,N/A,24
2026-02-11T19:34:42.000Z,0011,A12B26A0011,NG,CASE-A,NG,Unknown,N/A,22
2026-02-11T19:33:44.000Z,0010,A12B26A0010,NG,CASE-A,NG,Unknown,N/A,20
2026-02-11T19:32:54.000Z,0009,A12B26A0009,A12B26A0009,CASE-A,OK,Unknown,N/A,18
2026-02-11T19:32:17.000Z,0008,A12B26A0008,A12B26A0008,CASE-A,OK,Unknown,N/A,16
2026-02-11T19:30:33.000Z,0007,A12B26A0007,A12B26A0007,CASE-A,OK,Unknown,N/A,14
2026-02-11T19:26:22.000Z,0006,A12B26A0006,A12B26A0006,CASE-A,OK,Unknown,N/A,12
2026-02-11T19:25:30.000Z,0005,A12B26A0005,A12B26A0005,CASE-A,OK,Unknown,N/A,10
2026-02-11T19:24:38.000Z,0004,A12B26A0004,NG,CASE-A,NG,Unknown,N/A,8
2026-02-11T19:23:36.000Z,0003,A12B26A0003,A12B26A0003,CASE-A,OK,Unknown,N/A,6
2026-02-11T19:22:25.000Z,0002,A12B26A0002,NG,CASE-A,NG,Unknown,N/A,4
2026-02-11T19:22:13.000Z,0001,A12B26A0001,N/A,CASE-A,NG,Unknown,N/A,2
2026-02-11T13:43:58.000Z,0207,A11B26C0207,A11B26C0207,CASE-A,OK,Unknown,N/A,304
2026-02-11T13:43:04.000Z,0206,A11B26C0206,NG,CASE-A,NG,Unknown,N/A,302
2026-02-11T13:40:40.000Z,0205,A11B26C0205,NG,CASE-A,NG,Unknown,N/A,300
2026-02-11T07:09:39.000Z,0204,A11B26B0204,A11B26B0204,CASE-A,OK,Unknown,N/A,298
2026-02-11T07:08:41.000Z,0203,A11B26B0203,NG,CASE-A,NG,Unknown,N/A,296
2026-02-11T07:08:06.000Z,0202,A11B26B0202,NG,CASE-A,NG,Unknown,N/A,294
2026-02-11T06:12:49.000Z,0201,A11B26B0201,A11B26B0201,CASE-A,OK,Unknown,N/A,292
2026-02-11T05:58:06.000Z,0200,A11B26B0200,A11B26B0200,CASE-A,OK,Unknown,N/A,290
2026-02-11T05:43:59.000Z,0199,A11B26B0199,A11B26B0199,CASE-A,OK,Unknown,N/A,288
2026-02-11T05:42:30.000Z,0198,A11B26B0198,A11B26B0198,CASE-A,OK,Unknown,N/A,286
2026-02-11T05:41:00.000Z,0197,A11B26B0197,A11B26B0197,CASE-A,OK,Unknown,N/A,284
2026-02-11T05:39:37.000Z,0196,A11B26B0196,A11B26B0196,CASE-A,OK,Unknown,N/A,282
2026-02-11T05:38:05.000Z,0195,A11B26B0195,A11B26B0195,CASE-A,OK,Unknown,N/A,280
2026-02-11T05:36:12.000Z,0194,A11B26B0194,A11B26B0194,CASE-A,OK,Unknown,N/A,278
2026-02-11T05:32:39.000Z,0193,A11B26B0193,A11B26B0193,CASE-A,OK,Unknown,N/A,276
2026-02-11T05:30:46.000Z,0192,A11B26B0192,A11B26B0192,CASE-A,OK,Unknown,N/A,274
2026-02-11T05:29:15.000Z,0191,A11B26B0191,A11B26B0191,CASE-A,OK,Unknown,N/A,272
2026-02-11T05:27:27.000Z,0190,A11B26B0190,A11B26B0190,CASE-A,OK,Unknown,N/A,270
2026-02-11T05:23:44.000Z,0189,A11B26B0189,A11B26B0189,CASE-A,OK,Unknown,N/A,268
2026-02-11T05:21:23.000Z,0188,A11B26B0188,A11B26B0188,CASE-A,OK,Unknown,N/A,266
2026-02-11T05:19:38.000Z,0187,A11B26B0187,A11B26B0187,CASE-A,OK,Unknown,N/A,264
2026-02-11T05:18:08.000Z,0186,A11B26B0186,A11B26B0186,CASE-A,OK,Unknown,N/A,262
2026-02-11T05:16:30.000Z,0185,A11B26B0185,A11B26B0185,CASE-A,OK,Unknown,N/A,260
2026-02-11T05:14:23.000Z,0184,A11B26B0184,A11B26B0184,CASE-A,OK,Unknown,N/A,258
2026-02-11T05:12:41.000Z,0183,A11B26B0183,A11B26B0183,CASE-A,OK,Unknown,N/A,256
2026-02-11T05:11:01.000Z,0182,A11B26B0182,A11B26B0182,CASE-A,OK,Unknown,N/A,254
2026-02-11T05:09:38.000Z,0181,A11B26B0181,A11B26B0181,CASE-A,OK,Unknown,N/A,252
2026-02-11T05:07:52.000Z,0180,A11B26B0180,A11B26B0180,CASE-A,OK,Unknown,N/A,250
2026-02-11T05:05:54.000Z,0179,A11B26B0179,A11B26B0179,CASE-A,OK,Unknown,N/A,248
2026-02-11T05:04:11.000Z,0178,A11B26B0178,A11B26B0178,CASE-A,OK,Unknown,N/A,246
2026-02-11T05:02:55.000Z,0177,A11B26B0177,A11B26B0177,CASE-A,OK,Unknown,N/A,244
2026-02-11T05:01:13.000Z,0176,A11B26B0176,A11B26B0176,CASE-A,OK,Unknown,N/A,242
2026-02-11T05:00:00.000Z,0175,A11B26B0175,NG,CASE-A,NG,Unknown,N/A,240
2026-02-11T04:58:12.000Z,0174,A11B26B0174,A11B26B0174,CASE-A,OK,Unknown,N/A,238
2026-02-11T04:56:50.000Z,0173,A11B26B0173,A11B26B0173,CASE-A,OK,Unknown,N/A,236
2026-02-11T04:55:36.000Z,0172,A11B26B0172,A11B26B0172,CASE-A,OK,Unknown,N/A,234
2026-02-11T04:54:07.000Z,0171,A11B26B0171,A11B26B0171,CASE-A,OK,Unknown,N/A,232
2026-02-11T04:52:44.000Z,0170,A11B26B0170,A11B26B0170,CASE-A,OK,Unknown,N/A,230
2026-02-11T04:51:17.000Z,0169,A11B26B0169,A11B26B0169,CASE-A,OK,Unknown,N/A,228
2026-02-11T04:39:57.000Z,0168,A11B26B0168,A11B26B0168,CASE-A,OK,Unknown,N/A,226
2026-02-11T04:38:31.000Z,0167,A11B26B0167,A11B26B0167,CASE-A,OK,Unknown,N/A,224
2026-02-11T04:36:52.000Z,0166,A11B26B0166,A11B26B0166,CASE-A,OK,Unknown,N/A,222
2026-02-11T04:31:51.000Z,0165,A11B26B0165,A11B26B0165,CASE-A,OK,Unknown,N/A,220
2026-02-11T04:30:17.000Z,0164,A11B26B0164,A11B26B0164,CASE-A,OK,Unknown,N/A,218
2026-02-11T04:28:48.000Z,0163,A11B26B0163,NG,CASE-A,NG,Unknown,N/A,216
2026-02-11T04:27:13.000Z,0162,A11B26B0162,A11B26B0162,CASE-A,OK,Unknown,N/A,214
2026-02-11T04:25:36.000Z,0161,A11B26B0161,A11B26B0161,CASE-A,OK,Unknown,N/A,212
2026-02-11T04:22:22.000Z,0160,A11B26B0160,A11B26B0160,CASE-A,OK,Unknown,N/A,210
2026-02-11T04:20:50.000Z,0159,A11B26B0159,A11B26B0159,CASE-A,OK,Unknown,N/A,208
2026-02-11T04:19:40.000Z,0158,A11B26B0158,A11B26B0158,CASE-A,OK,Unknown,N/A,206
2026-02-11T04:17:54.000Z,0157,A11B26B0157,A11B26B0157,CASE-A,OK,Unknown,N/A,204
2026-02-11T04:16:21.000Z,0156,A11B26B0156,A11B26B0156,CASE-A,OK,Unknown,N/A,202
2026-02-11T04:14:32.000Z,0155,A11B26B0155,A11B26B0155,CASE-A,OK,Unknown,N/A,200
2026-02-11T04:13:10.000Z,0154,A11B26B0154,A11B26B0154,CASE-A,OK,Unknown,N/A,198
2026-02-11T04:11:35.000Z,0153,A11B26B0153,A11B26B0153,CASE-A,OK,Unknown,N/A,196
2026-02-11T04:10:10.000Z,0152,A11B26B0152,A11B26B0152,CASE-A,OK,Unknown,N/A,194
2026-02-11T04:07:19.000Z,0151,A11B26B0151,A11B26B0151,CASE-A,OK,Unknown,N/A,192
2026-02-11T04:05:01.000Z,0150,A11B26B0150,A11B26B0150,CASE-A,OK,Unknown,N/A,190
2026-02-11T04:02:42.000Z,0149,A11B26B0149,A11B26B0149,CASE-A,OK,Unknown,N/A,188
2026-02-11T04:01:18.000Z,0148,A11B26B0148,A11B26B0148,CASE-A,OK,Unknown,N/A,186
2026-02-11T03:59:08.000Z,0147,A11B26B0147,A11B26B0147,CASE-A,OK,Unknown,N/A,184
2026-02-11T03:57:12.000Z,0146,A11B26B0146,A11B26B0146,CASE-A,OK,Unknown,N/A,182
2026-02-11T03:55:02.000Z,0145,A11B26B0145,A11B26B0145,CASE-A,OK,Unknown,N/A,180
2026-02-11T03:53:23.000Z,0144,A11B26B0144,A11B26B0144,CASE-A,OK,Unknown,N/A,178
2026-02-11T03:52:04.000Z,0143,A11B26B0143,A11B26B0143,CASE-A,OK,Unknown,N/A,176
2026-02-11T03:49:57.000Z,0142,A11B26B0142,A11B26B0142,CASE-A,OK,Unknown,N/A,174
2026-02-11T03:48:48.000Z,0141,A11B26B0141,A11B26B0141,CASE-A,OK,Unknown,N/A,172
2026-02-11T03:47:24.000Z,0140,A11B26B0140,A11B26B0140,CASE-A,OK,Unknown,N/A,170
2026-02-11T03:45:43.000Z,0139,A11B26B0139,A11B26B0139,CASE-A,OK,Unknown,N/A,168
2026-02-11T03:43:49.000Z,0138,A11B26B0138,A11B26B0138,CASE-A,OK,Unknown,N/A,166
2026-02-11T03:42:35.000Z,0137,A11B26B0137,NG,CASE-A,NG,Unknown,N/A,164
2026-02-11T03:40:55.000Z,0136,A11B26B0136,A11B26B0136,CASE-A,OK,Unknown,N/A,162
2026-02-11T03:39:20.000Z,0135,A11B26B0135,A11B26B0135,CASE-A,OK,Unknown,N/A,160
2026-02-11T03:34:15.000Z,0134,A11B26B0134,A11B26B0134,CASE-A,OK,Unknown,N/A,158
2026-02-11T03:32:38.000Z,0133,A11B26B0133,A11B26B0133,CASE-A,OK,Unknown,N/A,156
2026-02-11T03:31:20.000Z,0132,A11B26B0132,A11B26B0132,CASE-A,OK,Unknown,N/A,154
2026-02-11T03:29:45.000Z,0131,A11B26B0131,A11B26B0131,CASE-A,OK,Unknown,N/A,152
2026-02-11T03:25:06.000Z,0130,A11B26B0130,A11B26B0130,CASE-A,OK,Unknown,N/A,150
2026-02-11T03:23:31.000Z,0129,A11B26B0129,A11B26B0129,CASE-A,OK,Unknown,N/A,148
2026-02-11T03:21:31.000Z,0128,A11B26B0128,A11B26B0128,CASE-A,OK,Unknown,N/A,146
2026-02-11T03:19:55.000Z,0127,A11B26B0127,A11B26B0127,CASE-A,OK,Unknown,N/A,144
2026-02-11T03:17:30.000Z,0126,A11B26B0126,A11B26B0126,CASE-A,OK,Unknown,N/A,142
2026-02-11T03:12:27.000Z,0125,A11B26B0125,NG,CASE-A,NG,Unknown,N/A,140
2026-02-11T03:10:36.000Z,0124,A11B26B0124,A11B26B0124,CASE-A,OK,Unknown,N/A,138
2026-02-11T03:08:39.000Z,0123,A11B26B0123,A11B26B0123,CASE-A,OK,Unknown,N/A,136
2026-02-11T03:06:46.000Z,0122,A11B26B0122,A11B26B0122,CASE-A,OK,Unknown,N/A,134
2026-02-11T02:55:21.000Z,0121,A11B26A0121,A11B26A0121,CASE-A,OK,Unknown,N/A,132
2026-02-11T02:53:49.000Z,0120,A11B26A0120,A11B26A0120,CASE-A,OK,Unknown,N/A,130
2026-02-11T02:52:11.000Z,0119,A11B26A0119,A11B26A0119,CASE-A,OK,Unknown,N/A,128
2026-02-11T02:50:41.000Z,0118,A11B26A0118,A11B26A0118,CASE-A,OK,Unknown,N/A,126
2026-02-11T02:49:02.000Z,0117,A11B26A0117,A11B26A0117,CASE-A,OK,Unknown,N/A,124
2026-02-11T02:47:32.000Z,0116,A11B26A0116,A11B26A0116,CASE-A,OK,Unknown,N/A,122
2026-02-11T02:46:11.000Z,0115,A11B26A0115,A11B26A0115,CASE-A,OK,Unknown,N/A,120
2026-02-11T02:19:05.000Z,0114,A11B26A0114,A11B26A0114,CASE-A,OK,Unknown,N/A,118
2026-02-11T02:17:10.000Z,0113,A11B26A0113,A11B26A0113,CASE-A,OK,Unknown,N/A,116
2026-02-11T02:15:29.000Z,0112,A11B26A0112,A11B26A0112,CASE-A,OK,Unknown,N/A,114
2026-02-11T02:13:39.000Z,0111,A11B26A0111,A11B26A0111,CASE-A,OK,Unknown,N/A,112
2026-02-11T02:11:22.000Z,0110,A11B26A0110,A11B26A0110,CASE-A,OK,Unknown,N/A,110
2026-02-11T02:08:32.000Z,0109,A11B26A0109,A11B26A0109,CASE-A,OK,Unknown,N/A,108
2026-02-11T02:06:23.000Z,0108,A11B26A0108,A11B26A0108,CASE-A,OK,Unknown,N/A,106
2026-02-11T02:03:45.000Z,0107,A11B26A0107,A11B26A0107,CASE-A,OK,Unknown,N/A,104
2026-02-11T01:34:57.000Z,0106,A11B26A0106,A11B26A0106,CASE-A,OK,Unknown,N/A,102
2026-02-11T01:33:00.000Z,0105,A11B26A0105,A11B26A0105,CASE-A,OK,Unknown,N/A,100
2026-02-11T01:31:14.000Z,0104,A11B26A0104,A11B26A0104,CASE-A,OK,Unknown,N/A,98
2026-02-11T01:29:46.000Z,0103,A11B26A0103,A11B26A0103,CASE-A,OK,Unknown,N/A,96
2026-02-11T01:28:00.000Z,0102,A11B26A0102,A11B26A0102,CASE-A,OK,Unknown,N/A,94
2026-02-11T01:26:04.000Z,0101,A11B26A0101,A11B26A0101,CASE-A,OK,Unknown,N/A,92
2026-02-11T01:24:15.000Z,0100,A11B26A0100,NG,CASE-A,NG,Unknown,N/A,90
2026-02-11T01:20:49.000Z,0099,A11B26A0099,A11B26A0099,CASE-A,OK,Unknown,N/A,88
2026-02-11T01:18:47.000Z,0098,A11B26A0098,A11B26A0098,CASE-A,OK,Unknown,N/A,86
2026-02-11T01:16:00.000Z,0097,A11B26A0097,A11B26A0097,CASE-A,OK,Unknown,N/A,84
2026-02-11T01:13:39.000Z,0096,A11B26A0096,A11B26A0096,CASE-A,OK,Unknown,N/A,82
2026-02-11T01:11:38.000Z,0095,A11B26A0095,A11B26A0095,CASE-A,OK,Unknown,N/A,80
2026-02-11T01:09:37.000Z,0094,A11B26A0094,A11B26A0094,CASE-A,OK,Unknown,N/A,78
2026-02-11T01:05:11.000Z,0093,A11B26A0093,A11B26A0093,CASE-A,OK,Unknown,N/A,76
2026-02-11T01:03:41.000Z,0092,A11B26A0092,A11B26A0092,CASE-A,OK,Unknown,N/A,74
2026-02-11T00:59:26.000Z,0091,A11B26A0091,A11B26A0091,CASE-A,OK,Unknown,N/A,72
2026-02-11T00:56:12.000Z,0090,A11B26A0090,A11B26A0090,CASE-A,OK,Unknown,N/A,70
2026-02-11T00:54:06.000Z,0089,A11B26A0089,A11B26A0089,CASE-A,OK,Unknown,N/A,68
2026-02-11T00:51:43.000Z,0088,A11B26A0088,A11B26A0088,CASE-A,OK,Unknown,N/A,66
2026-02-11T00:49:49.000Z,0087,A11B26A0087,A11B26A0087,CASE-A,OK,Unknown,N/A,64
2026-02-11T00:47:49.000Z,0086,A11B26A0086,A11B26A0086,CASE-A,OK,Unknown,N/A,62
2026-02-11T00:45:59.000Z,0085,A11B26A0085,A11B26A0085,CASE-A,OK,Unknown,N/A,60
2026-02-11T00:43:37.000Z,0084,A11B26A0084,A11B26A0084,CASE-A,OK,Unknown,N/A,58
2026-02-11T00:41:49.000Z,0083,A11B26A0083,A11B26A0083,CASE-A,OK,Unknown,N/A,56
2026-02-11T00:39:30.000Z,0082,A11B26A0082,A11B26A0082,CASE-A,OK,Unknown,N/A,54
2026-02-11T00:34:38.000Z,0081,A11B26A0081,A11B26A0081,CASE-A,OK,Unknown,N/A,52
2026-02-10T23:49:22.000Z,0080,A11B26A0080,A11B26A0080,CASE-A,OK,Unknown,N/A,50
2026-02-10T23:46:19.000Z,0079,A11B26A0079,A11B26A0079,CASE-A,OK,Unknown,N/A,48
2026-02-10T23:44:34.000Z,0078,A11B26A0078,A11B26A0078,CASE-A,OK,Unknown,N/A,46
2026-02-10T23:41:55.000Z,0077,A11B26A0077,A11B26A0077,CASE-A,OK,Unknown,N/A,44
2026-02-10T23:39:28.000Z,0076,A11B26A0076,A11B26A0076,CASE-A,OK,Unknown,N/A,42
2026-02-10T23:31:01.000Z,0075,A11B26A0075,A11B26A0075,CASE-A,OK,Unknown,N/A,40
2026-02-10T23:29:36.000Z,0074,A11B26A0074,A11B26A0074,CASE-A,OK,Unknown,N/A,38
2026-02-10T23:27:17.000Z,0073,A11B26A0073,A11B26A0073,CASE-A,OK,Unknown,N/A,36
2026-02-10T23:23:47.000Z,0072,A11B26A0072,A11B26A0072,CASE-A,OK,Unknown,N/A,34
2026-02-10T23:22:06.000Z,0071,A11B26A0071,A11B26A0071,CASE-A,OK,Unknown,N/A,32
2026-02-10T23:20:39.000Z,0070,A11B26A0070,A11B26A0070,CASE-A,OK,Unknown,N/A,30
2026-02-10T23:19:03.000Z,0069,A11B26A0069,A11B26A0069,CASE-A,OK,Unknown,N/A,28
2026-02-10T23:15:51.000Z,0068,A11B26A0068,A11B26A0068,CASE-A,OK,Unknown,N/A,26
2026-02-10T23:14:44.000Z,0067,A11B26A0067,A11B26A0067,CASE-A,OK,Unknown,N/A,24
2026-02-10T23:12:38.000Z,0066,A11B26A0066,A11B26A0066,CASE-A,OK,Unknown,N/A,22
2026-02-10T23:10:00.000Z,0065,A11B26A0065,A11B26A0065,CASE-A,OK,Unknown,N/A,20
2026-02-10T23:07:14.000Z,0064,A11B26A0064,A11B26A0064,CASE-A,OK,Unknown,N/A,18
2026-02-10T23:05:47.000Z,0063,A11B26A0063,A11B26A0063,CASE-A,OK,Unknown,N/A,16
2026-02-10T23:04:28.000Z,0062,A11B26A0062,A11B26A0062,CASE-A,OK,Unknown,N/A,14
2026-02-10T23:03:05.000Z,0061,A11B26A0061,A11B26A0061,CASE-A,OK,Unknown,N/A,12
2026-02-10T23:01:53.000Z,0060,A11B26A0060,A11B26A0060,CASE-A,OK,Unknown,N/A,10
2026-02-10T23:00:36.000Z,0059,A11B26A0059,A11B26A0059,CASE-A,OK,Unknown,N/A,8
2026-02-10T22:57:46.000Z,0058,A11B26A0058,A11B26A0058,CASE-A,OK,Unknown,N/A,6
2026-02-10T22:57:01.000Z,0057,A11B26A0057,A11B26A0057,CASE-A,OK,Unknown,N/A,4
2026-02-10T22:56:22.000Z,0056,A11B26A0056,NG,CASE-A,NG,Unknown,N/A,2
2026-02-10T22:51:00.000Z,0055,A11B26A0055,N/A,CASE-A,N/A,Unknown,N/A,219
2026-02-10T22:50:01.000Z,0054,A11B26A0054,A11B26A0054,CASE-A,OK,Unknown,N/A,218
2026-02-10T22:48:45.000Z,0053,A11B26A0053,A11B26A0053,CASE-A,OK,Unknown,N/A,216
2026-02-10T22:47:24.000Z,0052,A11B26A0052,A11B26A0052,CASE-A,OK,Unknown,N/A,214
2026-02-10T22:46:02.000Z,0051,A11B26A0051,A11B26A0051,CASE-A,OK,Unknown,N/A,212
2026-02-10T22:44:30.000Z,0050,A11B26A0050,A11B26A0050,CASE-A,OK,Unknown,N/A,210
2026-02-10T22:41:47.000Z,0049,A11B26A0049,A11B26A0049,CASE-A,OK,Unknown,N/A,208
2026-02-10T22:39:39.000Z,0048,A11B26A0048,A11B26A0048,CASE-A,OK,Unknown,N/A,206
2026-02-10T22:38:15.000Z,0047,A11B26A0047,A11B26A0047,CASE-A,OK,Unknown,N/A,204
2026-02-10T22:36:54.000Z,0046,A11B26A0046,A11B26A0046,CASE-A,OK,Unknown,N/A,202
2026-02-10T22:34:04.000Z,0045,A11B26A0045,A11B26A0045,CASE-A,OK,Unknown,N/A,200
2026-02-10T22:32:41.000Z,0044,A11B26A0044,A11B26A0044,CASE-A,OK,Unknown,N/A,198
2026-02-10T22:31:00.000Z,0043,A11B26A0043,A11B26A0043,CASE-A,OK,Unknown,N/A,196
2026-02-10T22:29:30.000Z,0042,A11B26A0042,A11B26A0042,CASE-A,OK,Unknown,N/A,194
2026-02-10T22:27:18.000Z,0041,A11B26A0041,A11B26A0041,CASE-A,OK,Unknown,N/A,192
2026-02-10T22:23:55.000Z,0040,A11B26A0040,A11B26A0040,CASE-A,OK,Unknown,N/A,190
2026-02-10T22:22:21.000Z,0039,A11B26A0039,A11B26A0039,CASE-A,OK,Unknown,N/A,188
2026-02-10T22:20:25.000Z,0038,A11B26A0038,A11B26A0038,CASE-A,OK,Unknown,N/A,186
2026-02-10T22:18:37.000Z,0037,A11B26A0037,A11B26A0037,CASE-A,OK,Unknown,N/A,184
2026-02-10T22:15:45.000Z,0036,A11B26A0036,A11B26A0036,CASE-A,OK,Unknown,N/A,182
2026-02-10T22:14:00.000Z,0035,A11B26A0035,A11B26A0035,CASE-A,OK,Unknown,N/A,180
2026-02-10T22:12:07.000Z,0034,A11B26A0034,A11B26A0034,CASE-A,OK,Unknown,N/A,178
2026-02-10T22:10:17.000Z,0033,A11B26A0033,A11B26A0033,CASE-A,OK,Unknown,N/A,176
2026-02-10T22:08:31.000Z,0032,A11B26A0032,A11B26A0032,CASE-A,OK,Unknown,N/A,174
2026-02-10T22:05:35.000Z,0031,A11B26A0031,A11B26A0031,CASE-A,OK,Unknown,N/A,172
2026-02-10T22:02:25.000Z,0030,A11B26A0030,A11B26A0030,CASE-A,OK,Unknown,N/A,170
2026-02-10T22:00:26.000Z,0029,A11B26A0029,A11B26A0029,CASE-A,OK,Unknown,N/A,168
2026-02-10T21:58:51.000Z,0028,A11B26A0028,A11B26A0028,CASE-A,OK,Unknown,N/A,166
2026-02-10T21:57:06.000Z,0027,A11B26A0027,A11B26A0027,CASE-A,OK,Unknown,N/A,164
2026-02-10T21:54:48.000Z,0026,A11B26A0026,A11B26A0026,CASE-A,OK,Unknown,N/A,162
2026-02-10T21:49:17.000Z,0025,A11B26A0025,A11B26A0025,CASE-A,OK,Unknown,N/A,160
2026-02-10T21:46:56.000Z,0024,A11B26A0024,A11B26A0024,CASE-A,OK,Unknown,N/A,158
2026-02-10T21:45:12.000Z,0023,A11B26A0023,A11B26A0023,CASE-A,OK,Unknown,N/A,156
2026-02-10T21:42:50.000Z,0022,A11B26A0022,A11B26A0022,CASE-A,OK,Unknown,N/A,154
2026-02-10T21:40:57.000Z,0021,A11B26A0021,A11B26A0021,CASE-A,OK,Unknown,N/A,152
2026-02-10T21:39:02.000Z,0020,A11B26A0020,A11B26A0020,CASE-A,OK,Unknown,N/A,150
2026-02-10T21:37:27.000Z,0019,A11B26A0019,NG,CASE-A,NG,Unknown,N/A,148
2026-02-10T21:35:29.000Z,0018,A11B26A0018,A11B26A0018,CASE-A,OK,Unknown,N/A,146
2026-02-10T21:33:50.000Z,0017,A11B26A0017,A11B26A0017,CASE-A,OK,Unknown,N/A,144
2026-02-10T21:32:13.000Z,0016,A11B26A0016,A11B26A0016,CASE-A,OK,Unknown,N/A,142
2026-02-10T21:29:30.000Z,0015,A11B26A0015,NG,CASE-A,NG,Unknown,N/A,140
2026-02-10T21:26:45.000Z,0014,A11B26A0014,A11B26A0014,CASE-A,OK,Unknown,N/A,138
2026-02-10T20:50:51.000Z,0013,A11B26A0013,A11B26A0013,CASE-A,OK,Unknown,N/A,136
2026-02-10T20:48:11.000Z,0012,A11B26A0012,A11B26A0012,CASE-A,OK,Unknown,N/A,134
2026-02-10T20:44:46.000Z,0011,A11B26A0011,A11B26A0011,CASE-A,OK,Unknown,N/A,132
2026-02-10T20:31:41.000Z,0010,A11B26A0010,A11B26A0010,CASE-A,OK,Unknown,N/A,130
2026-02-10T20:02:16.000Z,0009,A11B26A0009,A11B26A0009,CASE-A,OK,Unknown,N/A,128
2026-02-10T19:59:23.000Z,0008,A11B26A0008,A11B26A0008,CASE-A,OK,Unknown,N/A,126
2026-02-10T19:56:43.000Z,0007,A11B26A0007,A11B26A0007,CASE-A,OK,Unknown,N/A,124
2026-02-10T19:30:55.000Z,0006,A11B26A0006,A11B26A0006,CASE-A,OK,Unknown,N/A,122
2026-02-10T19:29:13.000Z,0005,A11B26A0005,A11B26A0005,CASE-A,OK,Unknown,N/A,120
2026-02-10T19:27:50.000Z,0004,A11B26A0004,A11B26A0004,CASE-A,OK,Unknown,N/A,118
2026-02-10T19:25:51.000Z,0003,A11B26A0003,A11B26A0003,CASE-A,OK,Unknown,N/A,116
2026-02-10T19:23:50.000Z,0002,A11B26A0002,A11B26A0002,CASE-A,OK,Unknown,N/A,114
2026-02-10T19:21:42.000Z,0001,A11B26A0001,A11B26A0001,CASE-A,OK,Unknown,N/A,112
2026-02-10T05:45:47.000Z,0084,A10B26B0084,A10B26B0084,CASE-A,OK,Unknown,N/A,110
2026-02-10T05:17:43.000Z,0083,A10B26B0083,A10B26B0083,CASE-A,OK,Unknown,N/A,108
2026-02-10T05:05:50.000Z,0082,A10B26B0082,A10B26B0082,CASE-A,OK,Unknown,N/A,106
2026-02-10T05:04:09.000Z,0081,A10B26B0081,A10B26B0081,CASE-A,OK,Unknown,N/A,104
2026-02-10T05:01:43.000Z,0080,A10B26B0080,A10B26B0080,CASE-A,OK,Unknown,N/A,102
2026-02-10T04:59:57.000Z,0079,A10B26B0079,A10B26B0079,CASE-A,OK,Unknown,N/A,100
2026-02-10T04:58:39.000Z,0078,A10B26B0078,A10B26B0078,CASE-A,OK,Unknown,N/A,98
2026-02-10T04:56:58.000Z,0077,A10B26B0077,A10B26B0077,CASE-A,OK,Unknown,N/A,96
2026-02-10T04:46:17.000Z,0076,A10B26B0076,A10B26B0076,CASE-A,OK,Unknown,N/A,94
2026-02-10T04:31:00.000Z,0075,A10B26B0075,A10B26B0075,CASE-A,OK,Unknown,N/A,92
2026-02-10T04:29:13.000Z,0074,A10B26B0074,A10B26B0074,CASE-A,OK,Unknown,N/A,90
2026-02-10T04:24:36.000Z,0073,A10B26B0073,A10B26B0073,CASE-A,OK,Unknown,N/A,88
2026-02-10T04:22:29.000Z,0072,A10B26B0072,A10B26B0072,CASE-A,OK,Unknown,N/A,86
2026-02-10T04:20:47.000Z,0071,A10B26B0071,A10B26B0071,CASE-A,OK,Unknown,N/A,84
2026-02-10T04:19:02.000Z,0070,A10B26B0070,A10B26B0070,CASE-A,OK,Unknown,N/A,82
2026-02-10T04:03:26.000Z,0069,A10B26B0069,A10B26B0069,CASE-A,OK,Unknown,N/A,80
2026-02-10T04:02:46.000Z,0068,A10B26B0068,A10B26B0068,CASE-A,OK,Unknown,N/A,78
2026-02-10T04:01:05.000Z,0067,A10B26B0067,A10B26B0067,CASE-A,OK,Unknown,N/A,76
2026-02-10T03:59:15.000Z,0066,A10B26B0066,A10B26B0066,CASE-A,OK,Unknown,N/A,74
2026-02-10T03:57:35.000Z,0065,A10B26B0065,A10B26B0065,CASE-A,OK,Unknown,N/A,72
2026-02-10T03:55:46.000Z,0064,A10B26B0064,A10B26B0064,CASE-A,OK,Unknown,N/A,70
2026-02-10T03:54:09.000Z,0063,A10B26B0063,A10B26B0063,CASE-A,OK,Unknown,N/A,68
2026-02-10T03:31:48.000Z,0062,A10B26B0062,A10B26B0062,CASE-A,OK,Unknown,N/A,66
2026-02-10T03:30:14.000Z,0061,A10B26B0061,A10B26B0061,CASE-A,OK,Unknown,N/A,64
2026-02-10T03:25:34.000Z,0060,A10B26B0060,NG,CASE-A,NG,Unknown,N/A,62
2026-02-10T03:22:12.000Z,0059,A10B26B0059,A10B26B0059,CASE-A,OK,Unknown,N/A,60
2026-02-10T03:19:53.000Z,0058,A10B26B0058,A10B26B0058,CASE-A,OK,Unknown,N/A,58
2026-02-10T03:17:58.000Z,0057,A10B26B0057,A10B26B0057,CASE-A,OK,Unknown,N/A,56
2026-02-10T03:04:58.000Z,0056,A10B26B0056,A10B26B0056,CASE-A,OK,Unknown,N/A,54
2026-02-10T03:01:25.000Z,0055,A10B26B0055,A10B26B0055,CASE-A,OK,Unknown,N/A,52
2026-02-10T02:54:37.000Z,0054,A10B26A0054,A10B26A0054,CASE-A,OK,Unknown,N/A,50
2026-02-10T02:52:29.000Z,0053,A10B26A0053,A10B26A0053,CASE-A,OK,Unknown,N/A,48
2026-02-10T02:50:38.000Z,0052,A10B26A0052,A10B26A0052,CASE-A,OK,Unknown,N/A,46
2026-02-10T02:38:29.000Z,0051,A10B26A0051,A10B26A0051,CASE-A,OK,Unknown,N/A,44
2026-02-10T02:26:28.000Z,0050,A10B26A0050,A10B26A0050,CASE-A,OK,Unknown,N/A,42
2026-02-10T02:24:35.000Z,0049,A10B26A0049,A10B26A0049,CASE-A,OK,Unknown,N/A,40
2026-02-10T02:19:23.000Z,0048,A10B26A0048,A10B26A0048,CASE-A,OK,Unknown,N/A,38
2026-02-10T02:17:36.000Z,0047,A10B26A0047,A10B26A0047,CASE-A,OK,Unknown,N/A,36
2026-02-10T02:10:18.000Z,0046,A10B26A0046,A10B26A0046,CASE-A,OK,Unknown,N/A,34
2026-02-10T02:08:31.000Z,0045,A10B26A0045,A10B26A0045,CASE-A,OK,Unknown,N/A,32
2026-02-10T02:03:21.000Z,0044,A10B26A0044,A10B26A0044,CASE-A,OK,Unknown,N/A,30
2026-02-10T02:00:32.000Z,0043,A10B26A0043,NG,CASE-A,NG,Unknown,N/A,28
2026-02-10T01:58:41.000Z,0042,A10B26A0042,A10B26A0042,CASE-A,OK,Unknown,N/A,26
2026-02-10T01:56:50.000Z,0041,A10B26A0041,A10B26A0041,CASE-A,OK,Unknown,N/A,24
2026-02-10T01:53:51.000Z,0040,A10B26A0040,A10B26A0040,CASE-A,OK,Unknown,N/A,22
2026-02-10T01:52:10.000Z,0039,A10B26A0039,A10B26A0039,CASE-A,OK,Unknown,N/A,20
2026-02-10T01:50:20.000Z,0038,A10B26A0038,A10B26A0038,CASE-A,OK,Unknown,N/A,18
2026-02-10T01:43:26.000Z,0037,A10B26A0037,A10B26A0037,CASE-A,OK,Unknown,N/A,16
2026-02-10T01:40:02.000Z,0036,A10B26A0036,A10B26A0036,CASE-A,OK,Unknown,N/A,14
2026-02-10T01:35:18.000Z,0035,A10B26A0035,A10B26A0035,CASE-A,OK,Unknown,N/A,12
2026-02-10T01:26:19.000Z,0034,A10B26A0034,A10B26A0034,CASE-A,OK,Unknown,N/A,10
2026-02-10T01:21:55.000Z,0033,A10B26A0033,A10B26A0033,CASE-A,OK,Unknown,N/A,8
2026-02-10T01:17:55.000Z,0032,A10B26A0032,A10B26A0032,CASE-A,OK,Unknown,N/A,6
2026-02-10T01:16:46.000Z,0031,A10B26A0031,A10B26A0031,CASE-A,OK,Unknown,N/A,4
2026-02-10T01:15:18.000Z,0030,A10B26A0030,A10B26A0030,CASE-A,OK,Unknown,N/A,2
2026-02-10T00:07:01.000Z,0029,A10B26A0029,A10B26A0029,CASE-A,OK,Unknown,N/A,62
2026-02-10T00:05:31.000Z,0028,A10B26A0028,A10B26A0028,CASE-A,OK,Unknown,N/A,60
2026-02-10T00:03:55.000Z,0027,A10B26A0027,A10B26A0027,CASE-A,OK,Unknown,N/A,58
2026-02-10T00:02:37.000Z,0026,A10B26A0026,A10B26A0026,CASE-A,OK,Unknown,N/A,56
2026-02-10T00:00:44.000Z,0025,A10B26A0025,A10B26A0025,CASE-A,OK,Unknown,N/A,54
2026-02-09T23:54:42.000Z,0024,A10B26A0024,A10B26A0024,CASE-A,OK,Unknown,N/A,52
2026-02-09T23:50:27.000Z,0023,A10B26A0023,A10B26A0023,CASE-A,OK,Unknown,N/A,50
2026-02-09T23:49:32.000Z,0022,A10B26A0022,A10B26A0022,CASE-A,OK,Unknown,N/A,48
2026-02-09T23:48:30.000Z,0021,A10B26A0021,A10B26A0021,CASE-A,OK,Unknown,N/A,46
2026-02-09T23:47:14.000Z,0020,A10B26A0020,A10B26A0020,CASE-A,OK,Unknown,N/A,44
2026-02-09T23:45:47.000Z,0019,A10B26A0019,A10B26A0019,CASE-A,OK,Unknown,N/A,42
2026-02-09T23:44:59.000Z,0018,A10B26A0018,NG,CASE-A,NG,Unknown,N/A,40
2026-02-09T23:19:50.000Z,0017,A10B26A0017,A10B26A0017,CASE-A,OK,Unknown,N/A,38
2026-02-09T23:18:30.000Z,0016,A10B26A0016,A10B26A0016,CASE-A,OK,Unknown,N/A,36
2026-02-09T23:17:31.000Z,0015,A10B26A0015,A10B26A0015,CASE-A,OK,Unknown,N/A,34
2026-02-09T23:16:19.000Z,0014,A10B26A0014,A10B26A0014,CASE-A,OK,Unknown,N/A,32
2026-02-09T23:14:57.000Z,0013,A10B26A0013,A10B26A0013,CASE-A,OK,Unknown,N/A,30
2026-02-09T22:49:32.000Z,0012,A10B26A0012,A10B26A0012,CASE-A,OK,Unknown,N/A,28
2026-02-09T22:36:51.000Z,0011,A10B26A0011,A10B26A0011,CASE-A,OK,Unknown,N/A,26
2026-02-09T22:24:34.000Z,0010,A10B26A0010,A10B26A0010,CASE-A,OK,Unknown,N/A,24
2026-02-09T22:20:28.000Z,0009,A10B26A0009,A10B26A0009,CASE-A,OK,Unknown,N/A,22
2026-02-09T22:12:01.000Z,0008,A10B26A0008,A10B26A0008,CASE-A,OK,Unknown,N/A,20
2026-02-09T21:34:31.000Z,0007,A10B26A0007,A10B26A0007,CASE-A,OK,Unknown,N/A,18
2026-02-09T20:29:11.000Z,0006,A10B26A0006,A10B26A0006,CASE-A,OK,Unknown,N/A,16
2026-02-09T19:54:08.000Z,0005,A10B26A0005,A10B26A0005,CASE-A,OK,Unknown,N/A,14
2026-02-09T19:44:03.000Z,0004,A10B26A0004,A10B26A0004,CASE-A,OK,Unknown,N/A,12
2026-02-09T19:37:38.000Z,0003,A10B26A0003,A10B26A0003,CASE-A,OK,Unknown,N/A,10
2026-02-09T19:06:25.000Z,0002,A10B26A0002,A10B26A0002,CASE-A,OK,Unknown,N/A,8
2026-02-09T18:59:53.000Z,0001,A10B26A0001,A10B26A0001,CASE-A,OK,Unknown,N/A,6
2026-02-09T06:45:41.000Z,0011,A09B26B0011,A09B26B0011,CASE-A,OK,Unknown,N/A,4
2026-02-09T05:42:26.000Z,0010,A09B26B0010,A09B26B0010,CASE-A,OK,Unknown,N/A,2
2026-02-08T23:27:02.000Z,0009,A09B26A0009,N/A,CASE-A,NG,Unknown,N/A,18
2026-02-08T20:58:23.000Z,0008,A09B26A0008,A09B26A0008,CASE-A,OK,Unknown,N/A,16
2026-02-08T20:57:08.000Z,0007,A09B26A0007,A09B26A0007,CASE-A,OK,Unknown,N/A,14
2026-02-08T20:55:31.000Z,0006,A09B26A0006,A09B26A0006,CASE-A,OK,Unknown,N/A,12
2026-02-08T20:53:55.000Z,0005,A09B26A0005,A09B26A0005,CASE-A,OK,Unknown,N/A,10
2026-02-08T20:19:39.000Z,0004,A09B26A0004,A09B26A0004,CASE-A,OK,Unknown,N/A,8
2026-02-08T19:47:52.000Z,0003,A09B26A0003,A09B26A0003,CASE-A,OK,Unknown,N/A,6
2026-02-08T19:29:53.000Z,0002,A09B26A0002,A09B26A0002,CASE-A,OK,Unknown,N/A,4
2026-02-08T18:55:01.000Z,0001,A09B26A0001,A09B26A0001,CASE-A,OK,Unknown,N/A,2
2026-02-07T05:06:02.000Z,0038,A07B26B0038,A07B26B0038,CASE-A,OK,Unknown,N/A,76
2026-02-07T05:04:58.000Z,0037,A07B26B0037,A07B26B0037,CASE-A,OK,Unknown,N/A,74
2026-02-07T04:38:54.000Z,0036,A07B26B0036,A07B26B0036,CASE-A,OK,Unknown,N/A,72
2026-02-07T04:37:07.000Z,0035,A07B26B0035,A07B26B0035,CASE-A,OK,Unknown,N/A,70
2026-02-07T04:34:23.000Z,0034,A07B26B0034,A07B26B0034,CASE-A,OK,Unknown,N/A,68
2026-02-07T04:30:04.000Z,0033,A07B26B0033,A07B26B0033,CASE-A,OK,Unknown,N/A,66
2026-02-07T04:25:13.000Z,0032,A07B26B0032,A07B26B0032,CASE-A,OK,Unknown,N/A,64
2026-02-07T04:21:53.000Z,0031,A07B26B0031,A07B26B0031,CASE-A,OK,Unknown,N/A,62
2026-02-07T04:20:50.000Z,0030,A07B26B0030,A07B26B0030,CASE-A,OK,Unknown,N/A,60
2026-02-07T04:17:47.000Z,0029,A07B26B0029,A07B26B0029,CASE-A,OK,Unknown,N/A,58
2026-02-07T04:16:56.000Z,0028,A07B26B0028,A07B26B0028,CASE-A,OK,Unknown,N/A,56
2026-02-07T04:13:38.000Z,0027,A07B26B0027,A07B26B0027,CASE-A,OK,Unknown,N/A,54
2026-02-07T04:12:36.000Z,0026,A07B26B0026,A07B26B0026,CASE-A,OK,Unknown,N/A,52
2026-02-07T03:51:27.000Z,0025,A07B26B0025,A07B26B0025,CASE-A,OK,Unknown,N/A,50
2026-02-07T03:50:33.000Z,0024,A07B26B0024,A07B26B0024,CASE-A,OK,Unknown,N/A,48
2026-02-07T03:49:33.000Z,0023,A07B26B0023,A07B26B0023,CASE-A,OK,Unknown,N/A,46
2026-02-07T03:46:45.000Z,0022,A07B26B0022,NG,CASE-A,NG,Unknown,N/A,44
2026-02-07T03:43:23.000Z,0021,A07B26B0021,A07B26B0021,CASE-A,OK,Unknown,N/A,42
2026-02-07T02:33:58.000Z,0020,A07B26A0020,A07B26A0020,CASE-A,OK,Unknown,N/A,40
2026-02-07T02:32:50.000Z,0019,A07B26A0019,A07B26A0019,CASE-A,OK,Unknown,N/A,38
2026-02-07T02:29:26.000Z,0018,A07B26A0018,A07B26A0018,CASE-A,OK,Unknown,N/A,36
2026-02-07T02:28:05.000Z,0017,A07B26A0017,A07B26A0017,CASE-A,OK,Unknown,N/A,34
2026-02-07T02:25:02.000Z,0016,A07B26A0016,A07B26A0016,CASE-A,OK,Unknown,N/A,32
2026-02-07T02:00:49.000Z,0015,A07B26A0015,A07B26A0015,CASE-A,OK,Unknown,N/A,30
2026-02-07T01:58:37.000Z,0014,A07B26A0014,A07B26A0014,CASE-A,OK,Unknown,N/A,28
2026-02-07T01:54:39.000Z,0013,A07B26A0013,A07B26A0013,CASE-A,OK,Unknown,N/A,26
2026-02-07T01:51:29.000Z,0012,A07B26A0012,A07B26A0012,CASE-A,OK,Unknown,N/A,24
2026-02-07T01:44:19.000Z,0011,A07B26A0011,NG,CASE-A,NG,Unknown,N/A,22
2026-02-07T01:42:50.000Z,0010,A07B26A0010,A07B26A0010,CASE-A,OK,Unknown,N/A,20
2026-02-07T01:28:07.000Z,0009,A07B26A0009,A07B26A0009,CASE-A,OK,Unknown,N/A,18
2026-02-07T01:26:54.000Z,0008,A07B26A0008,A07B26A0008,CASE-A,OK,Unknown,N/A,16
2026-02-07T01:23:13.000Z,0007,A07B26A0007,A07B26A0007,CASE-A,OK,Unknown,N/A,14
2026-02-07T01:21:03.000Z,0006,A07B26A0006,A07B26A0006,CASE-A,OK,Unknown,N/A,12
2026-02-07T01:08:16.000Z,0005,A07B26A0005,A07B26A0005,CASE-A,OK,Unknown,N/A,10
2026-02-07T01:06:23.000Z,0004,A07B26A0004,NG,CASE-A,NG,Unknown,N/A,8
2026-02-07T01:05:03.000Z,0003,A07B26A0003,A07B26A0003,CASE-A,OK,Unknown,N/A,6
2026-02-07T01:02:59.000Z,0002,A07B26A0002,A07B26A0002,CASE-A,OK,Unknown,N/A,4
2026-02-07T00:39:41.000Z,0001,A07B26A0001,A07B26A0001,CASE-A,OK,Unknown,N/A,2
2026-02-05T23:40:20.000Z,0004,A06B26A0004,A06B26A0004,CASE-A,OK,Unknown,N/A,8
2026-02-05T23:22:08.000Z,0003,A06B26A0003,A06B26A0003,CASE-A,OK,Unknown,N/A,6
2026-02-05T23:21:34.000Z,0002,A06B26A0002,NG,CASE-A,NG,Unknown,N/A,4
2026-02-05T23:18:47.000Z,0001,A06B26A0001,A06B26A0001,CASE-A,OK,Unknown,N/A,2
2026-02-04T21:53:19.000Z,0004,A05B26A0004,A05B26A0004,CASE-A,OK,Unknown,N/A,302
2026-02-04T19:34:17.000Z,0003,A05B26A0003,A05B26A0003,CASE-A,OK,Unknown,N/A,300
2026-02-04T19:30:01.000Z,0002,A05B26A0002,A05B26A0002,CASE-A,OK,Unknown,N/A,298
2026-02-04T19:25:49.000Z,0001,A05B26A0001,A05B26A0001,CASE-A,OK,Unknown,N/A,296
2026-02-04T16:19:54.000Z,0154,A04B26C0154,A04B26C0154,CASE-A,OK,Unknown,N/A,294
2026-02-04T15:57:22.000Z,0153,A04B26C0153,A04B26C0153,CASE-A,OK,Unknown,N/A,292
2026-02-04T14:31:40.000Z,0152,A04B26C0152,A04B26C0152,CASE-A,OK,Unknown,N/A,290
2026-02-04T14:30:47.000Z,0151,A04B26C0151,A04B26C0151,CASE-A,OK,Unknown,N/A,288
2026-02-04T14:29:42.000Z,0150,A04B26C0150,A04B26C0150,CASE-A,OK,Unknown,N/A,286
2026-02-04T14:28:40.000Z,0149,A04B26C0149,A04B26C0149,CASE-A,OK,Unknown,N/A,284
2026-02-04T14:27:35.000Z,0148,A04B26C0148,A04B26C0148,CASE-A,OK,Unknown,N/A,282
2026-02-04T14:18:54.000Z,0147,A04B26C0147,A04B26C0147,CASE-A,OK,Unknown,N/A,280
2026-02-04T14:17:20.000Z,0146,A04B26C0146,A04B26C0146,CASE-A,OK,Unknown,N/A,278
2026-02-04T14:16:02.000Z,0145,A04B26C0145,A04B26C0145,CASE-A,OK,Unknown,N/A,276
2026-02-04T14:14:53.000Z,0144,A04B26C0144,A04B26C0144,CASE-A,OK,Unknown,N/A,274
2026-02-04T14:13:53.000Z,0143,A04B26C0143,A04B26C0143,CASE-A,OK,Unknown,N/A,272
2026-02-04T14:10:46.000Z,0142,A04B26C0142,A04B26C0142,CASE-A,OK,Unknown,N/A,270
2026-02-04T14:09:15.000Z,0141,A04B26C0141,A04B26C0141,CASE-A,OK,Unknown,N/A,268
2026-02-04T14:08:25.000Z,0140,A04B26C0140,A04B26C0140,CASE-A,OK,Unknown,N/A,266
2026-02-04T14:07:02.000Z,0139,A04B26C0139,A04B26C0139,CASE-A,OK,Unknown,N/A,264
2026-02-04T14:02:31.000Z,0138,A04B26C0138,NG,CASE-A,NG,Unknown,N/A,262
2026-02-04T13:59:13.000Z,0137,A04B26C0137,A04B26C0137,CASE-A,OK,Unknown,N/A,260
2026-02-04T13:58:01.000Z,0136,A04B26C0136,A04B26C0136,CASE-A,OK,Unknown,N/A,258
2026-02-04T13:56:03.000Z,0135,A04B26C0135,A04B26C0135,CASE-A,OK,Unknown,N/A,256
2026-02-04T13:48:43.000Z,0134,A04B26C0134,A04B26C0134,CASE-A,OK,Unknown,N/A,254
2026-02-04T13:47:04.000Z,0133,A04B26C0133,A04B26C0133,CASE-A,OK,Unknown,N/A,252
2026-02-04T13:44:46.000Z,0132,A04B26C0132,A04B26C0132,CASE-A,OK,Unknown,N/A,250
2026-02-04T13:42:05.000Z,0131,A04B26C0131,A04B26C0131,CASE-A,OK,Unknown,N/A,248
2026-02-04T13:40:50.000Z,0130,A04B26C0130,A04B26C0130,CASE-A,OK,Unknown,N/A,246
2026-02-04T13:39:30.000Z,0129,A04B26C0129,A04B26C0129,CASE-A,OK,Unknown,N/A,244
2026-02-04T13:38:08.000Z,0128,A04B26C0128,A04B26C0128,CASE-A,OK,Unknown,N/A,242
2026-02-04T13:36:43.000Z,0127,A04B26C0127,A04B26C0127,CASE-A,OK,Unknown,N/A,240
2026-02-04T13:35:09.000Z,0126,A04B26C0126,A04B26C0126,CASE-A,OK,Unknown,N/A,238
2026-02-04T13:32:08.000Z,0125,A04B26C0125,A04B26C0125,CASE-A,OK,Unknown,N/A,236
2026-02-04T13:30:36.000Z,0124,A04B26C0124,A04B26C0124,CASE-A,OK,Unknown,N/A,234
2026-02-04T13:28:56.000Z,0123,A04B26C0123,A04B26C0123,CASE-A,OK,Unknown,N/A,232
2026-02-04T13:27:05.000Z,0122,A04B26C0122,A04B26C0122,CASE-A,OK,Unknown,N/A,230
2026-02-04T13:24:36.000Z,0121,A04B26C0121,A04B26C0121,CASE-A,OK,Unknown,N/A,228
2026-02-04T13:15:32.000Z,0120,A04B26C0120,A04B26C0120,CASE-A,OK,Unknown,N/A,226
2026-02-04T13:13:40.000Z,0119,A04B26C0119,A04B26C0119,CASE-A,OK,Unknown,N/A,224
2026-02-04T12:51:29.000Z,0118,A04B26C0118,A04B26C0118,CASE-A,OK,Unknown,N/A,222
2026-02-04T12:08:06.000Z,0117,A04B26C0117,A04B26C0117,CASE-A,OK,Unknown,N/A,220
2026-02-04T12:01:47.000Z,0116,A04B26C0116,A04B26C0116,CASE-A,OK,Unknown,N/A,218
2026-02-04T11:24:48.000Z,0115,A04B26B0115,A04B26B0115,CASE-A,OK,Unknown,N/A,216
2026-02-04T11:17:13.000Z,0114,A04B26B0114,A04B26B0114,CASE-A,OK,Unknown,N/A,214
2026-02-04T11:16:34.000Z,0113,A04B26B0113,A04B26B0113,CASE-A,OK,Unknown,N/A,212
2026-02-04T11:15:53.000Z,0112,A04B26B0112,A04B26B0112,CASE-A,OK,Unknown,N/A,210
2026-02-04T11:15:08.000Z,0111,A04B26B0111,A04B26B0111,CASE-A,OK,Unknown,N/A,208
2026-02-04T11:14:19.000Z,0110,A04B26B0110,A04B26B0110,CASE-A,OK,Unknown,N/A,206
2026-02-04T11:13:37.000Z,0109,A04B26B0109,A04B26B0109,CASE-A,OK,Unknown,N/A,204
2026-02-04T11:12:35.000Z,0108,A04B26B0108,A04B26B0108,CASE-A,OK,Unknown,N/A,202
2026-02-04T11:09:52.000Z,0107,A04B26B0107,A04B26B0107,CASE-A,OK,Unknown,N/A,200
2026-02-04T10:52:44.000Z,0106,A04B26B0106,A04B26B0106,CASE-A,OK,Unknown,N/A,198
2026-02-04T10:45:44.000Z,0105,A04B26B0105,A04B26B0105,CASE-A,OK,Unknown,N/A,196
2026-02-04T10:36:07.000Z,0104,A04B26B0104,A04B26B0104,CASE-A,OK,Unknown,N/A,194
2026-02-04T10:31:17.000Z,0103,A04B26B0103,A04B26B0103,CASE-A,OK,Unknown,N/A,192
2026-02-04T10:27:02.000Z,0102,A04B26B0102,A04B26B0102,CASE-A,OK,Unknown,N/A,190
2026-02-04T10:24:34.000Z,0101,A04B26B0101,A04B26B0101,CASE-A,OK,Unknown,N/A,188
2026-02-04T10:10:26.000Z,0100,A04B26B0100,A04B26B0100,CASE-A,OK,Unknown,N/A,186
2026-02-04T09:58:10.000Z,0099,A04B26B0099,A04B26B0099,CASE-A,OK,Unknown,N/A,184
2026-02-04T09:57:01.000Z,0098,A04B26B0098,A04B26B0098,CASE-A,OK,Unknown,N/A,182
2026-02-04T09:31:24.000Z,0097,A04B26B0097,A04B26B0097,CASE-A,OK,Unknown,N/A,180
2026-02-04T09:29:21.000Z,0096,A04B26B0096,A04B26B0096,CASE-A,OK,Unknown,N/A,178
2026-02-04T09:17:49.000Z,0095,A04B26B0095,A04B26B0095,CASE-A,OK,Unknown,N/A,176
2026-02-04T09:16:55.000Z,0094,A04B26B0094,A04B26B0094,CASE-A,OK,Unknown,N/A,174
2026-02-04T08:59:53.000Z,0093,A04B26B0093,A04B26B0093,CASE-A,OK,Unknown,N/A,172
2026-02-04T08:57:02.000Z,0092,A04B26B0092,A04B26B0092,CASE-A,OK,Unknown,N/A,170
2026-02-04T08:56:16.000Z,0091,A04B26B0091,A04B26B0091,CASE-A,OK,Unknown,N/A,168
2026-02-04T08:52:34.000Z,0090,A04B26B0090,A04B26B0090,CASE-A,OK,Unknown,N/A,166
2026-02-04T08:51:37.000Z,0089,A04B26B0089,A04B26B0089,CASE-A,OK,Unknown,N/A,164
2026-02-04T08:45:23.000Z,0088,A04B26B0088,A04B26B0088,CASE-A,OK,Unknown,N/A,162
2026-02-04T08:36:04.000Z,0087,A04B26B0087,A04B26B0087,CASE-A,OK,Unknown,N/A,160
2026-02-04T08:35:14.000Z,0086,A04B26B0086,A04B26B0086,CASE-A,OK,Unknown,N/A,158
2026-02-04T08:29:49.000Z,0085,A04B26B0085,A04B26B0085,CASE-A,OK,Unknown,N/A,156
2026-02-04T08:27:53.000Z,0084,A04B26B0084,A04B26B0084,CASE-A,OK,Unknown,N/A,154
2026-02-04T08:27:00.000Z,0083,A04B26B0083,NG,CASE-A,NG,Unknown,N/A,152
2026-02-04T08:17:08.000Z,0082,A04B26B0082,A04B26B0082,CASE-A,OK,Unknown,N/A,150
2026-02-04T07:53:36.000Z,0081,A04B26B0081,A04B26B0081,CASE-A,OK,Unknown,N/A,148
2026-02-04T07:52:19.000Z,0080,A04B26B0080,A04B26B0080,CASE-A,OK,Unknown,N/A,146
2026-02-04T07:48:44.000Z,0079,A04B26B0079,A04B26B0079,CASE-A,OK,Unknown,N/A,144
2026-02-04T07:45:32.000Z,0078,A04B26B0078,A04B26B0078,CASE-A,OK,Unknown,N/A,142
2026-02-04T07:40:42.000Z,0077,A04B26B0077,A04B26B0077,CASE-A,OK,Unknown,N/A,140
2026-02-04T07:39:38.000Z,0076,A04B26B0076,A04B26B0076,CASE-A,OK,Unknown,N/A,138
2026-02-04T07:38:31.000Z,0075,A04B26B0075,A04B26B0075,CASE-A,OK,Unknown,N/A,136
2026-02-04T07:37:22.000Z,0074,A04B26B0074,A04B26B0074,CASE-A,OK,Unknown,N/A,134
2026-02-04T07:34:43.000Z,0073,A04B26B0073,A04B26B0073,CASE-A,OK,Unknown,N/A,132
2026-02-04T07:33:39.000Z,0072,A04B26B0072,A04B26B0072,CASE-A,OK,Unknown,N/A,130
2026-02-04T07:32:23.000Z,0071,A04B26B0071,A04B26B0071,CASE-A,OK,Unknown,N/A,128
2026-02-04T07:31:13.000Z,0070,A04B26B0070,A04B26B0070,CASE-A,OK,Unknown,N/A,126
2026-02-04T07:17:38.000Z,0069,A04B26B0069,A04B26B0069,CASE-A,OK,Unknown,N/A,124
2026-02-04T07:14:40.000Z,0068,A04B26B0068,A04B26B0068,CASE-A,OK,Unknown,N/A,122
2026-02-04T07:11:06.000Z,0067,A04B26B0067,A04B26B0067,CASE-A,OK,Unknown,N/A,120
2026-02-04T07:09:05.000Z,0066,A04B26B0066,A04B26B0066,CASE-A,OK,Unknown,N/A,118
2026-02-04T07:07:56.000Z,0065,A04B26B0065,A04B26B0065,CASE-A,OK,Unknown,N/A,116
2026-02-04T06:54:01.000Z,0064,A04B26B0064,A04B26B0064,CASE-A,OK,Unknown,N/A,114
2026-02-04T06:49:00.000Z,0063,A04B26B0063,NG,CASE-A,NG,Unknown,N/A,112
2026-02-04T06:43:26.000Z,0062,A04B26B0062,A04B26B0062,CASE-A,OK,Unknown,N/A,110
2026-02-04T06:35:06.000Z,0061,A04B26B0061,NG,CASE-A,NG,Unknown,N/A,108
2026-02-04T06:31:20.000Z,0060,A04B26B0060,A04B26B0060,CASE-A,OK,Unknown,N/A,106
2026-02-04T06:28:46.000Z,0059,A04B26B0059,A04B26B0059,CASE-A,OK,Unknown,N/A,104
2026-02-04T06:23:57.000Z,0058,A04B26B0058,A04B26B0058,CASE-A,OK,Unknown,N/A,102
2026-02-04T06:14:10.000Z,0057,A04B26B0057,A04B26B0057,CASE-A,OK,Unknown,N/A,100
2026-02-04T06:07:03.000Z,0056,A04B26B0056,NG,CASE-A,NG,Unknown,N/A,98
2026-02-04T05:45:35.000Z,0055,A04B26B0055,A04B26B0055,CASE-A,OK,Unknown,N/A,96
2026-02-04T05:44:24.000Z,0054,A04B26B0054,A04B26B0054,CASE-A,OK,Unknown,N/A,94
2026-02-04T05:43:41.000Z,0053,A04B26B0053,A04B26B0053,CASE-A,OK,Unknown,N/A,92
2026-02-04T05:23:58.000Z,0052,A04B26B0052,A04B26B0052,CASE-A,OK,Unknown,N/A,90
2026-02-04T05:23:04.000Z,0051,A04B26B0051,A04B26B0051,CASE-A,OK,Unknown,N/A,88
2026-02-04T05:21:05.000Z,0050,A04B26B0050,A04B26B0050,CASE-A,OK,Unknown,N/A,86
2026-02-04T05:20:04.000Z,0049,A04B26B0049,NG,CASE-A,NG,Unknown,N/A,84
2026-02-04T05:18:53.000Z,0048,A04B26B0048,A04B26B0048,CASE-A,OK,Unknown,N/A,82
2026-02-04T05:12:49.000Z,0047,A04B26B0047,A04B26B0047,CASE-A,OK,Unknown,N/A,80
2026-02-04T05:08:39.000Z,0046,A04B26B0046,A04B26B0046,CASE-A,OK,Unknown,N/A,78
2026-02-04T05:00:46.000Z,0045,A04B26B0045,A04B26B0045,CASE-A,OK,Unknown,N/A,76
2026-02-04T04:58:32.000Z,0044,A04B26B0044,NG,CASE-A,NG,Unknown,N/A,74
2026-02-04T04:56:20.000Z,0043,A04B26B0043,A04B26B0043,CASE-A,OK,Unknown,N/A,72
2026-02-04T04:09:02.000Z,0042,A04B26B0042,A04B26B0042,CASE-A,OK,Unknown,N/A,70
2026-02-04T04:08:17.000Z,0041,A04B26B0041,A04B26B0041,CASE-A,OK,Unknown,N/A,68
2026-02-04T03:54:34.000Z,0040,A04B26B0040,A04B26B0040,CASE-A,OK,Unknown,N/A,66
2026-02-04T03:52:10.000Z,0039,A04B26B0039,A04B26B0039,CASE-A,OK,Unknown,N/A,64
2026-02-04T03:51:07.000Z,0038,A04B26B0038,A04B26B0038,CASE-A,OK,Unknown,N/A,62
2026-02-04T03:32:45.000Z,0037,A04B26B0037,A04B26B0037,CASE-A,OK,Unknown,N/A,60
2026-02-04T03:28:03.000Z,0036,A04B26B0036,A04B26B0036,CASE-A,OK,Unknown,N/A,58
2026-02-04T02:44:15.000Z,0035,A04B26A0035,A04B26A0035,CASE-A,OK,Unknown,N/A,56
2026-02-04T02:42:46.000Z,0034,A04B26A0034,A04B26A0034,CASE-A,OK,Unknown,N/A,54
2026-02-04T02:40:58.000Z,0033,A04B26A0033,A04B26A0033,CASE-A,OK,Unknown,N/A,52
2026-02-04T02:36:27.000Z,0032,A04B26A0032,A04B26A0032,CASE-A,OK,Unknown,N/A,50
2026-02-04T02:34:51.000Z,0031,A04B26A0031,A04B26A0031,CASE-A,OK,Unknown,N/A,48
2026-02-04T01:45:05.000Z,0030,A04B26A0030,A04B26A0030,CASE-A,OK,Unknown,N/A,46
2026-02-04T01:44:01.000Z,0029,A04B26A0029,A04B26A0029,CASE-A,OK,Unknown,N/A,44
2026-02-04T01:42:41.000Z,0028,A04B26A0028,A04B26A0028,CASE-A,OK,Unknown,N/A,42
2026-02-04T01:41:27.000Z,0027,A04B26A0027,A04B26A0027,CASE-A,OK,Unknown,N/A,40
2026-02-04T01:40:14.000Z,0026,A04B26A0026,A04B26A0026,CASE-A,OK,Unknown,N/A,38
2026-02-04T01:38:29.000Z,0025,A04B26A0025,A04B26A0025,CASE-A,OK,Unknown,N/A,36
2026-02-04T01:36:41.000Z,0024,A04B26A0024,A04B26A0024,CASE-A,OK,Unknown,N/A,34
2026-02-04T01:35:34.000Z,0023,A04B26A0023,A04B26A0023,CASE-A,OK,Unknown,N/A,32
2026-02-04T01:34:25.000Z,0022,A04B26A0022,A04B26A0022,CASE-A,OK,Unknown,N/A,30
2026-02-04T01:33:20.000Z,0021,A04B26A0021,A04B26A0021,CASE-A,OK,Unknown,N/A,28
2026-02-04T01:32:07.000Z,0020,A04B26A0020,A04B26A0020,CASE-A,OK,Unknown,N/A,26
2026-02-04T01:30:54.000Z,0019,A04B26A0019,A04B26A0019,CASE-A,OK,Unknown,N/A,24
2026-02-04T01:26:55.000Z,0018,A04B26A0018,NG,CASE-A,NG,Unknown,N/A,22
2026-02-04T01:25:42.000Z,0017,A04B26A0017,A04B26A0017,CASE-A,OK,Unknown,N/A,20
2026-02-04T01:23:57.000Z,0016,A04B26A0016,A04B26A0016,CASE-A,OK,Unknown,N/A,18
2026-02-04T00:58:24.000Z,0015,A04B26A0015,A04B26A0015,CASE-A,OK,Unknown,N/A,16
2026-02-04T00:57:00.000Z,0014,A04B26A0014,A04B26A0014,CASE-A,OK,Unknown,N/A,14
2026-02-04T00:55:29.000Z,0013,A04B26A0013,A04B26A0013,CASE-A,OK,Unknown,N/A,12
2026-02-04T00:53:51.000Z,0012,A04B26A0012,A04B26A0012,CASE-A,OK,Unknown,N/A,10
2026-02-04T00:52:06.000Z,0011,A04B26A0011,A04B26A0011,CASE-A,OK,Unknown,N/A,8
2026-02-04T00:49:10.000Z,0010,A04B26A0010,A04B26A0010,CASE-A,OK,Unknown,N/A,6
2026-02-04T00:47:18.000Z,0009,A04B26A0009,A04B26A0009,CASE-A,OK,Unknown,N/A,4
2026-02-04T00:43:56.000Z,0008,A04B26A0008,A04B26A0008,CASE-A,OK,Unknown,N/A,2
2026-02-03T23:08:54.000Z,0007,A04B26A0007,A04B26A0007,CASE-A,OK,Unknown,N/A,14
2026-02-03T22:38:21.000Z,0006,A04B26A0006,A04B26A0006,CASE-A,OK,Unknown,N/A,12
2026-02-03T22:37:48.000Z,0005,A04B26A0005,NG,CASE-A,NG,Unknown,N/A,10
2026-02-03T21:51:30.000Z,0004,A04B26A0004,A04B26A0004,CASE-A,OK,Unknown,N/A,8
2026-02-03T19:56:48.000Z,0003,A04B26A0003,A04B26A0003,CASE-A,OK,Unknown,N/A,6
2026-02-03T19:31:59.000Z,0002,A04B26A0002,A04B26A0002,CASE-A,OK,Unknown,N/A,4
2026-02-03T19:30:02.000Z,0001,A04B26A0001,A04B26A0001,CASE-A,OK,Unknown,N/A,2
2026-02-03T11:31:16.000Z,0089,A03B26C0089,A03B26C0089,CASE-A,OK,Unknown,N/A,64
2026-02-03T11:27:41.000Z,0088,A03B26B0088,A03B26B0088,CASE-A,OK,Unknown,N/A,62
2026-02-03T11:25:49.000Z,0087,A03B26B0087,A03B26B0087,CASE-A,OK,Unknown,N/A,60
2026-02-03T11:24:29.000Z,0086,A03B26B0086,NG,CASE-A,NG,Unknown,N/A,58
2026-02-03T11:04:38.000Z,0085,A03B26B0085,A03B26B0085,CASE-A,OK,Unknown,N/A,56
2026-02-03T11:02:41.000Z,0084,A03B26B0084,A03B26B0084,CASE-A,OK,Unknown,N/A,54
2026-02-03T11:01:01.000Z,0083,A03B26B0083,A03B26B0083,CASE-A,OK,Unknown,N/A,52
2026-02-03T10:59:10.000Z,0082,A03B26B0082,A03B26B0082,CASE-A,OK,Unknown,N/A,50
2026-02-03T10:57:24.000Z,0081,A03B26B0081,A03B26B0081,CASE-A,OK,Unknown,N/A,48
2026-02-03T10:55:05.000Z,0080,A03B26B0080,A03B26B0080,CASE-A,OK,Unknown,N/A,46
2026-02-03T10:03:03.000Z,0079,A03B26B0079,A03B26B0079,CASE-A,OK,Unknown,N/A,44
2026-02-03T09:57:47.000Z,0078,A03B26B0078,A03B26B0078,CASE-A,OK,Unknown,N/A,42
2026-02-03T09:52:19.000Z,0077,A03B26B0077,A03B26B0077,CASE-A,OK,Unknown,N/A,40
2026-02-03T09:49:37.000Z,0076,A03B26B0076,A03B26B0076,CASE-A,OK,Unknown,N/A,38
2026-02-03T09:46:40.000Z,0075,A03B26B0075,A03B26B0075,CASE-A,OK,Unknown,N/A,36
2026-02-03T09:38:25.000Z,0074,A03B26B0074,A03B26B0074,CASE-A,OK,Unknown,N/A,34
2026-02-03T09:35:39.000Z,0073,A03B26B0073,A03B26B0073,CASE-A,OK,Unknown,N/A,32
2026-02-03T09:32:18.000Z,0072,A03B26B0072,A03B26B0072,CASE-A,OK,Unknown,N/A,30
2026-02-03T09:30:13.000Z,0071,A03B26B0071,A03B26B0071,CASE-A,OK,Unknown,N/A,28
2026-02-03T09:27:53.000Z,0070,A03B26B0070,A03B26B0070,CASE-A,OK,Unknown,N/A,26
2026-02-03T09:25:48.000Z,0069,A03B26B0069,A03B26B0069,CASE-A,OK,Unknown,N/A,24
2026-02-03T09:23:06.000Z,0068,A03B26B0068,A03B26B0068,CASE-A,OK,Unknown,N/A,22
2026-02-03T09:19:34.000Z,0067,A03B26B0067,A03B26B0067,CASE-A,OK,Unknown,N/A,20
2026-02-03T09:16:54.000Z,0066,A03B26B0066,A03B26B0066,CASE-A,OK,Unknown,N/A,18
2026-02-03T09:15:05.000Z,0065,A03B26B0065,A03B26B0065,CASE-A,OK,Unknown,N/A,16
2026-02-03T09:12:57.000Z,0064,A03B26B0064,A03B26B0064,CASE-A,OK,Unknown,N/A,14
2026-02-03T09:10:34.000Z,0063,A03B26B0063,A03B26B0063,CASE-A,OK,Unknown,N/A,12
2026-02-03T09:07:32.000Z,0062,A03B26B0062,A03B26B0062,CASE-A,OK,Unknown,N/A,10
2026-02-03T09:05:46.000Z,0061,A03B26B0061,A03B26B0061,CASE-A,OK,Unknown,N/A,8
2026-02-03T08:11:56.000Z,0060,A03B26B0060,A03B26B0060,CASE-A,OK,Unknown,N/A,6
2026-02-03T08:10:09.000Z,0059,A03B26B0059,A03B26B0059,CASE-A,OK,Unknown,N/A,4
2026-02-03T08:08:08.000Z,0058,A03B26B0058,A03B26B0058,CASE-A,OK,Unknown,N/A,2
2026-02-03T07:44:46.000Z,0057,A03B26B0057,A03B26B0057,CASE-A,OK,Unknown,N/A,80
2026-02-03T07:41:56.000Z,0056,A03B26B0056,A03B26B0056,CASE-A,OK,Unknown,N/A,78
2026-02-03T07:40:28.000Z,0055,A03B26B0055,A03B26B0055,CASE-A,OK,Unknown,N/A,76
2026-02-03T07:36:28.000Z,0054,A03B26B0054,A03B26B0054,CASE-A,OK,Unknown,N/A,74
2026-02-03T07:34:20.000Z,0053,A03B26B0053,A03B26B0053,CASE-A,OK,Unknown,N/A,72
2026-02-03T07:25:20.000Z,0052,A03B26B0052,A03B26B0052,CASE-A,OK,Unknown,N/A,70
2026-02-03T07:23:34.000Z,0051,A03B26B0051,A03B26B0051,CASE-A,OK,Unknown,N/A,68
2026-02-03T07:18:02.000Z,0050,A03B26B0050,A03B26B0050,CASE-A,OK,Unknown,N/A,66
2026-02-03T07:16:38.000Z,0049,A03B26B0049,A03B26B0049,CASE-A,OK,Unknown,N/A,64
2026-02-03T07:15:20.000Z,0048,A03B26B0048,A03B26B0048,CASE-A,OK,Unknown,N/A,62
2026-02-03T07:13:47.000Z,0047,A03B26B0047,A03B26B0047,CASE-A,OK,Unknown,N/A,60
2026-02-03T07:11:49.000Z,0046,A03B26B0046,A03B26B0046,CASE-A,OK,Unknown,N/A,58
2026-02-03T07:10:15.000Z,0045,A03B26B0045,A03B26B0045,CASE-A,OK,Unknown,N/A,56
2026-02-03T07:08:53.000Z,0044,A03B26B0044,A03B26B0044,CASE-A,OK,Unknown,N/A,54
2026-02-03T07:07:08.000Z,0043,A03B26B0043,A03B26B0043,CASE-A,OK,Unknown,N/A,52
2026-02-03T07:05:14.000Z,0042,A03B26B0042,A03B26B0042,CASE-A,OK,Unknown,N/A,50
2026-02-03T07:03:08.000Z,0041,A03B26B0041,A03B26B0041,CASE-A,OK,Unknown,N/A,48
2026-02-03T07:01:37.000Z,0040,A03B26B0040,A03B26B0040,CASE-A,OK,Unknown,N/A,46
2026-02-03T05:06:33.000Z,0039,A03B26B0039,A03B26B0039,CASE-A,OK,Unknown,N/A,44
2026-02-03T04:01:04.000Z,0038,A03B26B0038,A03B26B0038,CASE-A,OK,Unknown,N/A,42
2026-02-03T03:59:31.000Z,0037,A03B26B0037,A03B26B0037,CASE-A,OK,Unknown,N/A,40
2026-02-03T03:58:01.000Z,0036,A03B26B0036,A03B26B0036,CASE-A,OK,Unknown,N/A,38
2026-02-03T03:55:55.000Z,0035,A03B26B0035,A03B26B0035,CASE-A,OK,Unknown,N/A,36
2026-02-03T03:54:26.000Z,0034,A03B26B0034,A03B26B0034,CASE-A,OK,Unknown,N/A,34
2026-02-03T03:52:39.000Z,0033,A03B26B0033,A03B26B0033,CASE-A,OK,Unknown,N/A,32
2026-02-03T03:27:56.000Z,0032,A03B26B0032,A03B26B0032,CASE-A,OK,Unknown,N/A,30
2026-02-03T02:14:57.000Z,0031,A03B26A0031,A03B26A0031,CASE-A,OK,Unknown,N/A,28
2026-02-03T01:46:29.000Z,0030,A03B26A0030,A03B26A0030,CASE-A,OK,Unknown,N/A,26
2026-02-03T01:45:30.000Z,0029,A03B26A0029,A03B26A0029,CASE-A,OK,Unknown,N/A,24
2026-02-03T01:44:09.000Z,0028,A03B26A0028,A03B26A0028,CASE-A,OK,Unknown,N/A,22
2026-02-03T01:43:08.000Z,0027,A03B26A0027,A03B26A0027,CASE-A,OK,Unknown,N/A,20
2026-02-03T01:41:41.000Z,0026,A03B26A0026,A03B26A0026,CASE-A,OK,Unknown,N/A,18
2026-02-03T01:40:29.000Z,0025,A03B26A0025,A03B26A0025,CASE-A,OK,Unknown,N/A,16
2026-02-03T01:39:20.000Z,0024,A03B26A0024,A03B26A0024,CASE-A,OK,Unknown,N/A,14
2026-02-03T01:38:14.000Z,0023,A03B26A0023,A03B26A0023,CASE-A,OK,Unknown,N/A,12
2026-02-03T01:22:09.000Z,0022,A03B26A0022,A03B26A0022,CASE-A,OK,Unknown,N/A,10
2026-02-03T01:20:30.000Z,0021,A03B26A0021,A03B26A0021,CASE-A,OK,Unknown,N/A,8
2026-02-03T01:10:41.000Z,0020,A03B26A0020,A03B26A0020,CASE-A,OK,Unknown,N/A,6
2026-02-03T00:55:30.000Z,0019,A03B26A0019,A03B26A0019,CASE-A,OK,Unknown,N/A,4
2026-02-03T00:39:11.000Z,0018,A03B26A0018,A03B26A0018,CASE-A,OK,Unknown,N/A,2
2026-02-02T23:39:01.000Z,0017,A03B26A0017,A03B26A0017,CASE-A,OK,Unknown,N/A,36
2026-02-02T22:31:43.000Z,0016,A03B26A0016,A03B26A0016,CASE-A,OK,Unknown,N/A,34
2026-02-02T22:08:50.000Z,0015,A03B26A0015,A03B26A0015,CASE-A,OK,Unknown,N/A,32
2026-02-02T21:22:34.000Z,0014,A03B26A0014,A03B26A0014,CASE-A,OK,Unknown,N/A,30
2026-02-02T21:20:16.000Z,0013,A03B26A0013,A03B26A0013,CASE-A,OK,Unknown,N/A,28
2026-02-02T21:12:32.000Z,0012,A03B26A0012,A03B26A0012,CASE-A,OK,Unknown,N/A,26
2026-02-02T21:11:25.000Z,0011,A03B26A0011,A03B26A0011,CASE-A,OK,Unknown,N/A,24
2026-02-02T21:06:42.000Z,0010,A03B26A0010,A03B26A0010,CASE-A,OK,Unknown,N/A,22
2026-02-02T20:00:23.000Z,0009,A03B26A0009,A03B26A0009,CASE-A,OK,Unknown,N/A,20
2026-02-02T19:58:44.000Z,0008,A03B26A0008,A03B26A0008,CASE-A,OK,Unknown,N/A,18
2026-02-02T19:57:27.000Z,0007,A03B26A0007,A03B26A0007,CASE-A,OK,Unknown,N/A,16
2026-02-02T19:55:05.000Z,0006,A03B26A0006,A03B26A0006,CASE-A,OK,Unknown,N/A,14
2026-02-02T19:18:09.000Z,0005,A03B26A0005,A03B26A0005,CASE-A,OK,Unknown,N/A,12
2026-02-02T19:16:52.000Z,0004,A03B26A0004,A03B26A0004,CASE-A,OK,Unknown,N/A,10
2026-02-02T19:15:07.000Z,0003,A03B26A0003,A03B26A0003,CASE-A,OK,Unknown,N/A,8
2026-02-02T19:03:43.000Z,0002,A03B26A0002,A03B26A0002,CASE-A,OK,Unknown,N/A,6
2026-02-02T18:58:15.000Z,0001,A03B26A0001,A03B26A0001,CASE-A,OK,Unknown,N/A,4
2026-02-02T06:17:46.000Z,0001,A02B26B0001,NG,CASE-A,NG,Unknown,N/A,2
2026-01-31T21:49:02.000Z,0012,A01B26A0012,A01B26A0012,CASE-A,OK,Unknown,N/A,254
2026-01-31T21:23:56.000Z,0011,A01B26A0011,A01B26A0011,CASE-A,OK,Unknown,N/A,252
2026-01-31T21:21:12.000Z,0010,A01B26A0010,A01B26A0010,CASE-A,OK,Unknown,N/A,250
2026-01-31T21:20:28.000Z,0009,A01B26A0009,A01B26A0009,CASE-A,OK,Unknown,N/A,248
2026-01-31T18:58:56.000Z,0008,A01B26A0008,A01B26A0008,CASE-A,OK,Unknown,N/A,246
2026-01-31T18:57:54.000Z,0007,A01B26A0007,A01B26A0007,CASE-A,OK,Unknown,N/A,244
2026-01-31T18:57:08.000Z,0006,A01B26A0006,A01B26A0006,CASE-A,OK,Unknown,N/A,242
2026-01-31T18:56:30.000Z,0005,A01B26A0005,A01B26A0005,CASE-A,OK,Unknown,N/A,240
2026-01-31T18:55:40.000Z,0004,A01B26A0004,A01B26A0004,CASE-A,OK,Unknown,N/A,238
2026-01-31T18:54:59.000Z,0003,A01B26A0003,A01B26A0003,CASE-A,OK,Unknown,N/A,236
2026-01-31T18:54:04.000Z,0002,A01B26A0002,A01B26A0002,CASE-A,OK,Unknown,N/A,234
2026-01-31T18:50:01.000Z,0001,A01B26A0001,A01B26A0001,CASE-A,OK,Unknown,N/A,232
2026-01-31T13:27:46.000Z,0122,A31A26C0122,A31A26C0122,CASE-A,OK,Unknown,N/A,230
2026-01-31T13:25:09.000Z,0121,A31A26C0121,A31A26C0121,CASE-A,OK,Unknown,N/A,228
2026-01-31T13:23:51.000Z,0120,A31A26C0120,A31A26C0120,CASE-A,OK,Unknown,N/A,226
2026-01-31T13:22:18.000Z,0119,A31A26C0119,A31A26C0119,CASE-A,OK,Unknown,N/A,224
2026-01-31T13:19:14.000Z,0118,A31A26C0118,NG,CASE-A,NG,Unknown,N/A,222
2026-01-31T13:18:06.000Z,0117,A31A26C0117,A31A26C0117,CASE-A,OK,Unknown,N/A,220
2026-01-31T13:15:02.000Z,0116,A31A26C0116,A31A26C0116,CASE-A,OK,Unknown,N/A,218
2026-01-31T12:43:44.000Z,0115,A31A26C0115,A31A26C0115,CASE-A,OK,Unknown,N/A,216
2026-01-31T12:42:32.000Z,0114,A31A26C0114,A31A26C0114,CASE-A,OK,Unknown,N/A,214
2026-01-31T12:29:40.000Z,0113,A31A26C0113,A31A26C0113,CASE-A,OK,Unknown,N/A,212
2026-01-31T12:28:37.000Z,0112,A31A26C0112,A31A26C0112,CASE-A,OK,Unknown,N/A,210
2026-01-31T12:24:56.000Z,0111,A31A26C0111,A31A26C0111,CASE-A,OK,Unknown,N/A,208
2026-01-31T11:01:38.000Z,0110,A31A26B0110,A31A26B0110,CASE-A,OK,Unknown,N/A,206
2026-01-31T10:23:30.000Z,0109,A31A26B0109,A31A26B0109,CASE-A,OK,Unknown,N/A,204
2026-01-31T10:22:57.000Z,0108,A31A26B0108,A31A26B0108,CASE-A,OK,Unknown,N/A,202
2026-01-31T10:21:55.000Z,0107,A31A26B0107,A31A26B0107,CASE-A,OK,Unknown,N/A,200
2026-01-31T10:21:20.000Z,0106,A31A26B0106,A31A26B0106,CASE-A,OK,Unknown,N/A,198
2026-01-31T10:20:17.000Z,0105,A31A26B0105,A31A26B0105,CASE-A,OK,Unknown,N/A,196
2026-01-31T10:19:32.000Z,0104,A31A26B0104,A31A26B0104,CASE-A,OK,Unknown,N/A,194
2026-01-31T10:18:14.000Z,0103,A31A26B0103,A31A26B0103,CASE-A,OK,Unknown,N/A,192
2026-01-31T10:17:01.000Z,0102,A31A26B0102,A31A26B0102,CASE-A,OK,Unknown,N/A,190
2026-01-31T10:10:43.000Z,0101,A31A26B0101,A31A26B0101,CASE-A,OK,Unknown,N/A,188
2026-01-31T10:08:59.000Z,0100,A31A26B0100,A31A26B0100,CASE-A,OK,Unknown,N/A,186
2026-01-31T10:07:48.000Z,0099,A31A26B0099,A31A26B0099,CASE-A,OK,Unknown,N/A,184
2026-01-31T10:05:55.000Z,0098,A31A26B0098,A31A26B0098,CASE-A,OK,Unknown,N/A,182
2026-01-31T10:02:51.000Z,0097,A31A26B0097,A31A26B0097,CASE-A,OK,Unknown,N/A,180
2026-01-31T10:01:15.000Z,0096,A31A26B0096,A31A26B0096,CASE-A,OK,Unknown,N/A,178
2026-01-31T09:56:57.000Z,0095,A31A26B0095,A31A26B0095,CASE-A,OK,Unknown,N/A,176
2026-01-31T09:51:44.000Z,0094,A31A26B0094,A31A26B0094,CASE-A,OK,Unknown,N/A,174
2026-01-31T08:57:52.000Z,0093,A31A26B0093,A31A26B0093,CASE-A,OK,Unknown,N/A,172
2026-01-31T08:28:43.000Z,0092,A31A26B0092,A31A26B0092,CASE-A,OK,Unknown,N/A,170
2026-01-31T08:28:03.000Z,0091,A31A26B0091,A31A26B0091,CASE-A,OK,Unknown,N/A,168
2026-01-31T08:25:12.000Z,0090,A31A26B0090,A31A26B0090,CASE-A,OK,Unknown,N/A,166
2026-01-31T08:23:46.000Z,0089,A31A26B0089,A31A26B0089,CASE-A,OK,Unknown,N/A,164
2026-01-31T08:21:30.000Z,0088,A31A26B0088,A31A26B0088,CASE-A,OK,Unknown,N/A,162
2026-01-31T08:20:44.000Z,0087,A31A26B0087,A31A26B0087,CASE-A,OK,Unknown,N/A,160
2026-01-31T08:17:57.000Z,0086,A31A26B0086,A31A26B0086,CASE-A,OK,Unknown,N/A,158
2026-01-31T08:12:51.000Z,0085,A31A26B0085,NG,CASE-A,NG,Unknown,N/A,156
2026-01-31T07:57:33.000Z,0084,A31A26B0084,A31A26B0084,CASE-A,OK,Unknown,N/A,154
2026-01-31T07:56:33.000Z,0083,A31A26B0083,N/A,CASE-A,NG,Unknown,N/A,152
2026-01-31T07:56:06.000Z,0082,A31A26B0082,NG,CASE-A,NG,Unknown,N/A,150
2026-01-31T07:53:16.000Z,0081,A31A26B0081,A31A26B0081,CASE-A,OK,Unknown,N/A,148
2026-01-31T07:52:37.000Z,0080,A31A26B0080,A31A26B0080,CASE-A,OK,Unknown,N/A,146
2026-01-31T07:51:57.000Z,0079,A31A26B0079,A31A26B0079,CASE-A,OK,Unknown,N/A,144
2026-01-31T07:51:21.000Z,0078,A31A26B0078,A31A26B0078,CASE-A,OK,Unknown,N/A,142
2026-01-31T07:49:03.000Z,0077,A31A26B0077,A31A26B0077,CASE-A,OK,Unknown,N/A,140
2026-01-31T07:48:07.000Z,0076,A31A26B0076,A31A26B0076,CASE-A,OK,Unknown,N/A,138
2026-01-31T07:38:08.000Z,0075,A31A26B0075,NG,CASE-A,NG,Unknown,N/A,136
2026-01-31T07:37:22.000Z,0074,A31A26B0074,A31A26B0074,CASE-A,OK,Unknown,N/A,134
2026-01-31T07:06:52.000Z,0073,A31A26B0073,A31A26B0073,CASE-A,OK,Unknown,N/A,132
2026-01-31T07:02:44.000Z,0072,A31A26B0072,NG,CASE-A,NG,Unknown,N/A,130
2026-01-31T07:01:52.000Z,0071,A31A26B0071,A31A26B0071,CASE-A,OK,Unknown,N/A,128
2026-01-31T06:57:48.000Z,0070,A31A26B0070,A31A26B0070,CASE-A,OK,Unknown,N/A,126
2026-01-31T06:54:45.000Z,0069,A31A26B0069,NG,CASE-A,NG,Unknown,N/A,124
2026-01-31T06:13:08.000Z,0068,A31A26B0068,A31A26B0068,CASE-A,OK,Unknown,N/A,122
2026-01-31T06:12:28.000Z,0067,A31A26B0067,A31A26B0067,CASE-A,OK,Unknown,N/A,120
2026-01-31T06:11:36.000Z,0066,A31A26B0066,A31A26B0066,CASE-A,OK,Unknown,N/A,118
2026-01-31T06:08:37.000Z,0065,A31A26B0065,A31A26B0065,CASE-A,OK,Unknown,N/A,116
2026-01-31T06:07:51.000Z,0064,A31A26B0064,A31A26B0064,CASE-A,OK,Unknown,N/A,114
2026-01-31T06:07:04.000Z,0063,A31A26B0063,A31A26B0063,CASE-A,OK,Unknown,N/A,112
2026-01-31T06:00:26.000Z,0062,A31A26B0062,A31A26B0062,CASE-A,OK,Unknown,N/A,110
2026-01-31T05:52:18.000Z,0061,A31A26B0061,A31A26B0061,CASE-A,OK,Unknown,N/A,108
2026-01-31T05:51:24.000Z,0060,A31A26B0060,A31A26B0060,CASE-A,OK,Unknown,N/A,106
2026-01-31T05:43:15.000Z,0059,A31A26B0059,A31A26B0059,CASE-A,OK,Unknown,N/A,104
2026-01-31T05:42:35.000Z,0058,A31A26B0058,A31A26B0058,CASE-A,OK,Unknown,N/A,102
2026-01-31T05:41:36.000Z,0057,A31A26B0057,A31A26B0057,CASE-A,OK,Unknown,N/A,100
2026-01-31T05:35:00.000Z,0056,A31A26B0056,A31A26B0056,CASE-A,OK,Unknown,N/A,98
2026-01-31T05:16:57.000Z,0055,A31A26B0055,NG,CASE-A,NG,Unknown,N/A,96
2026-01-31T05:16:13.000Z,0054,A31A26B0054,A31A26B0054,CASE-A,OK,Unknown,N/A,94
2026-01-31T05:15:27.000Z,0053,A31A26B0053,A31A26B0053,CASE-A,OK,Unknown,N/A,92
2026-01-31T05:14:27.000Z,0052,A31A26B0052,A31A26B0052,CASE-A,OK,Unknown,N/A,90
2026-01-31T05:13:24.000Z,0051,A31A26B0051,A31A26B0051,CASE-A,OK,Unknown,N/A,88
2026-01-31T05:12:30.000Z,0050,A31A26B0050,A31A26B0050,CASE-A,OK,Unknown,N/A,86
2026-01-31T05:11:34.000Z,0049,A31A26B0049,A31A26B0049,CASE-A,OK,Unknown,N/A,84
2026-01-31T05:09:50.000Z,0048,A31A26B0048,A31A26B0048,CASE-A,OK,Unknown,N/A,82
2026-01-31T04:14:23.000Z,0047,A31A26B0047,A31A26B0047,CASE-A,OK,Unknown,N/A,80
2026-01-31T04:13:46.000Z,0046,A31A26B0046,NG,CASE-A,NG,Unknown,N/A,78
2026-01-31T03:45:42.000Z,0045,A31A26B0045,NG,CASE-A,NG,Unknown,N/A,76
2026-01-31T02:37:40.000Z,0044,A31A26A0044,A31A26A0044,CASE-A,OK,Unknown,N/A,74
2026-01-31T02:36:28.000Z,0043,A31A26A0043,A31A26A0043,CASE-A,OK,Unknown,N/A,72
2026-01-31T02:35:04.000Z,0042,A31A26A0042,A31A26A0042,CASE-A,OK,Unknown,N/A,70
2026-01-31T02:33:36.000Z,0041,A31A26A0041,A31A26A0041,CASE-A,OK,Unknown,N/A,68
2026-01-31T02:32:12.000Z,0040,A31A26A0040,A31A26A0040,CASE-A,OK,Unknown,N/A,66
2026-01-31T02:30:43.000Z,0039,A31A26A0039,A31A26A0039,CASE-A,OK,Unknown,N/A,64
2026-01-31T02:29:32.000Z,0038,A31A26A0038,A31A26A0038,CASE-A,OK,Unknown,N/A,62
2026-01-31T02:27:38.000Z,0037,A31A26A0037,A31A26A0037,CASE-A,OK,Unknown,N/A,60
2026-01-31T02:25:09.000Z,0036,A31A26A0036,A31A26A0036,CASE-A,OK,Unknown,N/A,58
2026-01-31T02:22:29.000Z,0035,A31A26A0035,NG,CASE-A,NG,Unknown,N/A,56
2026-01-31T02:21:20.000Z,0034,A31A26A0034,A31A26A0034,CASE-A,OK,Unknown,N/A,54
2026-01-31T02:17:36.000Z,0033,A31A26A0033,A31A26A0033,CASE-A,OK,Unknown,N/A,52
2026-01-31T02:16:23.000Z,0032,A31A26A0032,A31A26A0032,CASE-A,OK,Unknown,N/A,50
2026-01-31T02:15:03.000Z,0031,A31A26A0031,A31A26A0031,CASE-A,OK,Unknown,N/A,48
2026-01-31T02:12:40.000Z,0030,A31A26A0030,NG,CASE-A,NG,Unknown,N/A,46
2026-01-31T02:11:40.000Z,0029,A31A26A0029,A31A26A0029,CASE-A,OK,Unknown,N/A,44
2026-01-31T02:09:44.000Z,0028,A31A26A0028,NG,CASE-A,NG,Unknown,N/A,42
2026-01-31T02:08:26.000Z,0027,A31A26A0027,A31A26A0027,CASE-A,OK,Unknown,N/A,40
2026-01-31T02:07:13.000Z,0026,A31A26A0026,A31A26A0026,CASE-A,OK,Unknown,N/A,38
2026-01-31T02:05:12.000Z,0025,A31A26A0025,A31A26A0025,CASE-A,OK,Unknown,N/A,36
2026-01-31T02:04:00.000Z,0024,A31A26A0024,A31A26A0024,CASE-A,OK,Unknown,N/A,34
2026-01-31T01:55:17.000Z,0023,A31A26A0023,A31A26A0023,CASE-A,OK,Unknown,N/A,32
2026-01-31T01:37:57.000Z,0022,A31A26A0022,A31A26A0022,CASE-A,OK,Unknown,N/A,30
2026-01-31T01:36:40.000Z,0021,A31A26A0021,A31A26A0021,CASE-A,OK,Unknown,N/A,28
2026-01-31T01:34:33.000Z,0020,A31A26A0020,A31A26A0020,CASE-A,OK,Unknown,N/A,26
2026-01-31T01:32:26.000Z,0019,A31A26A0019,A31A26A0019,CASE-A,OK,Unknown,N/A,24
2026-01-31T01:28:47.000Z,0018,A31A26A0018,A31A26A0018,CASE-A,OK,Unknown,N/A,22
2026-01-31T01:27:48.000Z,0017,A31A26A0017,NG,CASE-A,NG,Unknown,N/A,20
2026-01-31T01:26:15.000Z,0016,A31A26A0016,A31A26A0016,CASE-A,OK,Unknown,N/A,18
2026-01-31T01:23:48.000Z,0015,A31A26A0015,NG,CASE-A,NG,Unknown,N/A,16
2026-01-31T01:22:09.000Z,0014,A31A26A0014,A31A26A0014,CASE-A,OK,Unknown,N/A,14
2026-01-31T01:21:14.000Z,0013,A31A26A0013,A31A26A0013,CASE-A,OK,Unknown,N/A,12
2026-01-31T01:17:15.000Z,0012,A31A26A0012,A31A26A0012,CASE-A,OK,Unknown,N/A,10
2026-01-31T01:14:47.000Z,0011,A31A26A0011,A31A26A0011,CASE-A,OK,Unknown,N/A,8
2026-01-31T01:11:16.000Z,0010,A31A26A0010,A31A26A0010,CASE-A,OK,Unknown,N/A,6
2026-01-31T01:09:32.000Z,0009,A31A26A0009,A31A26A0009,CASE-A,OK,Unknown,N/A,4
2026-01-31T00:58:16.000Z,0008,A31A26A0008,A31A26A0008,CASE-A,OK,Unknown,N/A,2
2026-01-30T23:27:16.000Z,0007,A31A26A0007,A31A26A0007,CASE-A,OK,Unknown,N/A,34
2026-01-30T23:19:21.000Z,0006,A31A26A0006,A31A26A0006,CASE-A,OK,Unknown,N/A,32
2026-01-30T23:17:53.000Z,0005,A31A26A0005,A31A26A0005,CASE-A,OK,Unknown,N/A,30
2026-01-30T23:14:54.000Z,0004,A31A26A0004,NG,CASE-A,NG,Unknown,N/A,28
2026-01-30T23:05:58.000Z,0003,A31A26A0003,A31A26A0003,CASE-A,OK,Unknown,N/A,26
2026-01-30T22:10:42.000Z,0002,A31A26A0002,A31A26A0002,CASE-A,OK,Unknown,N/A,24
2026-01-30T21:36:30.000Z,0001,A31A26A0001,A31A26A0001,CASE-A,OK,Unknown,N/A,22
2026-01-30T02:37:27.000Z,0044,A30A26A0044,A30A26A0044,CASE-A,OK,Unknown,N/A,20
2026-01-30T02:36:32.000Z,0043,A30A26A0043,A30A26A0043,CASE-A,OK,Unknown,N/A,18
2026-01-30T02:35:37.000Z,0042,A30A26A0042,A30A26A0042,CASE-A,OK,Unknown,N/A,16
2026-01-30T02:34:41.000Z,0041,A30A26A0041,A30A26A0041,CASE-A,OK,Unknown,N/A,14
2026-01-30T02:33:35.000Z,0040,A30A26A0040,A30A26A0040,CASE-A,OK,Unknown,N/A,12
2026-01-30T02:32:36.000Z,0039,A30A26A0039,A30A26A0039,CASE-A,OK,Unknown,N/A,10
2026-01-30T02:31:16.000Z,0038,A30A26A0038,A30A26A0038,CASE-A,OK,Unknown,N/A,8
2026-01-30T02:28:40.000Z,0037,A30A26A0037,A30A26A0037,CASE-A,OK,Unknown,N/A,6
2026-01-30T02:01:05.000Z,0036,A30A26A0036,A30A26A0036,CASE-A,OK,Unknown,N/A,4
2026-01-30T01:59:04.000Z,0035,A30A26A0035,NG,CASE-A,NG,Unknown,N/A,2
2026-01-29T23:24:55.000Z,0034,A30A26A0034,A30A26A0034,CASE-A,OK,Unknown,N/A,144
2026-01-29T23:23:26.000Z,0033,A30A26A0033,A30A26A0033,CASE-A,OK,Unknown,N/A,142
2026-01-29T23:21:31.000Z,0032,A30A26A0032,A30A26A0032,CASE-A,OK,Unknown,N/A,140
2026-01-29T23:20:19.000Z,0031,A30A26A0031,A30A26A0031,CASE-A,OK,Unknown,N/A,138
2026-01-29T23:18:17.000Z,0030,A30A26A0030,A30A26A0030,CASE-A,OK,Unknown,N/A,136
2026-01-29T23:16:54.000Z,0029,A30A26A0029,A30A26A0029,CASE-A,OK,Unknown,N/A,134
2026-01-29T23:15:21.000Z,0028,A30A26A0028,A30A26A0028,CASE-A,OK,Unknown,N/A,132
2026-01-29T22:53:46.000Z,0027,A30A26A0027,A30A26A0027,CASE-A,OK,Unknown,N/A,130
2026-01-29T22:20:13.000Z,0026,A30A26A0026,A30A26A0026,CASE-A,OK,Unknown,N/A,128
2026-01-29T22:18:49.000Z,0025,A30A26A0025,A30A26A0025,CASE-A,OK,Unknown,N/A,126
2026-01-29T22:17:46.000Z,0024,A30A26A0024,A30A26A0024,CASE-A,OK,Unknown,N/A,124
2026-01-29T22:16:29.000Z,0023,A30A26A0023,A30A26A0023,CASE-A,OK,Unknown,N/A,122
2026-01-29T21:49:45.000Z,0022,A30A26A0022,A30A26A0022,CASE-A,OK,Unknown,N/A,120
2026-01-29T21:48:44.000Z,0021,A30A26A0021,A30A26A0021,CASE-A,OK,Unknown,N/A,118
2026-01-29T21:47:34.000Z,0020,A30A26A0020,A30A26A0020,CASE-A,OK,Unknown,N/A,116
2026-01-29T21:46:20.000Z,0019,A30A26A0019,A30A26A0019,CASE-A,OK,Unknown,N/A,114
2026-01-29T21:37:55.000Z,0018,A30A26A0018,A30A26A0018,CASE-A,OK,Unknown,N/A,112
2026-01-29T21:36:00.000Z,0017,A30A26A0017,A30A26A0017,CASE-A,OK,Unknown,N/A,110
2026-01-29T21:34:34.000Z,0016,A30A26A0016,A30A26A0016,CASE-A,OK,Unknown,N/A,108
2026-01-29T21:32:37.000Z,0015,A30A26A0015,A30A26A0015,CASE-A,OK,Unknown,N/A,106
2026-01-29T21:30:04.000Z,0014,A30A26A0014,A30A26A0014,CASE-A,OK,Unknown,N/A,104
2026-01-29T21:28:21.000Z,0013,A30A26A0013,A30A26A0013,CASE-A,OK,Unknown,N/A,102
2026-01-29T21:26:52.000Z,0012,A30A26A0012,A30A26A0012,CASE-A,OK,Unknown,N/A,100
2026-01-29T21:25:37.000Z,0011,A30A26A0011,A30A26A0011,CASE-A,OK,Unknown,N/A,98
2026-01-29T21:02:05.000Z,0010,A30A26A0010,A30A26A0010,CASE-A,OK,Unknown,N/A,96
2026-01-29T20:58:41.000Z,0009,A30A26A0009,A30A26A0009,CASE-A,OK,Unknown,N/A,94
2026-01-29T20:46:38.000Z,0008,A30A26A0008,A30A26A0008,CASE-A,OK,Unknown,N/A,92
2026-01-29T20:46:05.000Z,0007,A30A26A0007,NG,CASE-A,NG,Unknown,N/A,90
2026-01-29T19:25:29.000Z,0006,A30A26A0006,A30A26A0006,CASE-A,OK,Unknown,N/A,88
2026-01-29T19:21:15.000Z,0005,A30A26A0005,A30A26A0005,CASE-A,OK,Unknown,N/A,86
2026-01-29T19:18:47.000Z,0004,A30A26A0004,NG,CASE-A,NG,Unknown,N/A,84
2026-01-29T19:16:49.000Z,0003,A30A26A0003,A30A26A0003,CASE-A,OK,Unknown,N/A,82
2026-01-29T19:15:09.000Z,0002,A30A26A0002,A30A26A0002,CASE-A,OK,Unknown,N/A,80
2026-01-29T19:13:07.000Z,0001,A30A26A0001,A30A26A0001,CASE-A,OK,Unknown,N/A,78
2026-01-29T05:10:40.000Z,0087,A29A26B0087,A29A26B0087,CASE-A,OK,Unknown,N/A,76
2026-01-29T05:07:07.000Z,0086,A29A26B0086,A29A26B0086,CASE-A,OK,Unknown,N/A,74
2026-01-29T05:05:03.000Z,0085,A29A26B0085,NG,CASE-A,NG,Unknown,N/A,72
2026-01-29T05:01:06.000Z,0084,A29A26B0084,A29A26B0084,CASE-A,OK,Unknown,N/A,70
2026-01-29T04:57:58.000Z,0083,A29A26B0083,NG,CASE-A,NG,Unknown,N/A,68
2026-01-29T04:42:02.000Z,0082,A29A26B0082,NG,CASE-A,NG,Unknown,N/A,66
2026-01-29T04:36:32.000Z,0081,A29A26B0081,A29A26B0081,CASE-A,OK,Unknown,N/A,64
2026-01-29T04:34:56.000Z,0080,A29A26B0080,A29A26B0080,CASE-A,OK,Unknown,N/A,62
2026-01-29T04:32:42.000Z,0079,A29A26B0079,A29A26B0079,CASE-A,OK,Unknown,N/A,60
2026-01-29T04:28:08.000Z,0078,A29A26B0078,A29A26B0078,CASE-A,OK,Unknown,N/A,58
2026-01-29T04:26:12.000Z,0077,A29A26B0077,NG,CASE-A,NG,Unknown,N/A,56
2026-01-29T03:44:24.000Z,0076,A29A26B0076,NG,CASE-A,NG,Unknown,N/A,54
2026-01-29T03:42:32.000Z,0075,A29A26B0075,A29A26B0075,CASE-A,OK,Unknown,N/A,52
2026-01-29T03:15:12.000Z,0074,A29A26B0074,A29A26B0074,CASE-A,OK,Unknown,N/A,50
2026-01-29T03:11:08.000Z,0073,A29A26B0073,A29A26B0073,CASE-A,OK,Unknown,N/A,48
2026-01-29T03:08:02.000Z,0072,A29A26B0072,A29A26B0072,CASE-A,OK,Unknown,N/A,46
2026-01-29T03:06:18.000Z,0071,A29A26B0071,A29A26B0071,CASE-A,OK,Unknown,N/A,44
2026-01-29T02:58:28.000Z,0070,A29A26A0070,A29A26A0070,CASE-A,OK,Unknown,N/A,42
2026-01-29T02:36:46.000Z,0069,A29A26A0069,A29A26A0069,CASE-A,OK,Unknown,N/A,40
2026-01-29T02:08:18.000Z,0068,A29A26A0068,A29A26A0068,CASE-A,OK,Unknown,N/A,38
2026-01-29T02:06:51.000Z,0067,A29A26A0067,A29A26A0067,CASE-A,OK,Unknown,N/A,36
2026-01-29T02:05:02.000Z,0066,A29A26A0066,A29A26A0066,CASE-A,OK,Unknown,N/A,34
2026-01-29T01:59:42.000Z,0065,A29A26A0065,A29A26A0065,CASE-A,OK,Unknown,N/A,32
2026-01-29T01:58:18.000Z,0064,A29A26A0064,NG,CASE-A,NG,Unknown,N/A,30
2026-01-29T01:56:41.000Z,0063,A29A26A0063,A29A26A0063,CASE-A,OK,Unknown,N/A,28
2026-01-29T01:40:54.000Z,0062,A29A26A0062,A29A26A0062,CASE-A,OK,Unknown,N/A,26
2026-01-29T01:39:39.000Z,0061,A29A26A0061,A29A26A0061,CASE-A,OK,Unknown,N/A,24
2026-01-29T01:38:10.000Z,0060,A29A26A0060,A29A26A0060,CASE-A,OK,Unknown,N/A,22
2026-01-29T01:35:45.000Z,0059,A29A26A0059,A29A26A0059,CASE-A,OK,Unknown,N/A,20
2026-01-29T01:16:10.000Z,0058,A29A26A0058,A29A26A0058,CASE-A,OK,Unknown,N/A,18
2026-01-29T01:15:12.000Z,0057,A29A26A0057,NG,CASE-A,NG,Unknown,N/A,16
2026-01-29T01:11:08.000Z,0056,A29A26A0056,A29A26A0056,CASE-A,OK,Unknown,N/A,14
2026-01-29T00:50:52.000Z,0055,A29A26A0055,A29A26A0055,CASE-A,OK,Unknown,N/A,12
2026-01-29T00:47:50.000Z,0054,A29A26A0054,NG,CASE-A,NG,Unknown,N/A,10
2026-01-29T00:45:10.000Z,0053,A29A26A0053,A29A26A0053,CASE-A,OK,Unknown,N/A,8
2026-01-29T00:42:41.000Z,0052,A29A26A0052,NG,CASE-A,NG,Unknown,N/A,6
2026-01-29T00:39:57.000Z,0051,A29A26A0051,A29A26A0051,CASE-A,OK,Unknown,N/A,4
2026-01-29T00:31:59.000Z,0050,A29A26A0050,A29A26A0050,CASE-A,OK,Unknown,N/A,2
2026-01-29T00:29:05.000Z,0049,A29A26A0049,A29A26A0049,CASE-A,OK,Unknown,N/A,106
2026-01-29T00:26:56.000Z,0048,A29A26A0048,A29A26A0048,CASE-A,OK,Unknown,N/A,104
2026-01-29T00:24:58.000Z,0047,A29A26A0047,A29A26A0047,CASE-A,OK,Unknown,N/A,102
2026-01-29T00:23:42.000Z,0046,A29A26A0046,A29A26A0046,CASE-A,OK,Unknown,N/A,100
2026-01-28T23:27:42.000Z,0045,A29A26A0045,A29A26A0045,CASE-A,OK,Unknown,N/A,98
2026-01-28T23:26:28.000Z,0044,A29A26A0044,A29A26A0044,CASE-A,OK,Unknown,N/A,96
2026-01-28T23:13:17.000Z,0043,A29A26A0043,A29A26A0043,CASE-A,OK,Unknown,N/A,94
2026-01-28T23:08:27.000Z,0042,A29A26A0042,A29A26A0042,CASE-A,OK,Unknown,N/A,92
2026-01-28T23:07:05.000Z,0041,A29A26A0041,A29A26A0041,CASE-A,OK,Unknown,N/A,90
2026-01-28T23:05:45.000Z,0040,A29A26A0040,A29A26A0040,CASE-A,OK,Unknown,N/A,88
2026-01-28T23:04:24.000Z,0039,A29A26A0039,A29A26A0039,CASE-A,OK,Unknown,N/A,86
2026-01-28T23:03:15.000Z,0038,A29A26A0038,A29A26A0038,CASE-A,OK,Unknown,N/A,84
2026-01-28T22:48:27.000Z,0037,A29A26A0037,A29A26A0037,CASE-A,OK,Unknown,N/A,82
2026-01-28T22:46:43.000Z,0036,A29A26A0036,A29A26A0036,CASE-A,OK,Unknown,N/A,80
2026-01-28T22:45:20.000Z,0035,A29A26A0035,A29A26A0035,CASE-A,OK,Unknown,N/A,78
2026-01-28T22:43:41.000Z,0034,A29A26A0034,A29A26A0034,CASE-A,OK,Unknown,N/A,76
2026-01-28T22:32:13.000Z,0033,A29A26A0033,A29A26A0033,CASE-A,OK,Unknown,N/A,74
2026-01-28T22:25:53.000Z,0032,A29A26A0032,A29A26A0032,CASE-A,OK,Unknown,N/A,72
2026-01-28T22:19:44.000Z,0031,A29A26A0031,A29A26A0031,CASE-A,OK,Unknown,N/A,70
2026-01-28T22:18:01.000Z,0030,A29A26A0030,NG,CASE-A,NG,Unknown,N/A,68
2026-01-28T22:16:09.000Z,0029,A29A26A0029,A29A26A0029,CASE-A,OK,Unknown,N/A,66
2026-01-28T22:15:00.000Z,0028,A29A26A0028,A29A26A0028,CASE-A,OK,Unknown,N/A,64
2026-01-28T22:13:39.000Z,0027,A29A26A0027,A29A26A0027,CASE-A,OK,Unknown,N/A,62
2026-01-28T22:11:31.000Z,0026,A29A26A0026,A29A26A0026,CASE-A,OK,Unknown,N/A,60
2026-01-28T21:53:47.000Z,0025,A29A26A0025,A29A26A0025,CASE-A,OK,Unknown,N/A,58
2026-01-28T21:38:31.000Z,0024,A29A26A0024,A29A26A0024,CASE-A,OK,Unknown,N/A,56
2026-01-28T21:37:24.000Z,0023,A29A26A0023,A29A26A0023,CASE-A,OK,Unknown,N/A,54
2026-01-28T21:36:14.000Z,0022,A29A26A0022,A29A26A0022,CASE-A,OK,Unknown,N/A,52
2026-01-28T21:26:10.000Z,0021,A29A26A0021,A29A26A0021,CASE-A,OK,Unknown,N/A,50
2026-01-28T21:20:32.000Z,0020,A29A26A0020,A29A26A0020,CASE-A,OK,Unknown,N/A,48
2026-01-28T21:16:13.000Z,0019,A29A26A0019,A29A26A0019,CASE-A,OK,Unknown,N/A,46
2026-01-28T21:14:07.000Z,0018,A29A26A0018,A29A26A0018,CASE-A,OK,Unknown,N/A,44
2026-01-28T21:12:27.000Z,0017,A29A26A0017,A29A26A0017,CASE-A,OK,Unknown,N/A,42
2026-01-28T21:11:12.000Z,0016,A29A26A0016,A29A26A0016,CASE-A,OK,Unknown,N/A,40
2026-01-28T21:09:33.000Z,0015,A29A26A0015,A29A26A0015,CASE-A,OK,Unknown,N/A,38
2026-01-28T20:21:02.000Z,0014,A29A26A0014,A29A26A0014,CASE-A,OK,Unknown,N/A,36
2026-01-28T20:03:58.000Z,0013,A29A26A0013,A29A26A0013,CASE-A,OK,Unknown,N/A,34
2026-01-28T20:01:52.000Z,0012,A29A26A0012,A29A26A0012,CASE-A,OK,Unknown,N/A,32
2026-01-28T20:00:30.000Z,0011,A29A26A0011,A29A26A0011,CASE-A,OK,Unknown,N/A,30
2026-01-28T19:58:28.000Z,0010,A29A26A0010,A29A26A0010,CASE-A,OK,Unknown,N/A,28
2026-01-28T19:55:21.000Z,0009,A29A26A0009,A29A26A0009,CASE-A,OK,Unknown,N/A,26
2026-01-28T19:54:26.000Z,0008,A29A26A0008,NG,CASE-A,NG,Unknown,N/A,24
2026-01-28T19:53:14.000Z,0007,A29A26A0007,A29A26A0007,CASE-A,OK,Unknown,N/A,22
2026-01-28T19:51:41.000Z,0006,A29A26A0006,A29A26A0006,CASE-A,OK,Unknown,N/A,20
2026-01-28T19:09:54.000Z,0005,A29A26A0005,A29A26A0005,CASE-A,OK,Unknown,N/A,18
2026-01-28T19:08:29.000Z,0004,A29A26A0004,A29A26A0004,CASE-A,OK,Unknown,N/A,16
2026-01-28T19:07:12.000Z,0003,A29A26A0003,A29A26A0003,CASE-A,OK,Unknown,N/A,14
2026-01-28T19:06:10.000Z,0002,A29A26A0002,NG,CASE-A,NG,Unknown,N/A,12
2026-01-28T19:04:25.000Z,0001,A29A26A0001,A29A26A0001,CASE-A,OK,Unknown,N/A,10
2026-01-28T06:14:49.000Z,0036,A28A26B0036,A28A26B0036,CASE-A,OK,Unknown,N/A,8
2026-01-28T06:10:53.000Z,0035,A28A26B0035,A28A26B0035,CASE-A,OK,Unknown,N/A,6
2026-01-28T06:00:48.000Z,0034,A28A26B0034,A28A26B0034,CASE-A,OK,Unknown,N/A,4
2026-01-28T05:49:25.000Z,0033,A28A26B0033,A28A26B0033,CASE-A,OK,Unknown,N/A,2
2026-01-27T23:10:09.000Z,0032,A28A26A0032,A28A26A0032,CASE-A,OK,Unknown,N/A,64
2026-01-27T23:08:27.000Z,0031,A28A26A0031,A28A26A0031,CASE-A,OK,Unknown,N/A,62
2026-01-27T22:55:08.000Z,0030,A28A26A0030,A28A26A0030,CASE-A,OK,Unknown,N/A,60
2026-01-27T22:53:17.000Z,0029,A28A26A0029,A28A26A0029,CASE-A,OK,Unknown,N/A,58
2026-01-27T22:51:50.000Z,0028,A28A26A0028,A28A26A0028,CASE-A,OK,Unknown,N/A,56
2026-01-27T22:50:30.000Z,0027,A28A26A0027,A28A26A0027,CASE-A,OK,Unknown,N/A,54
2026-01-27T22:49:12.000Z,0026,A28A26A0026,A28A26A0026,CASE-A,OK,Unknown,N/A,52
2026-01-27T22:41:59.000Z,0025,A28A26A0025,A28A26A0025,CASE-A,OK,Unknown,N/A,50
2026-01-27T22:35:49.000Z,0024,A28A26A0024,A28A26A0024,CASE-A,OK,Unknown,N/A,48
2026-01-27T22:12:01.000Z,0023,A28A26A0023,NG,CASE-A,NG,Unknown,N/A,46
2026-01-27T22:08:13.000Z,0022,A28A26A0022,A28A26A0022,CASE-A,OK,Unknown,N/A,44
2026-01-27T22:03:37.000Z,0021,A28A26A0021,A28A26A0021,CASE-A,OK,Unknown,N/A,42
2026-01-27T22:01:12.000Z,0020,A28A26A0020,A28A26A0020,CASE-A,OK,Unknown,N/A,40
2026-01-27T21:59:40.000Z,0019,A28A26A0019,A28A26A0019,CASE-A,OK,Unknown,N/A,38
2026-01-27T21:57:39.000Z,0018,A28A26A0018,A28A26A0018,CASE-A,OK,Unknown,N/A,36
2026-01-27T21:54:32.000Z,0017,A28A26A0017,A28A26A0017,CASE-A,OK,Unknown,N/A,34
2026-01-27T21:38:02.000Z,0016,A28A26A0016,A28A26A0016,CASE-A,OK,Unknown,N/A,32
2026-01-27T21:18:50.000Z,0015,A28A26A0015,NG,CASE-A,NG,Unknown,N/A,30
2026-01-27T21:16:34.000Z,0014,A28A26A0014,A28A26A0014,CASE-A,OK,Unknown,N/A,28
2026-01-27T21:15:08.000Z,0013,A28A26A0013,NG,CASE-A,NG,Unknown,N/A,26
2026-01-27T21:14:03.000Z,0012,A28A26A0012,A28A26A0012,CASE-A,OK,Unknown,N/A,24
2026-01-27T21:12:52.000Z,0011,A28A26A0011,A28A26A0011,CASE-A,OK,Unknown,N/A,22
2026-01-27T21:08:08.000Z,0010,A28A26A0010,A28A26A0010,CASE-A,OK,Unknown,N/A,20
2026-01-27T21:04:48.000Z,0009,A28A26A0009,A28A26A0009,CASE-A,OK,Unknown,N/A,18
2026-01-27T21:03:55.000Z,0008,A28A26A0008,A28A26A0008,CASE-A,OK,Unknown,N/A,16
2026-01-27T21:03:02.000Z,0007,A28A26A0007,A28A26A0007,CASE-A,OK,Unknown,N/A,14
2026-01-27T20:57:07.000Z,0006,A28A26A0006,A28A26A0006,CASE-A,OK,Unknown,N/A,12
2026-01-27T20:54:51.000Z,0005,A28A26A0005,A28A26A0005,CASE-A,OK,Unknown,N/A,10
2026-01-27T20:11:53.000Z,0004,A28A26A0004,A28A26A0004,CASE-A,OK,Unknown,N/A,8
2026-01-27T19:33:19.000Z,0003,A28A26A0003,A28A26A0003,CASE-A,OK,Unknown,N/A,6
2026-01-27T19:11:35.000Z,0002,A28A26A0002,A28A26A0002,CASE-A,OK,Unknown,N/A,4
2026-01-27T19:08:43.000Z,0001,A28A26A0001,A28A26A0001,CASE-A,OK,Unknown,N/A,2
2026-01-27T04:35:39.000Z,0026,A27A26B0026,A27A26B0026,CASE-A,OK,Unknown,N/A,52
2026-01-27T04:14:36.000Z,0025,A27A26B0025,A27A26B0025,CASE-A,OK,Unknown,N/A,50
2026-01-27T02:15:13.000Z,0024,A27A26A0024,A27A26A0024,CASE-A,OK,Unknown,N/A,48
2026-01-27T02:04:50.000Z,0023,A27A26A0023,A27A26A0023,CASE-A,OK,Unknown,N/A,46
2026-01-27T01:28:13.000Z,0022,A27A26A0022,A27A26A0022,CASE-A,OK,Unknown,N/A,44
2026-01-27T01:25:49.000Z,0021,A27A26A0021,NG,CASE-A,NG,Unknown,N/A,42
2026-01-27T01:20:55.000Z,0020,A27A26A0020,NG,CASE-A,NG,Unknown,N/A,40
2026-01-27T01:19:39.000Z,0019,A27A26A0019,A27A26A0019,CASE-A,OK,Unknown,N/A,38
2026-01-27T01:13:24.000Z,0018,A27A26A0018,A27A26A0018,CASE-A,OK,Unknown,N/A,36
2026-01-27T01:11:33.000Z,0017,A27A26A0017,A27A26A0017,CASE-A,OK,Unknown,N/A,34
2026-01-27T01:04:58.000Z,0016,A27A26A0016,A27A26A0016,CASE-A,OK,Unknown,N/A,32
2026-01-27T01:03:35.000Z,0015,A27A26A0015,A27A26A0015,CASE-A,OK,Unknown,N/A,30
2026-01-27T00:43:19.000Z,0014,A27A26A0014,A27A26A0014,CASE-A,OK,Unknown,N/A,28
2026-01-27T00:40:35.000Z,0013,A27A26A0013,A27A26A0013,CASE-A,OK,Unknown,N/A,26
2026-01-27T00:39:49.000Z,0012,A27A26A0012,A27A26A0012,CASE-A,OK,Unknown,N/A,24
2026-01-27T00:30:45.000Z,0011,A27A26A0011,A27A26A0011,CASE-A,OK,Unknown,N/A,22
2026-01-26T20:57:20.000Z,0010,A27A26A0010,A27A26A0010,CASE-A,OK,Unknown,N/A,20
2026-01-26T20:44:37.000Z,0009,A27A26A0009,A27A26A0009,CASE-A,OK,Unknown,N/A,18
2026-01-26T20:30:01.000Z,0008,A27A26A0008,A27A26A0008,CASE-A,OK,Unknown,N/A,16
2026-01-26T20:21:06.000Z,0007,A27A26A0007,A27A26A0007,CASE-A,OK,Unknown,N/A,14
2026-01-26T20:08:18.000Z,0006,A27A26A0006,A27A26A0006,CASE-A,OK,Unknown,N/A,12
2026-01-26T20:01:25.000Z,0005,A27A26A0005,A27A26A0005,CASE-A,OK,Unknown,N/A,10
2026-01-26T19:58:00.000Z,0004,A27A26A0004,A27A26A0004,CASE-A,OK,Unknown,N/A,8
2026-01-26T19:55:04.000Z,0003,A27A26A0003,A27A26A0003,CASE-A,OK,Unknown,N/A,6
2026-01-26T19:41:28.000Z,0002,A27A26A0002,A27A26A0002,CASE-A,OK,Unknown,N/A,4
2026-01-26T19:26:36.000Z,0001,A27A26A0001,A27A26A0001,CASE-A,OK,Unknown,N/A,2
2026-01-25T05:24:51.000Z,0026,A25A26B0026,A25A26B0026,CASE-A,OK,Unknown,N/A,52
2026-01-25T05:24:12.000Z,0025,A25A26B0025,A25A26B0025,CASE-A,OK,Unknown,N/A,50
2026-01-25T05:22:15.000Z,0024,A25A26B0024,NG,CASE-A,NG,Unknown,N/A,48
2026-01-25T05:20:33.000Z,0023,A25A26B0023,A25A26B0023,CASE-A,OK,Unknown,N/A,46
2026-01-25T04:42:07.000Z,0022,A25A26B0022,A25A26B0022,CASE-A,OK,Unknown,N/A,44
2026-01-25T04:35:25.000Z,0021,A25A26B0021,A25A26B0021,CASE-A,OK,Unknown,N/A,42
2026-01-25T04:28:17.000Z,0020,A25A26B0020,A25A26B0020,CASE-A,OK,Unknown,N/A,40
2026-01-25T04:16:32.000Z,0019,A25A26B0019,A25A26B0019,CASE-A,OK,Unknown,N/A,38
2026-01-25T04:12:42.000Z,0018,A25A26B0018,A25A26B0018,CASE-A,OK,Unknown,N/A,36
2026-01-25T04:05:09.000Z,0017,A25A26B0017,A25A26B0017,CASE-A,OK,Unknown,N/A,34
2026-01-25T04:03:03.000Z,0016,A25A26B0016,A25A26B0016,CASE-A,OK,Unknown,N/A,32
2026-01-25T03:50:22.000Z,0015,A25A26B0015,A25A26B0015,CASE-A,OK,Unknown,N/A,30
2026-01-25T03:43:48.000Z,0014,A25A26B0014,A25A26B0014,CASE-A,OK,Unknown,N/A,28
2026-01-25T03:43:17.000Z,0013,A25A26B0013,NG,CASE-A,NG,Unknown,N/A,26
2026-01-25T03:37:47.000Z,0012,A25A26B0012,A25A26B0012,CASE-A,OK,Unknown,N/A,24
2026-01-25T03:28:37.000Z,0011,A25A26B0011,A25A26B0011,CASE-A,OK,Unknown,N/A,22
2026-01-25T03:26:07.000Z,0010,A25A26B0010,NG,CASE-A,NG,Unknown,N/A,20
2026-01-25T03:25:36.000Z,0009,A25A26B0009,NG,CASE-A,NG,Unknown,N/A,18
2026-01-25T03:19:45.000Z,0008,A25A26B0008,A25A26B0008,CASE-A,OK,Unknown,N/A,16
2026-01-25T03:13:37.000Z,0007,A25A26B0007,A25A26B0007,CASE-A,OK,Unknown,N/A,14
2026-01-25T03:12:16.000Z,0006,A25A26B0006,NG,CASE-A,NG,Unknown,N/A,12
2026-01-25T03:08:45.000Z,0005,A25A26B0005,A25A26B0005,CASE-A,OK,Unknown,N/A,10
2026-01-25T02:35:19.000Z,0004,A25A26A0004,A25A26A0004,CASE-A,OK,Unknown,N/A,8
2026-01-25T02:34:32.000Z,0003,A25A26A0003,A25A26A0003,CASE-A,OK,Unknown,N/A,6
2026-01-25T01:14:59.000Z,0002,A25A26A0002,NG,CASE-A,NG,Unknown,N/A,4
2026-01-25T01:14:22.000Z,0001,A25A26A0001,A25A26A0001,CASE-A,OK,Unknown,N/A,2
2026-01-24T07:48:57.000Z,0032,A24A26B0032,A24A26B0032,CASE-A,OK,Unknown,N/A,36
2026-01-24T07:48:18.000Z,0031,A24A26B0031,A24A26B0031,CASE-A,OK,Unknown,N/A,34
2026-01-24T07:45:28.000Z,0030,A24A26B0030,A24A26B0030,CASE-A,OK,Unknown,N/A,32
2026-01-24T01:59:57.000Z,0029,A24A26A0029,A24A26A0029,CASE-A,OK,Unknown,N/A,30
2026-01-24T01:57:12.000Z,0028,A24A26A0028,A24A26A0028,CASE-A,OK,Unknown,N/A,28
2026-01-24T01:54:38.000Z,0027,A24A26A0027,A24A26A0027,CASE-A,OK,Unknown,N/A,26
2026-01-24T01:24:00.000Z,0026,A24A26A0026,A24A26A0026,CASE-A,OK,Unknown,N/A,24
2026-01-24T01:21:38.000Z,0025,A24A26A0025,A24A26A0025,CASE-A,OK,Unknown,N/A,22
2026-01-24T01:19:57.000Z,0024,A24A26A0024,A24A26A0024,CASE-A,OK,Unknown,N/A,20
2026-01-24T01:17:20.000Z,0023,A24A26A0023,A24A26A0023,CASE-A,OK,Unknown,N/A,18
2026-01-24T01:13:45.000Z,0022,A24A26A0022,A24A26A0022,CASE-A,OK,Unknown,N/A,16
2026-01-24T01:10:29.000Z,0021,A24A26A0021,A24A26A0021,CASE-A,OK,Unknown,N/A,14
2026-01-24T01:07:51.000Z,0020,A24A26A0020,A24A26A0020,CASE-A,OK,Unknown,N/A,12
2026-01-24T01:06:34.000Z,0019,A24A26A0019,A24A26A0019,CASE-A,OK,Unknown,N/A,10
2026-01-24T00:57:06.000Z,0018,A24A26A0018,A24A26A0018,CASE-A,OK,Unknown,N/A,8
2026-01-24T00:53:10.000Z,0017,A24A26A0017,A24A26A0017,CASE-A,OK,Unknown,N/A,6
2026-01-24T00:51:43.000Z,0016,A24A26A0016,A24A26A0016,CASE-A,OK,Unknown,N/A,4
2026-01-24T00:42:00.000Z,0015,A24A26A0015,A24A26A0015,CASE-A,OK,Unknown,N/A,2
2026-01-23T23:10:33.000Z,0014,A24A26A0014,A24A26A0014,CASE-A,OK,Unknown,N/A,28
2026-01-23T23:09:40.000Z,0013,A24A26A0013,A24A26A0013,CASE-A,OK,Unknown,N/A,26
2026-01-23T23:08:39.000Z,0012,A24A26A0012,A24A26A0012,CASE-A,OK,Unknown,N/A,24
2026-01-23T23:07:03.000Z,0011,A24A26A0011,A24A26A0011,CASE-A,OK,Unknown,N/A,22
2026-01-23T23:06:05.000Z,0010,A24A26A0010,A24A26A0010,CASE-A,OK,Unknown,N/A,20
2026-01-23T23:01:00.000Z,0009,A24A26A0009,A24A26A0009,CASE-A,OK,Unknown,N/A,18
2026-01-23T22:54:53.000Z,0008,A24A26A0008,A24A26A0008,CASE-A,OK,Unknown,N/A,16
2026-01-23T22:50:50.000Z,0007,A24A26A0007,A24A26A0007,CASE-A,OK,Unknown,N/A,14
2026-01-23T22:45:27.000Z,0006,A24A26A0006,A24A26A0006,CASE-A,OK,Unknown,N/A,12
2026-01-23T22:44:13.000Z,0005,A24A26A0005,A24A26A0005,CASE-A,OK,Unknown,N/A,10
2026-01-23T22:39:29.000Z,0004,A24A26A0004,A24A26A0004,CASE-A,OK,Unknown,N/A,8
2026-01-23T22:38:22.000Z,0003,A24A26A0003,A24A26A0003,CASE-A,OK,Unknown,N/A,6
2026-01-23T22:31:04.000Z,0002,A24A26A0002,A24A26A0002,CASE-A,OK,Unknown,N/A,4
2026-01-23T22:28:44.000Z,0001,A24A26A0001,A24A26A0001,CASE-A,OK,Unknown,N/A,2
2026-01-23T05:46:42.000Z,0119,A23A26B0119,A23A26B0119,CASE-A,OK,Unknown,N/A,188
2026-01-23T05:45:41.000Z,0118,A23A26B0118,A23A26B0118,CASE-A,OK,Unknown,N/A,186
2026-01-23T05:27:32.000Z,0117,A23A26B0117,A23A26B0117,CASE-A,OK,Unknown,N/A,184
2026-01-23T05:22:56.000Z,0116,A23A26B0116,A23A26B0116,CASE-A,OK,Unknown,N/A,182
2026-01-23T05:21:22.000Z,0115,A23A26B0115,A23A26B0115,CASE-A,OK,Unknown,N/A,180
2026-01-23T05:12:34.000Z,0114,A23A26B0114,A23A26B0114,CASE-A,OK,Unknown,N/A,178
2026-01-23T05:05:52.000Z,0113,A23A26B0113,A23A26B0113,CASE-A,OK,Unknown,N/A,176
2026-01-23T04:39:16.000Z,0112,A23A26B0112,A23A26B0112,CASE-A,OK,Unknown,N/A,174
2026-01-23T04:36:48.000Z,0111,A23A26B0111,A23A26B0111,CASE-A,OK,Unknown,N/A,172
2026-01-23T04:26:22.000Z,0110,A23A26B0110,A23A26B0110,CASE-A,OK,Unknown,N/A,170
2026-01-23T04:25:20.000Z,0109,A23A26B0109,A23A26B0109,CASE-A,OK,Unknown,N/A,168
2026-01-23T04:24:26.000Z,0108,A23A26B0108,A23A26B0108,CASE-A,OK,Unknown,N/A,166
2026-01-23T04:21:15.000Z,0107,A23A26B0107,A23A26B0107,CASE-A,OK,Unknown,N/A,164
2026-01-23T04:11:41.000Z,0106,A23A26B0106,A23A26B0106,CASE-A,OK,Unknown,N/A,162
2026-01-23T03:55:32.000Z,0105,A23A26B0105,A23A26B0105,CASE-A,OK,Unknown,N/A,160
2026-01-23T03:54:28.000Z,0104,A23A26B0104,A23A26B0104,CASE-A,OK,Unknown,N/A,158
2026-01-23T03:47:33.000Z,0103,A23A26B0103,A23A26B0103,CASE-A,OK,Unknown,N/A,156
2026-01-23T03:41:17.000Z,0102,A23A26B0102,A23A26B0102,CASE-A,OK,Unknown,N/A,154
2026-01-23T03:28:22.000Z,0101,A23A26B0101,A23A26B0101,CASE-A,OK,Unknown,N/A,152
2026-01-23T03:25:41.000Z,0100,A23A26B0100,A23A26B0100,CASE-A,OK,Unknown,N/A,150
2026-01-23T03:22:06.000Z,0099,A23A26B0099,A23A26B0099,CASE-A,OK,Unknown,N/A,148
2026-01-23T03:08:04.000Z,0098,A23A26B0098,A23A26B0098,CASE-A,OK,Unknown,N/A,146
2026-01-23T03:06:45.000Z,0097,A23A26B0097,A23A26B0097,CASE-A,OK,Unknown,N/A,144
2026-01-23T03:05:10.000Z,0096,A23A26B0096,A23A26B0096,CASE-A,OK,Unknown,N/A,142
2026-01-23T03:03:28.000Z,0095,A23A26B0095,A23A26B0095,CASE-A,OK,Unknown,N/A,140
2026-01-23T03:01:15.000Z,0094,A23A26B0094,A23A26B0094,CASE-A,OK,Unknown,N/A,138
2026-01-23T02:58:32.000Z,0093,A23A26A0093,A23A26A0093,CASE-A,OK,Unknown,N/A,136
2026-01-23T02:47:58.000Z,0092,A23A26A0092,A23A26A0092,CASE-A,OK,Unknown,N/A,134
2026-01-23T02:20:21.000Z,0091,A23A26A0091,A23A26A0091,CASE-A,OK,Unknown,N/A,132
2026-01-23T02:13:56.000Z,0090,A23A26A0090,A23A26A0090,CASE-A,OK,Unknown,N/A,130
2026-01-23T02:11:42.000Z,0089,A23A26A0089,A23A26A0089,CASE-A,OK,Unknown,N/A,128
2026-01-23T02:09:44.000Z,0088,A23A26A0088,A23A26A0088,CASE-A,OK,Unknown,N/A,126
2026-01-23T02:06:36.000Z,0087,A23A26A0087,A23A26A0087,CASE-A,OK,Unknown,N/A,124
2026-01-23T02:04:45.000Z,0086,A23A26A0086,A23A26A0086,CASE-A,OK,Unknown,N/A,122
2026-01-23T02:02:34.000Z,0085,A23A26A0085,A23A26A0085,CASE-A,OK,Unknown,N/A,120
2026-01-23T02:00:58.000Z,0084,A23A26A0084,A23A26A0084,CASE-A,OK,Unknown,N/A,118
2026-01-23T01:58:07.000Z,0083,A23A26A0083,A23A26A0083,CASE-A,OK,Unknown,N/A,116
2026-01-23T01:54:06.000Z,0082,A23A26A0082,A23A26A0082,CASE-A,OK,Unknown,N/A,114
2026-01-23T01:28:38.000Z,0081,A23A26A0081,A23A26A0081,CASE-A,OK,Unknown,N/A,112
2026-01-23T01:24:20.000Z,0080,A23A26A0080,A23A26A0080,CASE-A,OK,Unknown,N/A,110
2026-01-23T01:22:35.000Z,0079,A23A26A0079,A23A26A0079,CASE-A,OK,Unknown,N/A,108
2026-01-23T01:20:17.000Z,0078,A23A26A0078,A23A26A0078,CASE-A,OK,Unknown,N/A,106
2026-01-23T01:18:27.000Z,0077,A23A26A0077,A23A26A0077,CASE-A,OK,Unknown,N/A,104
2026-01-23T01:17:30.000Z,0076,A23A26A0076,A23A26A0076,CASE-A,OK,Unknown,N/A,102
2026-01-23T01:15:40.000Z,0075,A23A26A0075,A23A26A0075,CASE-A,OK,Unknown,N/A,100
2026-01-23T01:09:10.000Z,0074,A23A26A0074,A23A26A0074,CASE-A,OK,Unknown,N/A,98
2026-01-23T00:55:49.000Z,0073,A23A26A0073,A23A26A0073,CASE-A,OK,Unknown,N/A,96
2026-01-23T00:52:16.000Z,0072,A23A26A0072,A23A26A0072,CASE-A,OK,Unknown,N/A,94
2026-01-23T00:46:49.000Z,0071,A23A26A0071,A23A26A0071,CASE-A,OK,Unknown,N/A,92
2026-01-23T00:45:31.000Z,0070,A23A26A0070,A23A26A0070,CASE-A,OK,Unknown,N/A,90
2026-01-23T00:43:58.000Z,0069,A23A26A0069,A23A26A0069,CASE-A,OK,Unknown,N/A,88
2026-01-23T00:41:59.000Z,0068,A23A26A0068,A23A26A0068,CASE-A,OK,Unknown,N/A,86
2026-01-23T00:08:14.000Z,0067,A23A26A0067,A23A26A0067,CASE-A,OK,Unknown,N/A,84
2026-01-23T00:07:17.000Z,0066,A23A26A0066,A23A26A0066,CASE-A,OK,Unknown,N/A,82
2026-01-22T23:45:08.000Z,0065,A23A26A0065,A23A26A0065,CASE-A,OK,Unknown,N/A,80
2026-01-22T23:43:30.000Z,0064,A23A26A0064,A23A26A0064,CASE-A,OK,Unknown,N/A,78
2026-01-22T23:41:49.000Z,0063,A23A26A0063,A23A26A0063,CASE-A,OK,Unknown,N/A,76
2026-01-22T23:29:39.000Z,0062,A23A26A0062,A23A26A0062,CASE-A,OK,Unknown,N/A,74
2026-01-22T23:28:46.000Z,0061,A23A26A0061,A23A26A0061,CASE-A,OK,Unknown,N/A,72
2026-01-22T23:26:51.000Z,0060,A23A26A0060,A23A26A0060,CASE-A,OK,Unknown,N/A,70
2026-01-22T23:24:45.000Z,0059,A23A26A0059,A23A26A0059,CASE-A,OK,Unknown,N/A,68
2026-01-22T23:14:19.000Z,0058,A23A26A0058,A23A26A0058,CASE-A,OK,Unknown,N/A,66
2026-01-22T23:10:19.000Z,0057,A23A26A0057,A23A26A0057,CASE-A,OK,Unknown,N/A,64
2026-01-22T23:05:58.000Z,0056,A23A26A0056,A23A26A0056,CASE-A,OK,Unknown,N/A,62
2026-01-22T23:02:14.000Z,0055,A23A26A0055,A23A26A0055,CASE-A,OK,Unknown,N/A,60
2026-01-22T22:33:31.000Z,0054,A23A26A0054,A23A26A0054,CASE-A,OK,Unknown,N/A,58
2026-01-22T22:32:02.000Z,0053,A23A26A0053,A23A26A0053,CASE-A,OK,Unknown,N/A,56
2026-01-22T22:30:54.000Z,0052,A23A26A0052,A23A26A0052,CASE-A,OK,Unknown,N/A,54
2026-01-22T22:28:52.000Z,0051,A23A26A0051,A23A26A0051,CASE-A,OK,Unknown,N/A,52
2026-01-22T22:27:24.000Z,0050,A23A26A0050,A23A26A0050,CASE-A,OK,Unknown,N/A,50
2026-01-22T22:26:36.000Z,0049,A23A26A0049,A23A26A0049,CASE-A,OK,Unknown,N/A,48
2026-01-22T22:25:24.000Z,0048,A23A26A0048,A23A26A0048,CASE-A,OK,Unknown,N/A,46
2026-01-22T22:23:55.000Z,0047,A23A26A0047,A23A26A0047,CASE-A,OK,Unknown,N/A,44
2026-01-22T22:22:39.000Z,0046,A23A26A0046,A23A26A0046,CASE-A,OK,Unknown,N/A,42
2026-01-22T22:16:48.000Z,0045,A23A26A0045,A23A26A0045,CASE-A,OK,Unknown,N/A,40
2026-01-22T22:15:43.000Z,0044,A23A26A0044,A23A26A0044,CASE-A,OK,Unknown,N/A,38
2026-01-22T22:14:55.000Z,0043,A23A26A0043,A23A26A0043,CASE-A,OK,Unknown,N/A,36
2026-01-22T22:13:06.000Z,0042,A23A26A0042,A23A26A0042,CASE-A,OK,Unknown,N/A,34
2026-01-22T22:06:11.000Z,0041,A23A26A0041,A23A26A0041,CASE-A,OK,Unknown,N/A,32
2026-01-22T22:02:26.000Z,0040,A23A26A0040,A23A26A0040,CASE-A,OK,Unknown,N/A,30
2026-01-22T22:01:32.000Z,0039,A23A26A0039,A23A26A0039,CASE-A,OK,Unknown,N/A,28
2026-01-22T21:53:15.000Z,0038,A23A26A0038,A23A26A0038,CASE-A,OK,Unknown,N/A,26
2026-01-22T21:52:03.000Z,0037,A23A26A0037,A23A26A0037,CASE-A,OK,Unknown,N/A,24
2026-01-22T21:47:54.000Z,0036,A23A26A0036,A23A26A0036,CASE-A,OK,Unknown,N/A,22
2026-01-22T21:46:56.000Z,0035,A23A26A0035,A23A26A0035,CASE-A,OK,Unknown,N/A,20
2026-01-22T21:46:19.000Z,0034,A23A26A0034,NG,CASE-A,NG,Unknown,N/A,18
2026-01-22T21:42:30.000Z,0033,A23A26A0033,A23A26A0033,CASE-A,OK,Unknown,N/A,16
2026-01-22T21:33:19.000Z,0032,A23A26A0032,A23A26A0032,CASE-A,OK,Unknown,N/A,14
2026-01-22T21:32:23.000Z,0031,A23A26A0031,A23A26A0031,CASE-A,OK,Unknown,N/A,12
2026-01-22T21:29:25.000Z,0030,A23A26A0030,A23A26A0030,CASE-A,OK,Unknown,N/A,10
2026-01-22T21:26:08.000Z,0029,A23A26A0029,A23A26A0029,CASE-A,OK,Unknown,N/A,8
2026-01-22T21:24:27.000Z,0028,A23A26A0028,A23A26A0028,CASE-A,OK,Unknown,N/A,6
2026-01-22T21:20:25.000Z,0027,A23A26A0027,A23A26A0027,CASE-A,OK,Unknown,N/A,4
2026-01-22T21:17:10.000Z,0026,A23A26A0026,A23A26A0026,CASE-A,OK,Unknown,N/A,2
2026-01-22T21:15:42.000Z,,,N/A,CASE-A,NG,Unknown,N/A,138
2026-01-22T21:06:43.000Z,0025,A23A26A0025,A23A26A0025,CASE-A,OK,Unknown,N/A,136
2026-01-22T20:37:04.000Z,0024,A23A26A0024,A23A26A0024,CASE-A,OK,Unknown,N/A,134
2026-01-22T20:35:05.000Z,0023,A23A26A0023,A23A26A0023,CASE-A,OK,Unknown,N/A,132
2026-01-22T20:13:41.000Z,0022,A23A26A0022,A23A26A0022,CASE-A,OK,Unknown,N/A,130
2026-01-22T20:12:30.000Z,0021,A23A26A0021,A23A26A0021,CASE-A,OK,Unknown,N/A,128
2026-01-22T20:10:14.000Z,0020,A23A26A0020,A23A26A0020,CASE-A,OK,Unknown,N/A,126
2026-01-22T20:08:08.000Z,0019,A23A26A0019,NG,CASE-A,NG,Unknown,N/A,124
2026-01-22T20:07:04.000Z,0018,A23A26A0018,A23A26A0018,CASE-A,OK,Unknown,N/A,122
2026-01-22T20:05:37.000Z,0017,A23A26A0017,A23A26A0017,CASE-A,OK,Unknown,N/A,120
2026-01-22T20:04:22.000Z,0016,A23A26A0016,A23A26A0016,CASE-A,OK,Unknown,N/A,118
2026-01-22T20:03:08.000Z,0015,A23A26A0015,A23A26A0015,CASE-A,OK,Unknown,N/A,116
2026-01-22T20:01:48.000Z,0014,A23A26A0014,A23A26A0014,CASE-A,OK,Unknown,N/A,114
2026-01-22T19:59:54.000Z,0013,A23A26A0013,A23A26A0013,CASE-A,OK,Unknown,N/A,112
2026-01-22T19:58:41.000Z,0012,A23A26A0012,A23A26A0012,CASE-A,OK,Unknown,N/A,110
2026-01-22T19:05:59.000Z,0011,A23A26A0011,A23A26A0011,CASE-A,OK,Unknown,N/A,108
2026-01-22T19:04:03.000Z,0010,A23A26A0010,A23A26A0010,CASE-A,OK,Unknown,N/A,106
2026-01-22T19:03:05.000Z,0009,A23A26A0009,A23A26A0009,CASE-A,OK,Unknown,N/A,104
2026-01-22T19:02:09.000Z,0008,A23A26A0008,A23A26A0008,CASE-A,OK,Unknown,N/A,102
2026-01-22T19:00:37.000Z,0007,A23A26A0007,A23A26A0007,CASE-A,OK,Unknown,N/A,100
2026-01-22T18:58:29.000Z,0006,A23A26A0006,A23A26A0006,CASE-A,OK,Unknown,N/A,98
2026-01-22T18:57:36.000Z,0005,A23A26A0005,A23A26A0005,CASE-A,OK,Unknown,N/A,96
2026-01-22T18:54:58.000Z,0004,A23A26A0004,A23A26A0004,CASE-A,OK,Unknown,N/A,94
2026-01-22T18:54:21.000Z,0003,A23A26A0003,A23A26A0003,CASE-A,OK,Unknown,N/A,92
2026-01-22T18:50:39.000Z,0002,A23A26A0002,A23A26A0002,CASE-A,OK,Unknown,N/A,90
2026-01-22T18:49:57.000Z,0001,A23A26A0001,A23A26A0001,CASE-A,OK,Unknown,N/A,88
2026-01-22T06:05:27.000Z,0090,A22A26B0090,A22A26B0090,CASE-A,OK,Unknown,N/A,86
2026-01-22T05:55:51.000Z,0089,A22A26B0089,A22A26B0089,CASE-A,OK,Unknown,N/A,84
2026-01-22T05:25:50.000Z,0088,A22A26B0088,A22A26B0088,CASE-A,OK,Unknown,N/A,82
2026-01-22T05:24:19.000Z,0087,A22A26B0087,A22A26B0087,CASE-A,OK,Unknown,N/A,80
2026-01-22T05:17:37.000Z,0086,A22A26B0086,A22A26B0086,CASE-A,OK,Unknown,N/A,78
2026-01-22T05:16:15.000Z,0085,A22A26B0085,A22A26B0085,CASE-A,OK,Unknown,N/A,76
2026-01-22T05:08:27.000Z,0084,A22A26B0084,A22A26B0084,CASE-A,OK,Unknown,N/A,74
2026-01-22T04:59:53.000Z,0083,A22A26B0083,A22A26B0083,CASE-A,OK,Unknown,N/A,72
2026-01-22T04:35:45.000Z,0082,A22A26B0082,A22A26B0082,CASE-A,OK,Unknown,N/A,70
2026-01-22T04:24:01.000Z,0081,A22A26B0081,A22A26B0081,CASE-A,OK,Unknown,N/A,68
2026-01-22T04:18:31.000Z,0080,A22A26B0080,A22A26B0080,CASE-A,OK,Unknown,N/A,66
2026-01-22T04:11:25.000Z,0079,A22A26B0079,A22A26B0079,CASE-A,OK,Unknown,N/A,64
2026-01-22T04:09:54.000Z,0078,A22A26B0078,A22A26B0078,CASE-A,OK,Unknown,N/A,62
2026-01-22T03:48:07.000Z,0077,A22A26B0077,A22A26B0077,CASE-A,OK,Unknown,N/A,60
2026-01-22T03:45:38.000Z,0076,A22A26B0076,A22A26B0076,CASE-A,OK,Unknown,N/A,58
2026-01-22T03:37:16.000Z,0075,A22A26B0075,A22A26B0075,CASE-A,OK,Unknown,N/A,56
2026-01-22T03:13:45.000Z,0074,A22A26B0074,A22A26B0074,CASE-A,OK,Unknown,N/A,54
2026-01-22T03:12:39.000Z,0073,A22A26B0073,A22A26B0073,CASE-A,OK,Unknown,N/A,52
2026-01-22T03:10:43.000Z,0072,A22A26B0072,A22A26B0072,CASE-A,OK,Unknown,N/A,50
2026-01-22T03:06:01.000Z,0071,A22A26B0071,A22A26B0071,CASE-A,OK,Unknown,N/A,48
2026-01-22T03:02:43.000Z,0070,A22A26B0070,A22A26B0070,CASE-A,OK,Unknown,N/A,46
2026-01-22T02:56:01.000Z,0069,A22A26A0069,A22A26A0069,CASE-A,OK,Unknown,N/A,44
2026-01-22T02:45:35.000Z,0068,A22A26A0068,NG,CASE-A,NG,Unknown,N/A,42
2026-01-22T02:42:08.000Z,0067,A22A26A0067,A22A26A0067,CASE-A,OK,Unknown,N/A,40
2026-01-22T02:37:12.000Z,0066,A22A26A0066,NG,CASE-A,NG,Unknown,N/A,38
2026-01-22T02:35:34.000Z,0065,A22A26A0065,NG,CASE-A,NG,Unknown,N/A,36
2026-01-22T02:31:55.000Z,0064,A22A26A0064,A22A26A0064,CASE-A,OK,Unknown,N/A,34
2026-01-22T02:20:44.000Z,0063,A22A26A0063,A22A26A0063,CASE-A,OK,Unknown,N/A,32
2026-01-22T02:19:49.000Z,0062,A22A26A0062,NG,CASE-A,NG,Unknown,N/A,30
2026-01-22T02:09:17.000Z,0061,A22A26A0061,NG,CASE-A,NG,Unknown,N/A,28
2026-01-22T02:00:30.000Z,0060,A22A26A0060,A22A26A0060,CASE-A,OK,Unknown,N/A,26
2026-01-22T01:59:42.000Z,0059,A22A26A0059,A22A26A0059,CASE-A,OK,Unknown,N/A,24
2026-01-22T01:57:56.000Z,0058,A22A26A0058,A22A26A0058,CASE-A,OK,Unknown,N/A,22
2026-01-22T01:48:46.000Z,0057,A22A26A0057,A22A26A0057,CASE-A,OK,Unknown,N/A,20
2026-01-22T01:44:56.000Z,0056,A22A26A0056,A22A26A0056,CASE-A,OK,Unknown,N/A,18
2026-01-22T01:43:03.000Z,0055,A22A26A0055,A22A26A0055,CASE-A,OK,Unknown,N/A,16
2026-01-22T01:19:44.000Z,0054,A22A26A0054,A22A26A0054,CASE-A,OK,Unknown,N/A,14
2026-01-22T01:16:23.000Z,0053,A22A26A0053,A22A26A0053,CASE-A,OK,Unknown,N/A,12
2026-01-22T01:14:53.000Z,0052,A22A26A0052,A22A26A0052,CASE-A,OK,Unknown,N/A,10
2026-01-22T01:13:41.000Z,0051,A22A26A0051,A22A26A0051,CASE-A,OK,Unknown,N/A,8
2026-01-22T01:12:41.000Z,0050,A22A26A0050,A22A26A0050,CASE-A,OK,Unknown,N/A,6
2026-01-22T01:10:05.000Z,0049,A22A26A0049,A22A26A0049,CASE-A,OK,Unknown,N/A,4
2026-01-22T01:08:38.000Z,0048,A22A26A0048,A22A26A0048,CASE-A,OK,Unknown,N/A,2
2026-01-21T23:11:27.000Z,0047,A22A26A0047,A22A26A0047,CASE-A,OK,Unknown,N/A,178
2026-01-21T23:07:52.000Z,0046,A22A26A0046,A22A26A0046,CASE-A,OK,Unknown,N/A,176
2026-01-21T23:04:15.000Z,0045,A22A26A0045,A22A26A0045,CASE-A,OK,Unknown,N/A,174
2026-01-21T23:03:05.000Z,0044,A22A26A0044,A22A26A0044,CASE-A,OK,Unknown,N/A,172
2026-01-21T22:57:49.000Z,0043,A22A26A0043,A22A26A0043,CASE-A,OK,Unknown,N/A,170
2026-01-21T22:54:55.000Z,0042,A22A26A0042,A22A26A0042,CASE-A,OK,Unknown,N/A,168
2026-01-21T22:52:21.000Z,0041,A22A26A0041,A22A26A0041,CASE-A,OK,Unknown,N/A,166
2026-01-21T22:50:12.000Z,0040,A22A26A0040,A22A26A0040,CASE-A,OK,Unknown,N/A,164
2026-01-21T22:48:23.000Z,0039,A22A26A0039,A22A26A0039,CASE-A,OK,Unknown,N/A,162
2026-01-21T22:46:50.000Z,0038,A22A26A0038,A22A26A0038,CASE-A,OK,Unknown,N/A,160
2026-01-21T22:45:24.000Z,0037,A22A26A0037,A22A26A0037,CASE-A,OK,Unknown,N/A,158
2026-01-21T22:43:57.000Z,0036,A22A26A0036,A22A26A0036,CASE-A,OK,Unknown,N/A,156
2026-01-21T22:42:35.000Z,0035,A22A26A0035,A22A26A0035,CASE-A,OK,Unknown,N/A,154
2026-01-21T22:24:01.000Z,0034,A22A26A0034,A22A26A0034,CASE-A,OK,Unknown,N/A,152
2026-01-21T22:19:56.000Z,0033,A22A26A0033,A22A26A0033,CASE-A,OK,Unknown,N/A,150
2026-01-21T22:18:07.000Z,0032,A22A26A0032,A22A26A0032,CASE-A,OK,Unknown,N/A,148
2026-01-21T22:14:47.000Z,0031,A22A26A0031,A22A26A0031,CASE-A,OK,Unknown,N/A,146
2026-01-21T22:11:52.000Z,0030,A22A26A0030,A22A26A0030,CASE-A,OK,Unknown,N/A,144
2026-01-21T21:43:37.000Z,0029,A22A26A0029,A22A26A0029,CASE-A,OK,Unknown,N/A,142
2026-01-21T21:34:16.000Z,0028,A22A26A0028,A22A26A0028,CASE-A,OK,Unknown,N/A,140
2026-01-21T21:29:39.000Z,0027,A22A26A0027,A22A26A0027,CASE-A,OK,Unknown,N/A,138
2026-01-21T21:27:53.000Z,0026,A22A26A0026,A22A26A0026,CASE-A,OK,Unknown,N/A,136
2026-01-21T21:23:47.000Z,0025,A22A26A0025,A22A26A0025,CASE-A,OK,Unknown,N/A,134
2026-01-21T21:22:36.000Z,0024,A22A26A0024,A22A26A0024,CASE-A,OK,Unknown,N/A,132
2026-01-21T21:20:44.000Z,0023,A22A26A0023,A22A26A0023,CASE-A,OK,Unknown,N/A,130
2026-01-21T21:17:13.000Z,0022,A22A26A0022,A22A26A0022,CASE-A,OK,Unknown,N/A,128
2026-01-21T21:08:15.000Z,0021,A22A26A0021,NG,CASE-A,NG,Unknown,N/A,126
2026-01-21T21:06:52.000Z,0020,A22A26A0020,NG,CASE-A,NG,Unknown,N/A,124
2026-01-21T21:03:30.000Z,0019,A22A26A0019,A22A26A0019,CASE-A,OK,Unknown,N/A,122
2026-01-21T21:01:45.000Z,0018,A22A26A0018,A22A26A0018,CASE-A,OK,Unknown,N/A,120
2026-01-21T20:58:29.000Z,0017,A22A26A0017,A22A26A0017,CASE-A,OK,Unknown,N/A,118
2026-01-21T20:56:38.000Z,0016,A22A26A0016,A22A26A0016,CASE-A,OK,Unknown,N/A,116
2026-01-21T20:54:42.000Z,0015,A22A26A0015,A22A26A0015,CASE-A,OK,Unknown,N/A,114
2026-01-21T20:53:17.000Z,0014,A22A26A0014,A22A26A0014,CASE-A,OK,Unknown,N/A,112
2026-01-21T20:49:28.000Z,0013,A22A26A0013,NG,CASE-A,NG,Unknown,N/A,110
2026-01-21T20:47:33.000Z,0012,A22A26A0012,A22A26A0012,CASE-A,OK,Unknown,N/A,108
2026-01-21T20:27:37.000Z,0011,A22A26A0011,NG,CASE-A,NG,Unknown,N/A,106
2026-01-21T20:25:59.000Z,0010,A22A26A0010,A22A26A0010,CASE-A,OK,Unknown,N/A,104
2026-01-21T20:23:33.000Z,0009,A22A26A0009,A22A26A0009,CASE-A,OK,Unknown,N/A,102
2026-01-21T20:22:00.000Z,0008,A22A26A0008,NG,CASE-A,NG,Unknown,N/A,100
2026-01-21T20:20:07.000Z,0007,A22A26A0007,A22A26A0007,CASE-A,OK,Unknown,N/A,98
2026-01-21T20:15:30.000Z,0006,A22A26A0006,A22A26A0006,CASE-A,OK,Unknown,N/A,96
2026-01-21T20:13:59.000Z,0005,A22A26A0005,A22A26A0005,CASE-A,OK,Unknown,N/A,94
2026-01-21T20:06:40.000Z,0004,A22A26A0004,NG,CASE-A,NG,Unknown,N/A,92
2026-01-21T20:01:37.000Z,0003,A22A26A0003,NG,CASE-A,NG,Unknown,N/A,90
2026-01-21T20:00:42.000Z,0002,A22A26A0002,A22A26A0002,CASE-A,OK,Unknown,N/A,88
2026-01-21T19:57:13.000Z,0001,A22A26A0001,A22A26A0001,CASE-A,OK,Unknown,N/A,86
2026-01-21T05:52:50.000Z,0052,A21A26B0052,A21A26B0052,CASE-A,OK,Unknown,N/A,84
2026-01-21T05:51:20.000Z,0051,A21A26B0051,NG,CASE-A,NG,Unknown,N/A,82
2026-01-21T05:48:47.000Z,0050,A21A26B0050,A21A26B0050,CASE-A,OK,Unknown,N/A,80
2026-01-21T05:23:32.000Z,0049,A21A26B0049,A21A26B0049,CASE-A,OK,Unknown,N/A,78
2026-01-21T05:22:15.000Z,0048,A21A26B0048,NG,CASE-A,NG,Unknown,N/A,76
2026-01-21T05:21:22.000Z,0047,A21A26B0047,A21A26B0047,CASE-A,OK,Unknown,N/A,74
2026-01-21T05:19:54.000Z,0046,A21A26B0046,NG,CASE-A,NG,Unknown,N/A,72
2026-01-21T05:17:56.000Z,0045,A21A26B0045,NG,CASE-A,NG,Unknown,N/A,70
2026-01-21T05:17:08.000Z,0044,A21A26B0044,A21A26B0044,CASE-A,OK,Unknown,N/A,68
2026-01-21T05:15:41.000Z,0043,A21A26B0043,A21A26B0043,CASE-A,OK,Unknown,N/A,66
2026-01-21T05:14:16.000Z,0042,A21A26B0042,A21A26B0042,CASE-A,OK,Unknown,N/A,64
2026-01-21T05:12:33.000Z,0041,A21A26B0041,A21A26B0041,CASE-A,OK,Unknown,N/A,62
2026-01-21T05:02:00.000Z,0040,A21A26B0040,A21A26B0040,CASE-A,OK,Unknown,N/A,60
2026-01-21T04:50:29.000Z,0039,A21A26B0039,NG,CASE-A,NG,Unknown,N/A,58
2026-01-21T04:49:14.000Z,0038,A21A26B0038,A21A26B0038,CASE-A,OK,Unknown,N/A,56
2026-01-21T04:47:49.000Z,0037,A21A26B0037,A21A26B0037,CASE-A,OK,Unknown,N/A,54
2026-01-21T04:46:57.000Z,0036,A21A26B0036,A21A26B0036,CASE-A,OK,Unknown,N/A,52
2026-01-21T04:45:41.000Z,0035,A21A26B0035,A21A26B0035,CASE-A,OK,Unknown,N/A,50
2026-01-21T03:42:23.000Z,0034,A21A26B0034,A21A26B0034,CASE-A,OK,Unknown,N/A,48
2026-01-21T03:39:51.000Z,0033,A21A26B0033,NG,CASE-A,NG,Unknown,N/A,46
2026-01-21T03:34:13.000Z,0032,A21A26B0032,NG,CASE-A,NG,Unknown,N/A,44
2026-01-21T03:32:57.000Z,0031,A21A26B0031,A21A26B0031,CASE-A,OK,Unknown,N/A,42
2026-01-21T03:31:45.000Z,0030,A21A26B0030,A21A26B0030,CASE-A,OK,Unknown,N/A,40
2026-01-21T03:30:56.000Z,0029,A21A26B0029,A21A26B0029,CASE-A,OK,Unknown,N/A,38
2026-01-21T03:30:08.000Z,0028,A21A26B0028,A21A26B0028,CASE-A,OK,Unknown,N/A,36
2026-01-21T03:28:16.000Z,0027,A21A26B0027,A21A26B0027,CASE-A,OK,Unknown,N/A,34
2026-01-21T03:26:44.000Z,0026,A21A26B0026,A21A26B0026,CASE-A,OK,Unknown,N/A,32
2026-01-21T03:24:38.000Z,0025,A21A26B0025,A21A26B0025,CASE-A,OK,Unknown,N/A,30
2026-01-21T03:22:32.000Z,0024,A21A26B0024,A21A26B0024,CASE-A,OK,Unknown,N/A,28
2026-01-21T03:01:25.000Z,0023,A21A26B0023,A21A26B0023,CASE-A,OK,Unknown,N/A,26
2026-01-21T02:58:51.000Z,0022,A21A26A0022,A21A26A0022,CASE-A,OK,Unknown,N/A,24
2026-01-21T02:58:00.000Z,0021,A21A26A0021,NG,CASE-A,NG,Unknown,N/A,22
2026-01-21T02:56:28.000Z,0020,A21A26A0020,A21A26A0020,CASE-A,OK,Unknown,N/A,20
2026-01-21T02:49:50.000Z,0019,A21A26A0019,A21A26A0019,CASE-A,OK,Unknown,N/A,18
2026-01-21T02:46:25.000Z,0018,A21A26A0018,A21A26A0018,CASE-A,OK,Unknown,N/A,16
2026-01-21T02:34:36.000Z,0017,A21A26A0017,A21A26A0017,CASE-A,OK,Unknown,N/A,14
2026-01-21T01:07:55.000Z,0016,A21A26A0016,A21A26A0016,CASE-A,OK,Unknown,N/A,12
2026-01-21T01:01:10.000Z,0015,A21A26A0015,A21A26A0015,CASE-A,OK,Unknown,N/A,10
2026-01-21T00:59:20.000Z,0014,A21A26A0014,A21A26A0014,CASE-A,OK,Unknown,N/A,8
2026-01-21T00:53:46.000Z,0013,A21A26A0013,A21A26A0013,CASE-A,OK,Unknown,N/A,6
2026-01-21T00:49:00.000Z,0012,A21A26A0012,A21A26A0012,CASE-A,OK,Unknown,N/A,4
2026-01-21T00:47:37.000Z,0011,A21A26A0011,A21A26A0011,CASE-A,OK,Unknown,N/A,2
2026-01-20T22:52:02.000Z,0010,A21A26A0010,A21A26A0010,CASE-A,OK,Unknown,N/A,20
2026-01-20T22:45:42.000Z,0009,A21A26A0009,A21A26A0009,CASE-A,OK,Unknown,N/A,18
2026-01-20T22:44:47.000Z,0008,A21A26A0008,A21A26A0008,CASE-A,OK,Unknown,N/A,16
2026-01-20T22:43:47.000Z,0007,A21A26A0007,A21A26A0007,CASE-A,OK,Unknown,N/A,14
2026-01-20T22:42:35.000Z,0006,A21A26A0006,A21A26A0006,CASE-A,OK,Unknown,N/A,12
2026-01-20T22:41:40.000Z,0005,A21A26A0005,A21A26A0005,CASE-A,OK,Unknown,N/A,10
2026-01-20T22:40:20.000Z,0004,A21A26A0004,A21A26A0004,CASE-A,OK,Unknown,N/A,8
2026-01-20T22:06:45.000Z,0003,A21A26A0003,A21A26A0003,CASE-A,OK,Unknown,N/A,6
2026-01-20T21:38:59.000Z,0002,A21A26A0002,A21A26A0002,CASE-A,OK,Unknown,N/A,4
2026-01-20T21:34:32.000Z,0001,A21A26A0001,A21A26A0001,CASE-A,OK,Unknown,N/A,2
2026-01-19T19:24:01.000Z,0009,A20A26A0009,A20A26A0009,CASE-A,OK,Unknown,N/A,102
2026-01-19T19:22:41.000Z,0008,A20A26A0008,A20A26A0008,CASE-A,OK,Unknown,N/A,100
2026-01-19T19:21:15.000Z,0007,A20A26A0007,A20A26A0007,CASE-A,OK,Unknown,N/A,98
2026-01-19T19:19:58.000Z,0006,A20A26A0006,A20A26A0006,CASE-A,OK,Unknown,N/A,96
2026-01-19T19:18:33.000Z,0005,A20A26A0005,A20A26A0005,CASE-A,OK,Unknown,N/A,94
2026-01-19T19:17:18.000Z,0004,A20A26A0004,A20A26A0004,CASE-A,OK,Unknown,N/A,92
2026-01-19T19:15:54.000Z,0003,A20A26A0003,A20A26A0003,CASE-A,OK,Unknown,N/A,90
2026-01-19T19:13:53.000Z,0002,A20A26A0002,A20A26A0002,CASE-A,OK,Unknown,N/A,88
2026-01-19T19:07:57.000Z,0001,A20A26A0001,A20A26A0001,CASE-A,OK,Unknown,N/A,86
2026-01-19T05:52:24.000Z,0099,A19A26B0099,NG,CASE-A,NG,Unknown,N/A,84
2026-01-19T05:50:28.000Z,0098,A19A26B0098,A19A26B0098,CASE-A,OK,Unknown,N/A,82
2026-01-19T05:49:23.000Z,0097,A19A26B0097,A19A26B0097,CASE-A,OK,Unknown,N/A,80
2026-01-19T05:48:06.000Z,0096,A19A26B0096,A19A26B0096,CASE-A,OK,Unknown,N/A,78
2026-01-19T05:46:50.000Z,0095,A19A26B0095,A19A26B0095,CASE-A,OK,Unknown,N/A,76
2026-01-19T05:45:17.000Z,0094,A19A26B0094,A19A26B0094,CASE-A,OK,Unknown,N/A,74
2026-01-19T05:43:48.000Z,0093,A19A26B0093,A19A26B0093,CASE-A,OK,Unknown,N/A,72
2026-01-19T05:42:33.000Z,0092,A19A26B0092,A19A26B0092,CASE-A,OK,Unknown,N/A,70
2026-01-19T05:41:28.000Z,0091,A19A26B0091,A19A26B0091,CASE-A,OK,Unknown,N/A,68
2026-01-19T05:40:01.000Z,0090,A19A26B0090,A19A26B0090,CASE-A,OK,Unknown,N/A,66
2026-01-19T04:29:59.000Z,0089,A19A26B0089,A19A26B0089,CASE-A,OK,Unknown,N/A,64
2026-01-19T04:28:52.000Z,0088,A19A26B0088,A19A26B0088,CASE-A,OK,Unknown,N/A,62
2026-01-19T04:27:51.000Z,0087,A19A26B0087,A19A26B0087,CASE-A,OK,Unknown,N/A,60
2026-01-19T04:26:38.000Z,0086,A19A26B0086,A19A26B0086,CASE-A,OK,Unknown,N/A,58
2026-01-19T04:25:19.000Z,0085,A19A26B0085,A19A26B0085,CASE-A,OK,Unknown,N/A,56
2026-01-19T04:23:58.000Z,0084,A19A26B0084,NG,CASE-A,NG,Unknown,N/A,54
2026-01-19T04:22:46.000Z,0083,A19A26B0083,NG,CASE-A,NG,Unknown,N/A,52
2026-01-19T04:21:34.000Z,0082,A19A26B0082,A19A26B0082,CASE-A,OK,Unknown,N/A,50
2026-01-19T04:19:12.000Z,0081,A19A26B0081,A19A26B0081,CASE-A,OK,Unknown,N/A,48
2026-01-19T04:17:28.000Z,0080,A19A26B0080,A19A26B0080,CASE-A,OK,Unknown,N/A,46
2026-01-19T04:16:11.000Z,0079,A19A26B0079,A19A26B0079,CASE-A,OK,Unknown,N/A,44
2026-01-19T04:13:37.000Z,0078,A19A26B0078,A19A26B0078,CASE-A,OK,Unknown,N/A,42
2026-01-19T03:47:20.000Z,0077,A19A26B0077,A19A26B0077,CASE-A,OK,Unknown,N/A,40
2026-01-19T03:44:52.000Z,0076,A19A26B0076,A19A26B0076,CASE-A,OK,Unknown,N/A,38
2026-01-19T03:42:28.000Z,0075,A19A26B0075,A19A26B0075,CASE-A,OK,Unknown,N/A,36
2026-01-19T03:33:26.000Z,0074,A19A26B0074,NG,CASE-A,NG,Unknown,N/A,34
2026-01-19T03:29:42.000Z,0073,A19A26B0073,A19A26B0073,CASE-A,OK,Unknown,N/A,32
2026-01-19T03:28:34.000Z,0072,A19A26B0072,A19A26B0072,CASE-A,OK,Unknown,N/A,30
2026-01-19T03:27:13.000Z,0071,A19A26B0071,A19A26B0071,CASE-A,OK,Unknown,N/A,28
2026-01-19T02:47:41.000Z,0070,A19A26A0070,A19A26A0070,CASE-A,OK,Unknown,N/A,26
2026-01-19T02:46:20.000Z,0069,A19A26A0069,A19A26A0069,CASE-A,OK,Unknown,N/A,24
2026-01-19T02:45:21.000Z,0068,A19A26A0068,A19A26A0068,CASE-A,OK,Unknown,N/A,22
2026-01-19T02:44:08.000Z,0067,A19A26A0067,A19A26A0067,CASE-A,OK,Unknown,N/A,20
2026-01-19T02:07:30.000Z,0066,A19A26A0066,A19A26A0066,CASE-A,OK,Unknown,N/A,18
2026-01-19T02:04:24.000Z,0065,A19A26A0065,A19A26A0065,CASE-A,OK,Unknown,N/A,16
2026-01-19T02:03:25.000Z,0064,A19A26A0064,A19A26A0064,CASE-A,OK,Unknown,N/A,14
2026-01-19T01:59:57.000Z,0063,A19A26A0063,A19A26A0063,CASE-A,OK,Unknown,N/A,12
2026-01-19T01:58:49.000Z,0062,A19A26A0062,A19A26A0062,CASE-A,OK,Unknown,N/A,10
2026-01-19T01:54:10.000Z,0061,A19A26A0061,A19A26A0061,CASE-A,OK,Unknown,N/A,8
2026-01-19T01:52:59.000Z,0060,A19A26A0060,A19A26A0060,CASE-A,OK,Unknown,N/A,6
2026-01-19T01:51:52.000Z,0059,A19A26A0059,A19A26A0059,CASE-A,OK,Unknown,N/A,4
2026-01-19T01:50:42.000Z,0058,A19A26A0058,A19A26A0058,CASE-A,OK,Unknown,N/A,2
2026-01-19T00:23:09.000Z,0057,A19A26A0057,A19A26A0057,CASE-A,OK,Unknown,N/A,130
2026-01-19T00:21:40.000Z,0056,A19A26A0056,A19A26A0056,CASE-A,OK,Unknown,N/A,128
2026-01-19T00:19:39.000Z,0055,A19A26A0055,A19A26A0055,CASE-A,OK,Unknown,N/A,126
2026-01-19T00:18:13.000Z,0054,A19A26A0054,A19A26A0054,CASE-A,OK,Unknown,N/A,124
2026-01-19T00:16:18.000Z,0053,A19A26A0053,A19A26A0053,CASE-A,OK,Unknown,N/A,122
2026-01-19T00:14:23.000Z,0052,A19A26A0052,A19A26A0052,CASE-A,OK,Unknown,N/A,120
2026-01-19T00:12:34.000Z,0051,A19A26A0051,A19A26A0051,CASE-A,OK,Unknown,N/A,118
2026-01-18T23:05:01.000Z,0050,A19A26A0050,A19A26A0050,CASE-A,OK,Unknown,N/A,116
2026-01-18T23:01:54.000Z,0049,A19A26A0049,A19A26A0049,CASE-A,OK,Unknown,N/A,114
2026-01-18T23:01:01.000Z,0048,A19A26A0048,NG,CASE-A,NG,Unknown,N/A,112
2026-01-18T23:00:14.000Z,0047,A19A26A0047,NG,CASE-A,NG,Unknown,N/A,110
2026-01-18T22:59:03.000Z,0046,A19A26A0046,A19A26A0046,CASE-A,OK,Unknown,N/A,108
2026-01-18T22:57:49.000Z,0045,A19A26A0045,A19A26A0045,CASE-A,OK,Unknown,N/A,106
2026-01-18T22:56:37.000Z,0044,A19A26A0044,A19A26A0044,CASE-A,OK,Unknown,N/A,104
2026-01-18T22:55:16.000Z,0043,A19A26A0043,NG,CASE-A,NG,Unknown,N/A,102
2026-01-18T22:54:08.000Z,0042,A19A26A0042,A19A26A0042,CASE-A,OK,Unknown,N/A,100
2026-01-18T22:53:04.000Z,0041,A19A26A0041,A19A26A0041,CASE-A,OK,Unknown,N/A,98
2026-01-18T22:51:57.000Z,0040,A19A26A0040,A19A26A0040,CASE-A,OK,Unknown,N/A,96
2026-01-18T22:50:48.000Z,0039,A19A26A0039,A19A26A0039,CASE-A,OK,Unknown,N/A,94
2026-01-18T22:28:02.000Z,0038,A19A26A0038,A19A26A0038,CASE-A,OK,Unknown,N/A,92
2026-01-18T22:26:49.000Z,0037,A19A26A0037,A19A26A0037,CASE-A,OK,Unknown,N/A,90
2026-01-18T22:15:09.000Z,0036,A19A26A0036,A19A26A0036,CASE-A,OK,Unknown,N/A,88
2026-01-18T22:14:04.000Z,0035,A19A26A0035,A19A26A0035,CASE-A,OK,Unknown,N/A,86
2026-01-18T22:12:44.000Z,0034,A19A26A0034,A19A26A0034,CASE-A,OK,Unknown,N/A,84
2026-01-18T22:01:31.000Z,0033,A19A26A0033,A19A26A0033,CASE-A,OK,Unknown,N/A,82
2026-01-18T22:00:17.000Z,0032,A19A26A0032,A19A26A0032,CASE-A,OK,Unknown,N/A,80
2026-01-18T21:58:34.000Z,0031,A19A26A0031,NG,CASE-A,NG,Unknown,N/A,78
2026-01-18T21:57:11.000Z,0030,A19A26A0030,A19A26A0030,CASE-A,OK,Unknown,N/A,76
2026-01-18T21:01:40.000Z,0029,A19A26A0029,A19A26A0029,CASE-A,OK,Unknown,N/A,74
2026-01-18T20:59:36.000Z,0028,A19A26A0028,A19A26A0028,CASE-A,OK,Unknown,N/A,72
2026-01-18T20:58:31.000Z,0027,A19A26A0027,A19A26A0027,CASE-A,OK,Unknown,N/A,70
2026-01-18T20:56:29.000Z,0026,A19A26A0026,A19A26A0026,CASE-A,OK,Unknown,N/A,68
2026-01-18T20:40:45.000Z,0025,A19A26A0025,A19A26A0025,CASE-A,OK,Unknown,N/A,66
2026-01-18T20:39:33.000Z,0024,A19A26A0024,A19A26A0024,CASE-A,OK,Unknown,N/A,64
2026-01-18T20:38:21.000Z,0023,A19A26A0023,A19A26A0023,CASE-A,OK,Unknown,N/A,62
2026-01-18T20:37:00.000Z,0022,A19A26A0022,A19A26A0022,CASE-A,OK,Unknown,N/A,60
2026-01-18T20:22:02.000Z,0021,A19A26A0021,A19A26A0021,CASE-A,OK,Unknown,N/A,58
2026-01-18T20:19:07.000Z,0020,A19A26A0020,A19A26A0020,CASE-A,OK,Unknown,N/A,56
2026-01-18T20:16:25.000Z,0019,A19A26A0019,A19A26A0019,CASE-A,OK,Unknown,N/A,54
2026-01-18T20:15:09.000Z,0018,A19A26A0018,A19A26A0018,CASE-A,OK,Unknown,N/A,52
2026-01-18T20:12:33.000Z,0017,A19A26A0017,A19A26A0017,CASE-A,OK,Unknown,N/A,50
2026-01-18T20:05:55.000Z,0016,A19A26A0016,A19A26A0016,CASE-A,OK,Unknown,N/A,48
2026-01-18T20:04:21.000Z,0015,A19A26A0015,NG,CASE-A,NG,Unknown,N/A,46
2026-01-18T20:01:37.000Z,0014,A19A26A0014,A19A26A0014,CASE-A,OK,Unknown,N/A,44
2026-01-18T20:00:27.000Z,0013,A19A26A0013,A19A26A0013,CASE-A,OK,Unknown,N/A,42
2026-01-18T19:58:58.000Z,0012,A19A26A0012,A19A26A0012,CASE-A,OK,Unknown,N/A,40
2026-01-18T19:57:46.000Z,0011,A19A26A0011,A19A26A0011,CASE-A,OK,Unknown,N/A,38
2026-01-18T19:52:56.000Z,0010,A19A26A0010,A19A26A0010,CASE-A,OK,Unknown,N/A,36
2026-01-18T19:51:52.000Z,0009,A19A26A0009,A19A26A0009,CASE-A,OK,Unknown,N/A,34
2026-01-18T19:50:38.000Z,0008,A19A26A0008,A19A26A0008,CASE-A,OK,Unknown,N/A,32
2026-01-18T19:49:29.000Z,0007,A19A26A0007,NG,CASE-A,NG,Unknown,N/A,30
2026-01-18T19:47:57.000Z,0006,A19A26A0006,A19A26A0006,CASE-A,OK,Unknown,N/A,28
2026-01-18T19:07:13.000Z,0005,A19A26A0005,A19A26A0005,CASE-A,OK,Unknown,N/A,26
2026-01-18T19:05:05.000Z,0004,A19A26A0004,A19A26A0004,CASE-A,OK,Unknown,N/A,24
2026-01-18T19:02:38.000Z,0003,A19A26A0003,A19A26A0003,CASE-A,OK,Unknown,N/A,22
2026-01-18T19:00:57.000Z,0002,A19A26A0002,NG,CASE-A,NG,Unknown,N/A,20
2026-01-18T18:58:14.000Z,0001,A19A26A0001,A19A26A0001,CASE-A,OK,Unknown,N/A,18
2026-01-18T01:39:27.000Z,0050,A18A26A0050,A18A26A0050,CASE-A,OK,Unknown,N/A,16
2026-01-18T01:36:57.000Z,0049,A18A26A0049,A18A26A0049,CASE-A,OK,Unknown,N/A,14
2026-01-18T01:34:16.000Z,0048,A18A26A0048,A18A26A0048,CASE-A,OK,Unknown,N/A,12
2026-01-18T01:31:46.000Z,0047,A18A26A0047,A18A26A0047,CASE-A,OK,Unknown,N/A,10
2026-01-18T01:29:28.000Z,0046,A18A26A0046,A18A26A0046,CASE-A,OK,Unknown,N/A,8
2026-01-18T01:25:30.000Z,0045,A18A26A0045,A18A26A0045,CASE-A,OK,Unknown,N/A,6
2026-01-18T01:22:45.000Z,0044,A18A26A0044,A18A26A0044,CASE-A,OK,Unknown,N/A,4
2026-01-18T01:19:09.000Z,0043,A18A26A0043,A18A26A0043,CASE-A,OK,Unknown,N/A,2
2026-01-17T23:04:17.000Z,0042,A18A26A0042,A18A26A0042,CASE-A,OK,Unknown,N/A,130
2026-01-17T23:02:08.000Z,0041,A18A26A0041,A18A26A0041,CASE-A,OK,Unknown,N/A,128
2026-01-17T22:59:57.000Z,0040,A18A26A0040,A18A26A0040,CASE-A,OK,Unknown,N/A,126
2026-01-17T22:57:29.000Z,0039,A18A26A0039,A18A26A0039,CASE-A,OK,Unknown,N/A,124
2026-01-17T22:54:58.000Z,0038,A18A26A0038,A18A26A0038,CASE-A,OK,Unknown,N/A,122
2026-01-17T22:52:52.000Z,0037,A18A26A0037,A18A26A0037,CASE-A,OK,Unknown,N/A,120
2026-01-17T22:49:55.000Z,0036,A18A26A0036,A18A26A0036,CASE-A,OK,Unknown,N/A,118
2026-01-17T22:41:30.000Z,0035,A18A26A0035,A18A26A0035,CASE-A,OK,Unknown,N/A,116
2026-01-17T22:37:00.000Z,0034,A18A26A0034,A18A26A0034,CASE-A,OK,Unknown,N/A,114
2026-01-17T22:32:44.000Z,0033,A18A26A0033,A18A26A0033,CASE-A,OK,Unknown,N/A,112
2026-01-17T22:30:20.000Z,0032,A18A26A0032,A18A26A0032,CASE-A,OK,Unknown,N/A,110
2026-01-17T22:27:24.000Z,0031,A18A26A0031,A18A26A0031,CASE-A,OK,Unknown,N/A,108
2026-01-17T22:25:08.000Z,0030,A18A26A0030,A18A26A0030,CASE-A,OK,Unknown,N/A,106
2026-01-17T22:22:15.000Z,0029,A18A26A0029,A18A26A0029,CASE-A,OK,Unknown,N/A,104
2026-01-17T22:19:58.000Z,0028,A18A26A0028,A18A26A0028,CASE-A,OK,Unknown,N/A,102
2026-01-17T22:17:31.000Z,0027,A18A26A0027,A18A26A0027,CASE-A,OK,Unknown,N/A,100
2026-01-17T22:13:07.000Z,0026,A18A26A0026,A18A26A0026,CASE-A,OK,Unknown,N/A,98
2026-01-17T22:11:14.000Z,0025,A18A26A0025,A18A26A0025,CASE-A,OK,Unknown,N/A,96
2026-01-17T22:08:50.000Z,0024,A18A26A0024,NG,CASE-A,NG,Unknown,N/A,94
2026-01-17T22:06:36.000Z,0023,A18A26A0023,A18A26A0023,CASE-A,OK,Unknown,N/A,92
2026-01-17T22:05:48.000Z,0022,A18A26A0022,NG,CASE-A,NG,Unknown,N/A,90
2026-01-17T22:01:40.000Z,0021,A18A26A0021,NG,CASE-A,NG,Unknown,N/A,88
2026-01-17T21:59:27.000Z,0020,A18A26A0020,NG,CASE-A,NG,Unknown,N/A,86
2026-01-17T21:48:28.000Z,0019,A18A26A0019,A18A26A0019,CASE-A,OK,Unknown,N/A,84
2026-01-17T21:46:20.000Z,0018,A18A26A0018,NG,CASE-A,NG,Unknown,N/A,82
2026-01-17T21:32:34.000Z,0017,A18A26A0017,NG,CASE-A,NG,Unknown,N/A,80
2026-01-17T21:29:15.000Z,0016,A18A26A0016,A18A26A0016,CASE-A,OK,Unknown,N/A,78
2026-01-17T21:21:00.000Z,0015,A18A26A0015,NG,CASE-A,NG,Unknown,N/A,76
2026-01-17T21:20:19.000Z,0014,A18A26A0014,A18A26A0014,CASE-A,OK,Unknown,N/A,74
2026-01-17T21:19:36.000Z,0013,A18A26A0013,NG,CASE-A,NG,Unknown,N/A,72
2026-01-17T21:18:58.000Z,0012,A18A26A0012,A18A26A0012,CASE-A,OK,Unknown,N/A,70
2026-01-17T21:05:07.000Z,0011,A18A26A0011,A18A26A0011,CASE-A,OK,Unknown,N/A,68
2026-01-17T21:04:26.000Z,0010,A18A26A0010,NG,CASE-A,NG,Unknown,N/A,66
2026-01-17T21:03:53.000Z,0009,A18A26A0009,A18A26A0009,CASE-A,OK,Unknown,N/A,64
2026-01-17T21:03:20.000Z,0008,A18A26A0008,NG,CASE-A,NG,Unknown,N/A,62
2026-01-17T21:00:40.000Z,0007,A18A26A0007,A18A26A0007,CASE-A,OK,Unknown,N/A,60
2026-01-17T20:59:49.000Z,0006,A18A26A0006,NG,CASE-A,NG,Unknown,N/A,58
2026-01-17T20:50:08.000Z,0005,A18A26A0005,A18A26A0005,CASE-A,OK,Unknown,N/A,56
2026-01-17T20:46:57.000Z,0004,A18A26A0004,NG,CASE-A,NG,Unknown,N/A,54
2026-01-17T20:30:44.000Z,0003,A18A26A0003,A18A26A0003,CASE-A,OK,Unknown,N/A,52
2026-01-17T20:05:18.000Z,0002,A18A26A0002,A18A26A0002,CASE-A,OK,Unknown,N/A,50
2026-01-17T20:03:17.000Z,0001,A18A26A0001,A18A26A0001,CASE-A,OK,Unknown,N/A,48
2026-01-17T05:58:27.000Z,0050,A17A26B0050,A17A26B0050,CASE-A,OK,Unknown,N/A,46
2026-01-17T05:57:13.000Z,0049,A17A26B0049,A17A26B0049,CASE-A,OK,Unknown,N/A,44
2026-01-17T05:55:37.000Z,0048,A17A26B0048,A17A26B0048,CASE-A,OK,Unknown,N/A,42
2026-01-17T05:54:20.000Z,0047,A17A26B0047,NG,CASE-A,NG,Unknown,N/A,40
2026-01-17T05:27:58.000Z,0046,A17A26B0046,A17A26B0046,CASE-A,OK,Unknown,N/A,38
2026-01-17T05:26:38.000Z,0045,A17A26B0045,A17A26B0045,CASE-A,OK,Unknown,N/A,36
2026-01-17T05:25:17.000Z,0044,A17A26B0044,A17A26B0044,CASE-A,OK,Unknown,N/A,34
2026-01-17T05:24:12.000Z,0043,A17A26B0043,A17A26B0043,CASE-A,OK,Unknown,N/A,32
2026-01-17T05:22:38.000Z,0042,A17A26B0042,A17A26B0042,CASE-A,OK,Unknown,N/A,30
2026-01-17T05:17:45.000Z,0041,A17A26B0041,A17A26B0041,CASE-A,OK,Unknown,N/A,28
2026-01-17T05:15:54.000Z,0040,A17A26B0040,A17A26B0040,CASE-A,OK,Unknown,N/A,26
2026-01-17T05:14:34.000Z,0039,A17A26B0039,A17A26B0039,CASE-A,OK,Unknown,N/A,24
2026-01-17T05:13:19.000Z,0038,A17A26B0038,NG,CASE-A,NG,Unknown,N/A,22
2026-01-17T05:12:02.000Z,0037,A17A26B0037,A17A26B0037,CASE-A,OK,Unknown,N/A,20
2026-01-17T04:15:49.000Z,0036,A17A26B0036,A17A26B0036,CASE-A,OK,Unknown,N/A,18
2026-01-17T04:14:26.000Z,0035,A17A26B0035,A17A26B0035,CASE-A,OK,Unknown,N/A,16
2026-01-17T04:12:28.000Z,0034,A17A26B0034,A17A26B0034,CASE-A,OK,Unknown,N/A,14
2026-01-17T03:44:24.000Z,0033,A17A26B0033,A17A26B0033,CASE-A,OK,Unknown,N/A,12
2026-01-17T03:40:32.000Z,0032,A17A26B0032,A17A26B0032,CASE-A,OK,Unknown,N/A,10
2026-01-17T03:35:20.000Z,0031,A17A26B0031,A17A26B0031,CASE-A,OK,Unknown,N/A,8
2026-01-17T03:33:26.000Z,0030,A17A26B0030,A17A26B0030,CASE-A,OK,Unknown,N/A,6
2026-01-17T03:30:10.000Z,0029,A17A26B0029,A17A26B0029,CASE-A,OK,Unknown,N/A,4
2026-01-17T03:24:38.000Z,0028,A17A26B0028,A17A26B0028,CASE-A,OK,Unknown,N/A,2
2026-01-17T00:19:45.000Z,0027,A17A26A0027,A17A26A0027,CASE-A,OK,Unknown,N/A,54
2026-01-17T00:17:37.000Z,0026,A17A26A0026,A17A26A0026,CASE-A,OK,Unknown,N/A,52
2026-01-17T00:16:21.000Z,0025,A17A26A0025,A17A26A0025,CASE-A,OK,Unknown,N/A,50
2026-01-17T00:14:55.000Z,0024,A17A26A0024,A17A26A0024,CASE-A,OK,Unknown,N/A,48
2026-01-17T00:12:56.000Z,0023,A17A26A0023,A17A26A0023,CASE-A,OK,Unknown,N/A,46
2026-01-17T00:11:08.000Z,0022,A17A26A0022,A17A26A0022,CASE-A,OK,Unknown,N/A,44
2026-01-17T00:09:16.000Z,0021,A17A26A0021,A17A26A0021,CASE-A,OK,Unknown,N/A,42
2026-01-17T00:07:50.000Z,0020,A17A26A0020,NG,CASE-A,NG,Unknown,N/A,40
2026-01-17T00:05:49.000Z,0019,A17A26A0019,A17A26A0019,CASE-A,OK,Unknown,N/A,38
2026-01-16T23:56:34.000Z,0018,A17A26A0018,A17A26A0018,CASE-A,OK,Unknown,N/A,36
2026-01-16T23:55:00.000Z,0017,A17A26A0017,A17A26A0017,CASE-A,OK,Unknown,N/A,34
2026-01-16T23:51:25.000Z,0016,A17A26A0016,NG,CASE-A,NG,Unknown,N/A,32
2026-01-16T23:50:04.000Z,0015,A17A26A0015,A17A26A0015,CASE-A,OK,Unknown,N/A,30
2026-01-16T23:49:04.000Z,0014,A17A26A0014,NG,CASE-A,NG,Unknown,N/A,28
2026-01-16T20:44:58.000Z,0013,A17A26A0013,NG,CASE-A,NG,Unknown,N/A,26
2026-01-16T20:42:54.000Z,0012,A17A26A0012,NG,CASE-A,NG,Unknown,N/A,24
2026-01-16T20:30:54.000Z,0011,A17A26A0011,A17A26A0011,CASE-A,OK,Unknown,N/A,22
2026-01-16T20:25:39.000Z,0010,A17A26A0010,A17A26A0010,CASE-A,OK,Unknown,N/A,20
2026-01-16T20:20:15.000Z,0009,A17A26A0009,A17A26A0009,CASE-A,OK,Unknown,N/A,18
2026-01-16T20:11:55.000Z,0008,A17A26A0008,N/A,CASE-A,NG,Unknown,N/A,16
2026-01-16T20:11:19.000Z,0007,A17A26A0007,A17A26A0007,CASE-A,OK,Unknown,N/A,14
2026-01-16T20:07:36.000Z,0006,A17A26A0006,A17A26A0006,CASE-A,OK,Unknown,N/A,12
2026-01-16T19:59:19.000Z,0005,A17A26A0005,NG,CASE-A,NG,Unknown,N/A,10
2026-01-16T19:57:42.000Z,0004,A17A26A0004,A17A26A0004,CASE-A,OK,Unknown,N/A,8
2026-01-16T19:55:52.000Z,0003,A17A26A0003,A17A26A0003,CASE-A,OK,Unknown,N/A,6
2026-01-16T19:49:41.000Z,0002,A17A26A0002,A17A26A0002,CASE-A,OK,Unknown,N/A,4
2026-01-16T19:47:34.000Z,0001,A17A26A0001,NG,CASE-A,NG,Unknown,N/A,2
2026-01-16T04:12:51.000Z,0067,A16A26B0067,A16A26B0067,CASE-A,OK,Unknown,N/A,2
2026-01-16T04:07:57.000Z,0066,A16A26B0066,A16A26B0066,CASE-A,OK,Unknown,N/A,30
2026-01-16T04:06:42.000Z,0065,A16A26B0065,A16A26B0065,CASE-A,OK,Unknown,N/A,28
2026-01-16T04:03:00.000Z,0064,A16A26B0064,A16A26B0064,CASE-A,OK,Unknown,N/A,26
2026-01-16T04:01:23.000Z,0063,A16A26B0063,A16A26B0063,CASE-A,OK,Unknown,N/A,24
2026-01-16T04:00:15.000Z,0062,A16A26B0062,A16A26B0062,CASE-A,OK,Unknown,N/A,22
2026-01-16T03:54:49.000Z,0061,A16A26B0061,A16A26B0061,CASE-A,OK,Unknown,N/A,20
2026-01-16T03:40:48.000Z,0060,A16A26B0060,A16A26B0060,CASE-A,OK,Unknown,N/A,18
2026-01-16T03:37:15.000Z,0059,A16A26B0059,A16A26B0059,CASE-A,OK,Unknown,N/A,16
2026-01-16T03:26:44.000Z,0058,A16A26B0058,A16A26B0058,CASE-A,OK,Unknown,N/A,14
2026-01-16T02:18:14.000Z,0057,A16A26A0057,A16A26A0057,CASE-A,OK,Unknown,N/A,12
2026-01-16T02:17:20.000Z,0056,A16A26A0056,A16A26A0056,CASE-A,OK,Unknown,N/A,10
2026-01-16T02:16:25.000Z,0055,A16A26A0055,A16A26A0055,CASE-A,OK,Unknown,N/A,8
2026-01-16T02:15:27.000Z,0054,A16A26A0054,A16A26A0054,CASE-A,OK,Unknown,N/A,6
2026-01-16T02:13:34.000Z,0053,A16A26A0053,A16A26A0053,CASE-A,OK,Unknown,N/A,4
2026-01-16T01:01:25.000Z,0052,A16A26A0052,A16A26A0052,CASE-A,OK,Unknown,N/A,2
2026-01-15T23:43:59.000Z,0051,A16A26A0051,A16A26A0051,CASE-A,OK,Unknown,N/A,252
2026-01-15T23:40:44.000Z,0050,A16A26A0050,A16A26A0050,CASE-A,OK,Unknown,N/A,250
2026-01-15T23:38:51.000Z,0049,A16A26A0049,A16A26A0049,CASE-A,OK,Unknown,N/A,248
2026-01-15T23:37:31.000Z,0048,A16A26A0048,A16A26A0048,CASE-A,OK,Unknown,N/A,246
2026-01-15T23:36:02.000Z,0047,A16A26A0047,A16A26A0047,CASE-A,OK,Unknown,N/A,244
2026-01-15T23:29:02.000Z,0046,A16A26A0046,A16A26A0046,CASE-A,OK,Unknown,N/A,242
2026-01-15T23:26:58.000Z,0045,A16A26A0045,A16A26A0045,CASE-A,OK,Unknown,N/A,240
2026-01-15T23:25:27.000Z,0044,A16A26A0044,A16A26A0044,CASE-A,OK,Unknown,N/A,238
2026-01-15T23:23:55.000Z,0043,A16A26A0043,A16A26A0043,CASE-A,OK,Unknown,N/A,236
2026-01-15T23:22:03.000Z,0042,A16A26A0042,A16A26A0042,CASE-A,OK,Unknown,N/A,234
2026-01-15T22:29:00.000Z,0041,A16A26A0041,A16A26A0041,CASE-A,OK,Unknown,N/A,232
2026-01-15T22:25:54.000Z,0040,A16A26A0040,A16A26A0040,CASE-A,OK,Unknown,N/A,230
2026-01-15T22:24:31.000Z,0039,A16A26A0039,A16A26A0039,CASE-A,OK,Unknown,N/A,228
2026-01-15T22:23:13.000Z,0038,A16A26A0038,A16A26A0038,CASE-A,OK,Unknown,N/A,226
2026-01-15T22:21:41.000Z,0037,A16A26A0037,A16A26A0037,CASE-A,OK,Unknown,N/A,224
2026-01-15T22:20:13.000Z,0036,A16A26A0036,A16A26A0036,CASE-A,OK,Unknown,N/A,222
2026-01-15T22:18:24.000Z,0035,A16A26A0035,A16A26A0035,CASE-A,OK,Unknown,N/A,220
2026-01-15T22:10:26.000Z,0034,A16A26A0034,A16A26A0034,CASE-A,OK,Unknown,N/A,218
2026-01-15T22:09:01.000Z,0033,A16A26A0033,A16A26A0033,CASE-A,OK,Unknown,N/A,216
2026-01-15T22:07:47.000Z,0032,A16A26A0032,A16A26A0032,CASE-A,OK,Unknown,N/A,214
2026-01-15T22:06:22.000Z,0031,A16A26A0031,A16A26A0031,CASE-A,OK,Unknown,N/A,212
2026-01-15T22:03:58.000Z,0030,A16A26A0030,A16A26A0030,CASE-A,OK,Unknown,N/A,210
2026-01-15T21:46:37.000Z,0029,A16A26A0029,A16A26A0029,CASE-A,OK,Unknown,N/A,208
2026-01-15T21:45:24.000Z,0028,A16A26A0028,A16A26A0028,CASE-A,OK,Unknown,N/A,206
2026-01-15T21:43:44.000Z,0027,A16A26A0027,A16A26A0027,CASE-A,OK,Unknown,N/A,204
2026-01-15T21:41:56.000Z,0026,A16A26A0026,A16A26A0026,CASE-A,OK,Unknown,N/A,202
2026-01-15T20:44:03.000Z,0025,A16A26A0025,A16A26A0025,CASE-A,OK,Unknown,N/A,200
2026-01-15T20:42:41.000Z,0024,A16A26A0024,A16A26A0024,CASE-A,OK,Unknown,N/A,198
2026-01-15T20:41:09.000Z,0023,A16A26A0023,A16A26A0023,CASE-A,OK,Unknown,N/A,196
2026-01-15T20:39:46.000Z,0022,A16A26A0022,A16A26A0022,CASE-A,OK,Unknown,N/A,194
2026-01-15T20:38:22.000Z,0021,A16A26A0021,A16A26A0021,CASE-A,OK,Unknown,N/A,192
2026-01-15T20:36:53.000Z,0020,A16A26A0020,A16A26A0020,CASE-A,OK,Unknown,N/A,190
2026-01-15T20:35:44.000Z,0019,A16A26A0019,A16A26A0019,CASE-A,OK,Unknown,N/A,188
2026-01-15T20:33:35.000Z,0018,A16A26A0018,A16A26A0018,CASE-A,OK,Unknown,N/A,186
2026-01-15T20:32:24.000Z,0017,A16A26A0017,A16A26A0017,CASE-A,OK,Unknown,N/A,184
2026-01-15T20:31:00.000Z,0016,A16A26A0016,A16A26A0016,CASE-A,OK,Unknown,N/A,182
2026-01-15T20:23:57.000Z,0015,A16A26A0015,A16A26A0015,CASE-A,OK,Unknown,N/A,180
2026-01-15T20:21:52.000Z,0014,A16A26A0014,A16A26A0014,CASE-A,OK,Unknown,N/A,178
2026-01-15T20:20:29.000Z,0013,A16A26A0013,A16A26A0013,CASE-A,OK,Unknown,N/A,176
2026-01-15T20:17:39.000Z,0012,A16A26A0012,A16A26A0012,CASE-A,OK,Unknown,N/A,174
2026-01-15T20:15:22.000Z,0011,A16A26A0011,A16A26A0011,CASE-A,OK,Unknown,N/A,172
2026-01-15T20:13:00.000Z,0010,A16A26A0010,A16A26A0010,CASE-A,OK,Unknown,N/A,170
2026-01-15T20:11:13.000Z,0009,A16A26A0009,A16A26A0009,CASE-A,OK,Unknown,N/A,168
2026-01-15T20:04:05.000Z,0008,A16A26A0008,A16A26A0008,CASE-A,OK,Unknown,N/A,166
2026-01-15T19:57:05.000Z,0007,A16A26A0007,A16A26A0007,CASE-A,OK,Unknown,N/A,164
2026-01-15T19:56:28.000Z,0006,A16A26A0006,A16A26A0006,CASE-A,OK,Unknown,N/A,162
2026-01-15T19:55:45.000Z,0005,A16A26A0005,A16A26A0005,CASE-A,OK,Unknown,N/A,160
2026-01-15T19:51:14.000Z,0004,A16A26A0004,A16A26A0004,CASE-A,OK,Unknown,N/A,158
2026-01-15T19:50:35.000Z,0003,A16A26A0003,A16A26A0003,CASE-A,OK,Unknown,N/A,156
2026-01-15T19:49:59.000Z,0002,A16A26A0002,A16A26A0002,CASE-A,OK,Unknown,N/A,154
2026-01-15T19:22:05.000Z,0001,A16A26A0001,A16A26A0001,CASE-A,OK,Unknown,N/A,152
2026-01-15T06:27:08.000Z,0113,A15A26B0113,A15A26B0113,CASE-A,OK,Unknown,N/A,150
2026-01-15T06:01:05.000Z,0112,A15A26B0112,A15A26B0112,CASE-A,OK,Unknown,N/A,148
2026-01-15T05:57:28.000Z,0111,A15A26B0111,A15A26B0111,CASE-A,OK,Unknown,N/A,146
2026-01-15T05:54:52.000Z,0110,A15A26B0110,A15A26B0110,CASE-A,OK,Unknown,N/A,144
2026-01-15T05:50:53.000Z,0109,A15A26B0109,A15A26B0109,CASE-A,OK,Unknown,N/A,142
2026-01-15T05:45:25.000Z,0108,A15A26B0108,A15A26B0108,CASE-A,OK,Unknown,N/A,140
2026-01-15T05:42:14.000Z,0107,A15A26B0107,A15A26B0107,CASE-A,OK,Unknown,N/A,138
2026-01-15T05:40:19.000Z,0106,A15A26B0106,A15A26B0106,CASE-A,OK,Unknown,N/A,136
2026-01-15T05:38:21.000Z,0105,A15A26B0105,A15A26B0105,CASE-A,OK,Unknown,N/A,134
2026-01-15T05:35:46.000Z,0104,A15A26B0104,A15A26B0104,CASE-A,OK,Unknown,N/A,132
2026-01-15T05:33:06.000Z,0103,A15A26B0103,A15A26B0103,CASE-A,OK,Unknown,N/A,130
2026-01-15T05:31:22.000Z,0102,A15A26B0102,A15A26B0102,CASE-A,OK,Unknown,N/A,128
2026-01-15T05:29:28.000Z,0101,A15A26B0101,A15A26B0101,CASE-A,OK,Unknown,N/A,126
2026-01-15T05:26:40.000Z,0100,A15A26B0100,A15A26B0100,CASE-A,OK,Unknown,N/A,124
2026-01-15T05:24:59.000Z,0099,A15A26B0099,A15A26B0099,CASE-A,OK,Unknown,N/A,122
2026-01-15T05:21:12.000Z,0098,A15A26B0098,A15A26B0098,CASE-A,OK,Unknown,N/A,120
2026-01-15T05:18:06.000Z,0097,A15A26B0097,A15A26B0097,CASE-A,OK,Unknown,N/A,118
2026-01-15T05:15:40.000Z,0096,A15A26B0096,A15A26B0096,CASE-A,OK,Unknown,N/A,116
2026-01-15T05:12:54.000Z,0095,A15A26B0095,A15A26B0095,CASE-A,OK,Unknown,N/A,114
2026-01-15T04:57:01.000Z,0094,A15A26B0094,A15A26B0094,CASE-A,OK,Unknown,N/A,112
2026-01-15T04:51:53.000Z,0093,A15A26B0093,A15A26B0093,CASE-A,OK,Unknown,N/A,110
2026-01-15T04:45:59.000Z,0092,A15A26B0092,A15A26B0092,CASE-A,OK,Unknown,N/A,108
2026-01-15T04:42:23.000Z,0091,A15A26B0091,A15A26B0091,CASE-A,OK,Unknown,N/A,106
2026-01-15T04:31:40.000Z,0090,A15A26B0090,A15A26B0090,CASE-A,OK,Unknown,N/A,104
2026-01-15T04:20:07.000Z,0089,A15A26B0089,A15A26B0089,CASE-A,OK,Unknown,N/A,102
2026-01-15T04:16:19.000Z,0088,A15A26B0088,A15A26B0088,CASE-A,OK,Unknown,N/A,100
2026-01-15T04:14:08.000Z,0087,A15A26B0087,A15A26B0087,CASE-A,OK,Unknown,N/A,98
2026-01-15T04:11:24.000Z,0086,A15A26B0086,A15A26B0086,CASE-A,OK,Unknown,N/A,96
2026-01-15T04:08:19.000Z,0085,A15A26B0085,A15A26B0085,CASE-A,OK,Unknown,N/A,94
2026-01-15T04:06:10.000Z,0084,A15A26B0084,A15A26B0084,CASE-A,OK,Unknown,N/A,92
2026-01-15T04:03:27.000Z,0083,A15A26B0083,A15A26B0083,CASE-A,OK,Unknown,N/A,90
2026-01-15T03:57:36.000Z,0082,A15A26B0082,A15A26B0082,CASE-A,OK,Unknown,N/A,88
2026-01-15T03:55:24.000Z,0081,A15A26B0081,A15A26B0081,CASE-A,OK,Unknown,N/A,86
2026-01-15T03:51:30.000Z,0080,A15A26B0080,A15A26B0080,CASE-A,OK,Unknown,N/A,84
2026-01-15T03:48:54.000Z,0079,A15A26B0079,A15A26B0079,CASE-A,OK,Unknown,N/A,82
2026-01-15T03:47:03.000Z,0078,A15A26B0078,A15A26B0078,CASE-A,OK,Unknown,N/A,80
2026-01-15T03:44:43.000Z,0077,A15A26B0077,A15A26B0077,CASE-A,OK,Unknown,N/A,78
2026-01-15T03:41:54.000Z,0076,A15A26B0076,A15A26B0076,CASE-A,OK,Unknown,N/A,76
2026-01-15T03:39:13.000Z,0075,A15A26B0075,A15A26B0075,CASE-A,OK,Unknown,N/A,74
2026-01-15T03:37:24.000Z,0074,A15A26B0074,A15A26B0074,CASE-A,OK,Unknown,N/A,72
2026-01-15T03:33:45.000Z,0073,A15A26B0073,A15A26B0073,CASE-A,OK,Unknown,N/A,70
2026-01-15T03:31:33.000Z,0072,A15A26B0072,A15A26B0072,CASE-A,OK,Unknown,N/A,68
2026-01-15T03:28:52.000Z,0071,A15A26B0071,A15A26B0071,CASE-A,OK,Unknown,N/A,66
2026-01-15T03:27:15.000Z,0070,A15A26B0070,A15A26B0070,CASE-A,OK,Unknown,N/A,64
2026-01-15T03:23:24.000Z,0069,A15A26B0069,A15A26B0069,CASE-A,OK,Unknown,N/A,62
2026-01-15T03:20:03.000Z,0068,A15A26B0068,A15A26B0068,CASE-A,OK,Unknown,N/A,60
2026-01-15T03:16:28.000Z,0067,A15A26B0067,A15A26B0067,CASE-A,OK,Unknown,N/A,58
2026-01-15T03:09:26.000Z,0066,A15A26B0066,A15A26B0066,CASE-A,OK,Unknown,N/A,56
2026-01-15T03:05:23.000Z,0065,A15A26B0065,A15A26B0065,CASE-A,OK,Unknown,N/A,54
2026-01-15T03:03:25.000Z,0064,A15A26B0064,A15A26B0064,CASE-A,OK,Unknown,N/A,52
2026-01-15T03:02:19.000Z,0063,A15A26B0063,A15A26B0063,CASE-A,OK,Unknown,N/A,50
2026-01-15T02:59:43.000Z,0062,A15A26A0062,A15A26A0062,CASE-A,OK,Unknown,N/A,48
2026-01-15T02:56:17.000Z,0061,A15A26A0061,NG,CASE-A,NG,Unknown,N/A,46
2026-01-15T02:55:15.000Z,0060,A15A26A0060,A15A26A0060,CASE-A,OK,Unknown,N/A,44
2026-01-15T01:46:42.000Z,0059,A15A26A0059,A15A26A0059,CASE-A,OK,Unknown,N/A,42
2026-01-15T01:45:06.000Z,0058,A15A26A0058,A15A26A0058,CASE-A,OK,Unknown,N/A,40
2026-01-15T01:43:36.000Z,0057,A15A26A0057,A15A26A0057,CASE-A,OK,Unknown,N/A,38
2026-01-15T01:41:30.000Z,0056,A15A26A0056,A15A26A0056,CASE-A,OK,Unknown,N/A,36
2026-01-15T01:39:06.000Z,0055,A15A26A0055,A15A26A0055,CASE-A,OK,Unknown,N/A,34
2026-01-15T01:37:22.000Z,0054,A15A26A0054,A15A26A0054,CASE-A,OK,Unknown,N/A,32
2026-01-15T01:35:38.000Z,0053,A15A26A0053,A15A26A0053,CASE-A,OK,Unknown,N/A,30
2026-01-15T01:33:58.000Z,0052,A15A26A0052,A15A26A0052,CASE-A,OK,Unknown,N/A,28
2026-01-15T01:05:26.000Z,0051,A15A26A0051,A15A26A0051,CASE-A,OK,Unknown,N/A,26
2026-01-15T01:02:48.000Z,0050,A15A26A0050,A15A26A0050,CASE-A,OK,Unknown,N/A,24
2026-01-15T00:58:50.000Z,0049,A15A26A0049,A15A26A0049,CASE-A,OK,Unknown,N/A,22
2026-01-15T00:53:14.000Z,0048,A15A26A0048,A15A26A0048,CASE-A,OK,Unknown,N/A,20
2026-01-15T00:50:54.000Z,0047,A15A26A0047,A15A26A0047,CASE-A,OK,Unknown,N/A,18
2026-01-15T00:48:59.000Z,0046,A15A26A0046,A15A26A0046,CASE-A,OK,Unknown,N/A,16
2026-01-15T00:46:46.000Z,0045,A15A26A0045,A15A26A0045,CASE-A,OK,Unknown,N/A,14
2026-01-15T00:44:26.000Z,0044,A15A26A0044,NG,CASE-A,NG,Unknown,N/A,12
2026-01-15T00:42:55.000Z,0043,A15A26A0043,A15A26A0043,CASE-A,OK,Unknown,N/A,10
2026-01-15T00:41:20.000Z,0042,A15A26A0042,A15A26A0042,CASE-A,OK,Unknown,N/A,8
2026-01-15T00:40:05.000Z,0041,A15A26A0041,A15A26A0041,CASE-A,OK,Unknown,N/A,6
2026-01-15T00:38:18.000Z,0040,A15A26A0040,A15A26A0040,CASE-A,OK,Unknown,N/A,4
2026-01-15T00:32:29.000Z,0039,A15A26A0039,A15A26A0039,CASE-A,OK,Unknown,N/A,2
2026-01-15T00:29:49.000Z,0038,A15A26A0038,A15A26A0038,CASE-A,OK,Unknown,N/A,146
2026-01-15T00:27:36.000Z,0037,A15A26A0037,A15A26A0037,CASE-A,OK,Unknown,N/A,144
2026-01-15T00:25:49.000Z,0036,A15A26A0036,A15A26A0036,CASE-A,OK,Unknown,N/A,142
2026-01-15T00:24:23.000Z,0035,A15A26A0035,A15A26A0035,CASE-A,OK,Unknown,N/A,140
2026-01-15T00:22:55.000Z,0034,A15A26A0034,A15A26A0034,CASE-A,OK,Unknown,N/A,138
2026-01-15T00:21:13.000Z,0033,A15A26A0033,A15A26A0033,CASE-A,OK,Unknown,N/A,136
2026-01-15T00:03:38.000Z,0032,A15A26A0032,A15A26A0032,CASE-A,OK,Unknown,N/A,134
2026-01-14T23:57:32.000Z,0031,A15A26A0031,A15A26A0031,CASE-A,OK,Unknown,N/A,132
2026-01-14T23:56:24.000Z,0030,A15A26A0030,A15A26A0030,CASE-A,OK,Unknown,N/A,130
2026-01-14T23:55:07.000Z,0029,A15A26A0029,A15A26A0029,CASE-A,OK,Unknown,N/A,128
2026-01-14T23:54:07.000Z,0028,A15A26A0028,A15A26A0028,CASE-A,OK,Unknown,N/A,126
2026-01-14T23:52:37.000Z,0027,A15A26A0027,A15A26A0027,CASE-A,OK,Unknown,N/A,124
2026-01-14T23:51:28.000Z,0026,A15A26A0026,A15A26A0026,CASE-A,OK,Unknown,N/A,122
2026-01-14T23:50:26.000Z,0025,A15A26A0025,A15A26A0025,CASE-A,OK,Unknown,N/A,120
2026-01-14T23:48:59.000Z,0024,A15A26A0024,A15A26A0024,CASE-A,OK,Unknown,N/A,118
2026-01-14T23:47:25.000Z,0023,A15A26A0023,A15A26A0023,CASE-A,OK,Unknown,N/A,116
2026-01-14T23:45:54.000Z,0022,A15A26A0022,A15A26A0022,CASE-A,OK,Unknown,N/A,114
2026-01-14T23:44:28.000Z,0021,A15A26A0021,A15A26A0021,CASE-A,OK,Unknown,N/A,112
2026-01-14T23:43:21.000Z,0020,A15A26A0020,A15A26A0020,CASE-A,OK,Unknown,N/A,110
2026-01-14T23:42:02.000Z,0019,A15A26A0019,A15A26A0019,CASE-A,OK,Unknown,N/A,108
2026-01-14T23:40:38.000Z,0018,A15A26A0018,A15A26A0018,CASE-A,OK,Unknown,N/A,106
2026-01-14T23:38:46.000Z,0017,A15A26A0017,A15A26A0017,CASE-A,OK,Unknown,N/A,104
2026-01-14T23:37:26.000Z,0016,A15A26A0016,A15A26A0016,CASE-A,OK,Unknown,N/A,102
2026-01-14T23:36:12.000Z,0015,A15A26A0015,A15A26A0015,CASE-A,OK,Unknown,N/A,100
2026-01-14T23:34:57.000Z,0014,A15A26A0014,A15A26A0014,CASE-A,OK,Unknown,N/A,98
2026-01-14T23:32:02.000Z,0013,A15A26A0013,A15A26A0013,CASE-A,OK,Unknown,N/A,96
2026-01-14T23:30:32.000Z,0012,A15A26A0012,A15A26A0012,CASE-A,OK,Unknown,N/A,94
2026-01-14T23:28:42.000Z,0011,A15A26A0011,A15A26A0011,CASE-A,OK,Unknown,N/A,92
2026-01-14T23:26:50.000Z,0010,A15A26A0010,A15A26A0010,CASE-A,OK,Unknown,N/A,90
2026-01-14T23:25:23.000Z,0009,A15A26A0009,A15A26A0009,CASE-A,OK,Unknown,N/A,88
2026-01-14T23:23:13.000Z,0008,A15A26A0008,A15A26A0008,CASE-A,OK,Unknown,N/A,86
2026-01-14T23:01:34.000Z,0007,A15A26A0007,A15A26A0007,CASE-A,OK,Unknown,N/A,84
2026-01-14T22:53:04.000Z,0006,A15A26A0006,A15A26A0006,CASE-A,OK,Unknown,N/A,82
2026-01-14T22:51:05.000Z,0005,A15A26A0005,A15A26A0005,CASE-A,OK,Unknown,N/A,80
2026-01-14T22:50:08.000Z,0004,A15A26A0004,A15A26A0004,CASE-A,OK,Unknown,N/A,78
2026-01-14T22:49:09.000Z,0003,A15A26A0003,A15A26A0003,CASE-A,OK,Unknown,N/A,76
2026-01-14T21:33:54.000Z,0002,A15A26A0002,A15A26A0002,CASE-A,OK,Unknown,N/A,74
2026-01-14T20:17:23.000Z,0001,A15A26A0001,A15A26A0001,CASE-A,OK,Unknown,N/A,72
2026-01-14T05:16:59.000Z,0094,A14A26B0094,A14A26B0094,CASE-A,OK,Unknown,N/A,70
2026-01-14T05:15:44.000Z,0093,A14A26B0093,A14A26B0093,CASE-A,OK,Unknown,N/A,68
2026-01-14T05:14:20.000Z,0092,A14A26B0092,A14A26B0092,CASE-A,OK,Unknown,N/A,66
2026-01-14T05:13:05.000Z,0091,A14A26B0091,A14A26B0091,CASE-A,OK,Unknown,N/A,64
2026-01-14T05:11:29.000Z,0090,A14A26B0090,A14A26B0090,CASE-A,OK,Unknown,N/A,62
2026-01-14T05:10:23.000Z,0089,A14A26B0089,A14A26B0089,CASE-A,OK,Unknown,N/A,60
2026-01-14T05:09:20.000Z,0088,A14A26B0088,A14A26B0088,CASE-A,OK,Unknown,N/A,58
2026-01-14T04:54:31.000Z,0087,A14A26B0087,A14A26B0087,CASE-A,OK,Unknown,N/A,56
2026-01-14T04:53:31.000Z,0086,A14A26B0086,A14A26B0086,CASE-A,OK,Unknown,N/A,54
2026-01-14T04:52:23.000Z,0085,A14A26B0085,A14A26B0085,CASE-A,OK,Unknown,N/A,52
2026-01-14T04:51:19.000Z,0084,A14A26B0084,A14A26B0084,CASE-A,OK,Unknown,N/A,50
2026-01-14T04:31:44.000Z,0083,A14A26B0083,A14A26B0083,CASE-A,OK,Unknown,N/A,48
2026-01-14T04:29:52.000Z,0082,A14A26B0082,A14A26B0082,CASE-A,OK,Unknown,N/A,46
2026-01-14T04:28:15.000Z,0081,A14A26B0081,A14A26B0081,CASE-A,OK,Unknown,N/A,44
2026-01-14T02:56:51.000Z,0080,A14A26A0080,A14A26A0080,CASE-A,OK,Unknown,N/A,42
2026-01-14T02:55:24.000Z,0079,A14A26A0079,A14A26A0079,CASE-A,OK,Unknown,N/A,40
2026-01-14T02:53:49.000Z,0078,A14A26A0078,A14A26A0078,CASE-A,OK,Unknown,N/A,38
2026-01-14T02:52:32.000Z,0077,A14A26A0077,A14A26A0077,CASE-A,OK,Unknown,N/A,36
2026-01-14T02:51:25.000Z,0076,A14A26A0076,A14A26A0076,CASE-A,OK,Unknown,N/A,34
2026-01-14T02:48:39.000Z,0075,A14A26A0075,A14A26A0075,CASE-A,OK,Unknown,N/A,32
2026-01-14T02:47:32.000Z,0074,A14A26A0074,A14A26A0074,CASE-A,OK,Unknown,N/A,30
2026-01-14T02:46:17.000Z,0073,A14A26A0073,A14A26A0073,CASE-A,OK,Unknown,N/A,28
2026-01-14T02:44:40.000Z,0072,A14A26A0072,A14A26A0072,CASE-A,OK,Unknown,N/A,26
2026-01-14T02:05:02.000Z,0071,A14A26A0071,A14A26A0071,CASE-A,OK,Unknown,N/A,24
2026-01-14T02:01:37.000Z,0070,A14A26A0070,A14A26A0070,CASE-A,OK,Unknown,N/A,22
2026-01-14T01:32:52.000Z,0069,A14A26A0069,A14A26A0069,CASE-A,OK,Unknown,N/A,20
2026-01-14T01:30:49.000Z,0068,A14A26A0068,A14A26A0068,CASE-A,OK,Unknown,N/A,18
2026-01-14T01:29:39.000Z,0067,A14A26A0067,A14A26A0067,CASE-A,OK,Unknown,N/A,16
2026-01-14T01:27:31.000Z,0066,A14A26A0066,NG,CASE-A,NG,Unknown,N/A,14
2026-01-14T01:24:20.000Z,0065,A14A26A0065,A14A26A0065,CASE-A,OK,Unknown,N/A,12
2026-01-14T01:20:05.000Z,0064,A14A26A0064,A14A26A0064,CASE-A,OK,Unknown,N/A,10
2026-01-14T01:12:58.000Z,0063,A14A26A0063,NG,CASE-A,NG,Unknown,N/A,8
2026-01-14T01:11:42.000Z,0062,A14A26A0062,A14A26A0062,CASE-A,OK,Unknown,N/A,6
2026-01-14T01:10:17.000Z,0061,A14A26A0061,A14A26A0061,CASE-A,OK,Unknown,N/A,4
2026-01-14T01:05:45.000Z,0060,A14A26A0060,A14A26A0060,CASE-A,OK,Unknown,N/A,2
2026-01-14T00:29:53.000Z,0059,A14A26A0059,A14A26A0059,CASE-A,OK,Unknown,N/A,118
2026-01-14T00:27:56.000Z,0058,A14A26A0058,A14A26A0058,CASE-A,OK,Unknown,N/A,116
2026-01-14T00:26:21.000Z,0057,A14A26A0057,A14A26A0057,CASE-A,OK,Unknown,N/A,114
2026-01-14T00:25:18.000Z,0056,A14A26A0056,A14A26A0056,CASE-A,OK,Unknown,N/A,112
2026-01-14T00:23:49.000Z,0055,A14A26A0055,A14A26A0055,CASE-A,OK,Unknown,N/A,110
2026-01-14T00:21:43.000Z,0054,A14A26A0054,A14A26A0054,CASE-A,OK,Unknown,N/A,108
2026-01-14T00:19:22.000Z,0053,A14A26A0053,A14A26A0053,CASE-A,OK,Unknown,N/A,106
2026-01-14T00:17:49.000Z,0052,A14A26A0052,A14A26A0052,CASE-A,OK,Unknown,N/A,104
2026-01-14T00:15:00.000Z,0051,A14A26A0051,A14A26A0051,CASE-A,OK,Unknown,N/A,102
2026-01-13T23:58:23.000Z,0050,A14A26A0050,A14A26A0050,CASE-A,OK,Unknown,N/A,100
2026-01-13T23:57:32.000Z,0049,A14A26A0049,NG,CASE-A,NG,Unknown,N/A,98
2026-01-13T23:56:13.000Z,0048,A14A26A0048,A14A26A0048,CASE-A,OK,Unknown,N/A,96
2026-01-13T23:54:36.000Z,0047,A14A26A0047,A14A26A0047,CASE-A,OK,Unknown,N/A,94
2026-01-13T23:53:20.000Z,0046,A14A26A0046,A14A26A0046,CASE-A,OK,Unknown,N/A,92
2026-01-13T23:52:20.000Z,0045,A14A26A0045,NG,CASE-A,NG,Unknown,N/A,90
2026-01-13T23:51:23.000Z,0044,A14A26A0044,NG,CASE-A,NG,Unknown,N/A,88
2026-01-13T23:49:53.000Z,0043,A14A26A0043,A14A26A0043,CASE-A,OK,Unknown,N/A,86
2026-01-13T23:48:31.000Z,0042,A14A26A0042,A14A26A0042,CASE-A,OK,Unknown,N/A,84
2026-01-13T23:47:20.000Z,0041,A14A26A0041,A14A26A0041,CASE-A,OK,Unknown,N/A,82
2026-01-13T23:46:03.000Z,0040,A14A26A0040,A14A26A0040,CASE-A,OK,Unknown,N/A,80
2026-01-13T23:44:32.000Z,0039,A14A26A0039,A14A26A0039,CASE-A,OK,Unknown,N/A,78
2026-01-13T23:43:35.000Z,0038,A14A26A0038,A14A26A0038,CASE-A,OK,Unknown,N/A,76
2026-01-13T23:42:12.000Z,0037,A14A26A0037,A14A26A0037,CASE-A,OK,Unknown,N/A,74
2026-01-13T23:40:09.000Z,0036,A14A26A0036,NG,CASE-A,NG,Unknown,N/A,72
2026-01-13T23:38:44.000Z,0035,A14A26A0035,A14A26A0035,CASE-A,OK,Unknown,N/A,70
2026-01-13T23:37:25.000Z,0034,A14A26A0034,A14A26A0034,CASE-A,OK,Unknown,N/A,68
2026-01-13T23:36:09.000Z,0033,A14A26A0033,A14A26A0033,CASE-A,OK,Unknown,N/A,66
2026-01-13T23:34:21.000Z,0032,A14A26A0032,NG,CASE-A,NG,Unknown,N/A,64
2026-01-13T22:23:13.000Z,0031,A14A26A0031,A14A26A0031,CASE-A,OK,Unknown,N/A,62
2026-01-13T22:22:07.000Z,0030,A14A26A0030,A14A26A0030,CASE-A,OK,Unknown,N/A,60
2026-01-13T22:19:56.000Z,0029,A14A26A0029,A14A26A0029,CASE-A,OK,Unknown,N/A,58
2026-01-13T22:18:56.000Z,0028,A14A26A0028,A14A26A0028,CASE-A,OK,Unknown,N/A,56
2026-01-13T22:17:59.000Z,0027,A14A26A0027,A14A26A0027,CASE-A,OK,Unknown,N/A,54
2026-01-13T22:16:32.000Z,0026,A14A26A0026,NG,CASE-A,NG,Unknown,N/A,52
2026-01-13T22:15:41.000Z,0025,A14A26A0025,A14A26A0025,CASE-A,OK,Unknown,N/A,50
2026-01-13T22:14:38.000Z,0024,A14A26A0024,A14A26A0024,CASE-A,OK,Unknown,N/A,48
2026-01-13T22:13:26.000Z,0023,A14A26A0023,A14A26A0023,CASE-A,OK,Unknown,N/A,46
2026-01-13T22:12:13.000Z,0022,A14A26A0022,NG,CASE-A,NG,Unknown,N/A,44
2026-01-13T22:09:35.000Z,0021,A14A26A0021,A14A26A0021,CASE-A,OK,Unknown,N/A,42
2026-01-13T22:04:55.000Z,0020,A14A26A0020,A14A26A0020,CASE-A,OK,Unknown,N/A,40
2026-01-13T22:01:49.000Z,0019,A14A26A0019,A14A26A0019,CASE-A,OK,Unknown,N/A,38
2026-01-13T21:58:34.000Z,0018,A14A26A0018,A14A26A0018,CASE-A,OK,Unknown,N/A,36
2026-01-13T21:57:35.000Z,0017,A14A26A0017,A14A26A0017,CASE-A,OK,Unknown,N/A,34
2026-01-13T21:52:46.000Z,0016,A14A26A0016,A14A26A0016,CASE-A,OK,Unknown,N/A,32
2026-01-13T21:50:32.000Z,0015,A14A26A0015,A14A26A0015,CASE-A,OK,Unknown,N/A,30
2026-01-13T21:49:03.000Z,0014,A14A26A0014,A14A26A0014,CASE-A,OK,Unknown,N/A,28
2026-01-13T21:48:17.000Z,0013,A14A26A0013,A14A26A0013,CASE-A,OK,Unknown,N/A,26
2026-01-13T21:47:19.000Z,0012,A14A26A0012,N/A,CASE-A,NG,Unknown,N/A,24
2026-01-13T21:45:29.000Z,0011,A14A26A0011,A14A26A0011,CASE-A,OK,Unknown,N/A,22
2026-01-13T21:44:16.000Z,0010,A14A26A0010,A14A26A0010,CASE-A,OK,Unknown,N/A,20
2026-01-13T21:42:28.000Z,0009,A14A26A0009,A14A26A0009,CASE-A,OK,Unknown,N/A,18
2026-01-13T21:39:55.000Z,0008,A14A26A0008,A14A26A0008,CASE-A,OK,Unknown,N/A,16
2026-01-13T21:38:27.000Z,0007,A14A26A0007,A14A26A0007,CASE-A,OK,Unknown,N/A,14
2026-01-13T21:36:10.000Z,0006,A14A26A0006,A14A26A0006,CASE-A,OK,Unknown,N/A,12
2026-01-13T20:42:41.000Z,0005,A14A26A0005,A14A26A0005,CASE-A,OK,Unknown,N/A,10
2026-01-13T20:09:48.000Z,0004,A14A26A0004,NG,CASE-A,NG,Unknown,N/A,8
2026-01-13T20:06:10.000Z,0003,A14A26A0003,NG,CASE-A,NG,Unknown,N/A,6
2026-01-13T19:17:04.000Z,0002,A14A26A0002,NG,CASE-A,NG,Unknown,N/A,4
2026-01-13T19:06:56.000Z,0001,A14A26A0001,A14A26A0001,CASE-A,OK,Unknown,N/A,2
2026-01-13T07:13:24.000Z,0049,A13A26B0049,A13A26B0049,CASE-A,OK,Unknown,N/A,10
2026-01-13T07:12:04.000Z,0048,A13A26B0048,A13A26B0048,CASE-A,OK,Unknown,N/A,8
2026-01-13T07:10:47.000Z,0047,A13A26B0047,A13A26B0047,CASE-A,OK,Unknown,N/A,6
2026-01-13T07:10:06.000Z,0046,A13A26B0046,A13A26B0046,CASE-A,OK,Unknown,N/A,4
2026-01-13T06:56:12.000Z,0045,A13A26B0045,A13A26B0045,CASE-A,OK,Unknown,N/A,2
2026-01-13T06:54:02.000Z,0044,A13A26B0044,A13A26B0044,CASE-A,OK,Unknown,N/A,44
2026-01-13T06:49:24.000Z,0043,A13A26B0043,A13A26B0043,CASE-A,OK,Unknown,N/A,42
2026-01-13T06:48:53.000Z,0042,A13A26B0042,NG,CASE-A,NG,Unknown,N/A,40
2026-01-13T06:37:50.000Z,0041,A13A26B0041,A13A26B0041,CASE-A,OK,Unknown,N/A,38
2026-01-13T06:34:33.000Z,0040,A13A26B0040,NG,CASE-A,NG,Unknown,N/A,36
2026-01-13T06:32:52.000Z,0039,A13A26B0039,A13A26B0039,CASE-A,OK,Unknown,N/A,34
2026-01-13T06:31:51.000Z,0038,A13A26B0038,A13A26B0038,CASE-A,OK,Unknown,N/A,32
2026-01-13T06:30:43.000Z,0037,A13A26B0037,NG,CASE-A,NG,Unknown,N/A,30
2026-01-13T06:28:51.000Z,0036,A13A26B0036,NG,CASE-A,NG,Unknown,N/A,28
2026-01-13T06:28:00.000Z,0035,A13A26B0035,NG,CASE-A,NG,Unknown,N/A,26
2026-01-13T06:27:32.000Z,0034,A13A26B0034,NG,CASE-A,NG,Unknown,N/A,24
2026-01-13T06:26:50.000Z,0033,A13A26B0033,NG,CASE-A,NG,Unknown,N/A,22
2026-01-13T06:26:44.000Z,0032,A13A26B0032,N/A,CASE-A,NG,Unknown,N/A,20
2026-01-13T06:26:36.000Z,0031,A13A26B0031,N/A,CASE-A,NG,Unknown,N/A,18
2026-01-13T06:05:37.000Z,0030,A13A26B0030,NG,CASE-A,NG,Unknown,N/A,16
2026-01-13T06:01:27.000Z,0029,A13A26B0029,NG,CASE-A,NG,Unknown,N/A,14
2026-01-13T06:00:47.000Z,0028,A13A26B0028,NG,CASE-A,NG,Unknown,N/A,12
2026-01-13T06:00:22.000Z,0027,A13A26B0027,NG,CASE-A,NG,Unknown,N/A,10
2026-01-13T05:59:56.000Z,0026,A13A26B0026,NG,CASE-A,NG,Unknown,N/A,8
2026-01-13T05:59:30.000Z,0025,A13A26B0025,NG,CASE-A,NG,Unknown,N/A,6
2026-01-13T05:58:45.000Z,0024,A13A26B0024,NG,CASE-A,NG,Unknown,N/A,4
2026-01-13T05:58:08.000Z,0023,A13A26B0023,NG,CASE-A,NG,Unknown,N/A,2
2026-01-12T22:08:56.000Z,0022,A13A26A0022,A13A26A0022,CASE-A,OK,Unknown,N/A,44
2026-01-12T22:08:15.000Z,0021,A13A26A0021,NG,CASE-A,NG,Unknown,N/A,42
2026-01-12T22:07:25.000Z,0020,A13A26A0020,NG,CASE-A,NG,Unknown,N/A,40
2026-01-12T22:04:26.000Z,0019,A13A26A0019,NG,CASE-A,NG,Unknown,N/A,38
2026-01-12T21:50:34.000Z,0018,A13A26A0018,NG,CASE-A,NG,Unknown,N/A,36
2026-01-12T21:47:49.000Z,0017,A13A26A0017,N/A,CASE-A,NG,Unknown,N/A,34
2026-01-12T21:46:10.000Z,0016,A13A26A0016,A13A26A0016,CASE-A,OK,Unknown,N/A,32
2026-01-12T21:45:04.000Z,0015,A13A26A0015,NG,CASE-A,NG,Unknown,N/A,30
2026-01-12T21:42:05.000Z,0014,A13A26A0014,NG,CASE-A,NG,Unknown,N/A,28
2026-01-12T21:02:55.000Z,0013,A13A26A0013,A13A26A0013,CASE-A,OK,Unknown,N/A,26
2026-01-12T21:02:11.000Z,0012,A13A26A0012,A13A26A0012,CASE-A,OK,Unknown,N/A,24
2026-01-12T20:31:07.000Z,0011,A13A26A0011,N/A,CASE-A,NG,Unknown,N/A,22
2026-01-12T20:30:51.000Z,0010,A13A26A0010,N/A,CASE-A,NG,Unknown,N/A,20
2026-01-12T20:30:09.000Z,0009,A13A26A0009,NG,CASE-A,NG,Unknown,N/A,18
2026-01-12T20:24:57.000Z,0008,A13A26A0008,NG,CASE-A,NG,Unknown,N/A,16
2026-01-12T20:22:46.000Z,0007,A13A26A0007,A13A26A0007,CASE-A,OK,Unknown,N/A,14
2026-01-12T20:22:12.000Z,0006,A13A26A0006,NG,CASE-A,NG,Unknown,N/A,12
2026-01-12T20:20:00.000Z,0005,A13A26A0005,NG,CASE-A,NG,Unknown,N/A,10
2026-01-12T20:12:42.000Z,0004,A13A26A0004,NG,CASE-A,NG,Unknown,N/A,8
2026-01-12T19:39:16.000Z,0003,A13A26A0003,A13A26A0003,CASE-A,OK,Unknown,N/A,6
2026-01-12T19:31:19.000Z,0002,A13A26A0002,A13A26A0002,CASE-A,OK,Unknown,N/A,4
2026-01-12T19:30:43.000Z,0001,A13A26A0001,NG,CASE-A,NG,Unknown,N/A,2
2026-01-08T19:30:39.000Z,0002,A09A26A0002,A09A26A0002,CASE-A,OK,Unknown,N/A,28
2026-01-08T19:27:45.000Z,0001,A09A26A0001,A09A26A0001,CASE-A,OK,Unknown,N/A,26
2026-01-08T02:50:26.000Z,0033,A08A26A0033,A08A26A0033,CASE-A,OK,Unknown,N/A,24
2026-01-08T02:42:03.000Z,0032,A08A26A0032,NG,CASE-A,NG,Unknown,N/A,22
2026-01-08T02:27:52.000Z,0031,A08A26A0031,A08A26A0031,CASE-A,OK,Unknown,N/A,20
2026-01-08T02:11:15.000Z,0030,A08A26A0030,A08A26A0030,CASE-A,OK,Unknown,N/A,18
2026-01-08T01:52:48.000Z,0029,A08A26A0029,A08A26A0029,CASE-A,OK,Unknown,N/A,16
2026-01-08T01:45:57.000Z,0028,A08A26A0028,A08A26A0028,CASE-A,OK,Unknown,N/A,14
2026-01-08T01:34:13.000Z,0027,A08A26A0027,A08A26A0027,CASE-A,OK,Unknown,N/A,12
2026-01-08T01:25:00.000Z,0026,A08A26A0026,A08A26A0026,CASE-A,OK,Unknown,N/A,10
2026-01-08T01:21:30.000Z,0025,A08A26A0025,A08A26A0025,CASE-A,OK,Unknown,N/A,8
2026-01-08T01:16:24.000Z,0024,A08A26A0024,A08A26A0024,CASE-A,OK,Unknown,N/A,6
2026-01-08T01:15:33.000Z,0023,A08A26A0023,A08A26A0023,CASE-A,OK,Unknown,N/A,4
2026-01-08T01:09:17.000Z,0022,A08A26A0022,A08A26A0022,CASE-A,OK,Unknown,N/A,2
2026-01-07T23:14:07.000Z,0021,A08A26A0021,A08A26A0021,CASE-A,OK,Unknown,N/A,100
2026-01-07T23:13:12.000Z,0020,A08A26A0020,A08A26A0020,CASE-A,OK,Unknown,N/A,98
2026-01-07T23:11:25.000Z,0019,A08A26A0019,A08A26A0019,CASE-A,OK,Unknown,N/A,96
2026-01-07T22:52:46.000Z,0018,A08A26A0018,A08A26A0018,CASE-A,OK,Unknown,N/A,94
2026-01-07T22:44:38.000Z,0017,A08A26A0017,A08A26A0017,CASE-A,OK,Unknown,N/A,92
2026-01-07T22:36:15.000Z,0016,A08A26A0016,A08A26A0016,CASE-A,OK,Unknown,N/A,90
2026-01-07T22:34:34.000Z,0015,A08A26A0015,A08A26A0015,CASE-A,OK,Unknown,N/A,88
2026-01-07T22:32:26.000Z,0014,A08A26A0014,A08A26A0014,CASE-A,OK,Unknown,N/A,86
2026-01-07T22:28:11.000Z,0013,A08A26A0013,A08A26A0013,CASE-A,OK,Unknown,N/A,84
2026-01-07T22:24:53.000Z,0012,A08A26A0012,A08A26A0012,CASE-A,OK,Unknown,N/A,82
2026-01-07T22:10:17.000Z,0011,A08A26A0011,A08A26A0011,CASE-A,OK,Unknown,N/A,80
2026-01-07T22:09:16.000Z,0010,A08A26A0010,A08A26A0010,CASE-A,OK,Unknown,N/A,78
2026-01-07T22:07:02.000Z,0009,A08A26A0009,A08A26A0009,CASE-A,OK,Unknown,N/A,76
2026-01-07T21:50:40.000Z,0008,A08A26A0008,A08A26A0008,CASE-A,OK,Unknown,N/A,74
2026-01-07T21:49:40.000Z,0007,A08A26A0007,A08A26A0007,CASE-A,OK,Unknown,N/A,72
2026-01-07T21:34:06.000Z,0006,A08A26A0006,A08A26A0006,CASE-A,OK,Unknown,N/A,70
2026-01-07T21:33:31.000Z,0005,A08A26A0005,A08A26A0005,CASE-A,OK,Unknown,N/A,68
2026-01-07T21:02:46.000Z,0004,A08A26A0004,A08A26A0004,CASE-A,OK,Unknown,N/A,66
2026-01-07T21:00:53.000Z,0003,A08A26A0003,A08A26A0003,CASE-A,OK,Unknown,N/A,64
2026-01-07T20:59:32.000Z,0002,A08A26A0002,NG,CASE-A,NG,Unknown,N/A,62
2026-01-07T19:15:55.000Z,0001,A08A26A0001,A08A26A0001,CASE-A,OK,Unknown,N/A,60
2026-01-07T05:35:03.000Z,0085,A07A26B0085,A07A26B0085,CASE-A,OK,Unknown,N/A,58
2026-01-07T05:34:34.000Z,0084,A07A26B0084,A07A26B0084,CASE-A,OK,Unknown,N/A,56
2026-01-07T05:34:01.000Z,0083,A07A26B0083,A07A26B0083,CASE-A,OK,Unknown,N/A,54
2026-01-07T05:33:13.000Z,0082,A07A26B0082,A07A26B0082,CASE-A,OK,Unknown,N/A,52
2026-01-07T05:32:47.000Z,0081,A07A26B0081,A07A26B0081,CASE-A,OK,Unknown,N/A,50
2026-01-07T02:39:08.000Z,0080,A07A26A0080,A07A26A0080,CASE-A,OK,Unknown,N/A,48
2026-01-07T02:38:37.000Z,0079,A07A26A0079,A07A26A0079,CASE-A,OK,Unknown,N/A,46
2026-01-07T02:38:14.000Z,0078,A07A26A0078,A07A26A0078,CASE-A,OK,Unknown,N/A,44
2026-01-07T02:37:41.000Z,0077,A07A26A0077,A07A26A0077,CASE-A,OK,Unknown,N/A,42
2026-01-07T02:37:15.000Z,0076,A07A26A0076,A07A26A0076,CASE-A,OK,Unknown,N/A,40
2026-01-07T02:36:52.000Z,0075,A07A26A0075,A07A26A0075,CASE-A,OK,Unknown,N/A,38
2026-01-07T01:40:00.000Z,0074,A07A26A0074,A07A26A0074,CASE-A,OK,Unknown,N/A,36
2026-01-07T01:39:31.000Z,0073,A07A26A0073,A07A26A0073,CASE-A,OK,Unknown,N/A,34
2026-01-07T01:38:53.000Z,0072,A07A26A0072,A07A26A0072,CASE-A,OK,Unknown,N/A,32
2026-01-07T01:38:29.000Z,0071,A07A26A0071,A07A26A0071,CASE-A,OK,Unknown,N/A,30
2026-01-07T01:30:31.000Z,0070,A07A26A0070,A07A26A0070,CASE-A,OK,Unknown,N/A,28
2026-01-07T01:30:08.000Z,0069,A07A26A0069,A07A26A0069,CASE-A,OK,Unknown,N/A,26
2026-01-07T01:29:42.000Z,0068,A07A26A0068,A07A26A0068,CASE-A,OK,Unknown,N/A,24
2026-01-07T01:27:34.000Z,0067,A07A26A0067,A07A26A0067,CASE-A,OK,Unknown,N/A,22
2026-01-07T01:27:10.000Z,0066,A07A26A0066,A07A26A0066,CASE-A,OK,Unknown,N/A,20
2026-01-07T01:26:47.000Z,0065,A07A26A0065,A07A26A0065,CASE-A,OK,Unknown,N/A,18
2026-01-07T01:13:54.000Z,0064,A07A26A0064,A07A26A0064,CASE-A,OK,Unknown,N/A,16
2026-01-07T01:12:58.000Z,0063,A07A26A0063,A07A26A0063,CASE-A,OK,Unknown,N/A,14
2026-01-07T01:12:31.000Z,0062,A07A26A0062,A07A26A0062,CASE-A,OK,Unknown,N/A,12
2026-01-07T01:05:53.000Z,0061,A07A26A0061,A07A26A0061,CASE-A,OK,Unknown,N/A,10
2026-01-07T01:05:23.000Z,0060,A07A26A0060,A07A26A0060,CASE-A,OK,Unknown,N/A,8
2026-01-07T01:04:58.000Z,0059,A07A26A0059,A07A26A0059,CASE-A,OK,Unknown,N/A,6
2026-01-07T00:58:18.000Z,0058,A07A26A0058,A07A26A0058,CASE-A,OK,Unknown,N/A,4
2026-01-07T00:57:55.000Z,0057,A07A26A0057,A07A26A0057,CASE-A,OK,Unknown,N/A,2
2026-01-07T00:23:05.000Z,0056,A07A26A0056,A07A26A0056,CASE-A,OK,Unknown,N/A,282
2026-01-06T23:11:40.000Z,0055,A07A26A0055,A07A26A0055,CASE-A,OK,Unknown,N/A,280
2026-01-06T23:11:16.000Z,0054,A07A26A0054,A07A26A0054,CASE-A,OK,Unknown,N/A,278
2026-01-06T23:10:52.000Z,0053,A07A26A0053,A07A26A0053,CASE-A,OK,Unknown,N/A,276
2026-01-06T23:10:16.000Z,0052,A07A26A0052,A07A26A0052,CASE-A,OK,Unknown,N/A,274
2026-01-06T23:09:46.000Z,0051,A07A26A0051,A07A26A0051,CASE-A,OK,Unknown,N/A,272
2026-01-06T23:09:22.000Z,0050,A07A26A0050,A07A26A0050,CASE-A,OK,Unknown,N/A,270
2026-01-06T23:08:50.000Z,0049,A07A26A0049,A07A26A0049,CASE-A,OK,Unknown,N/A,268
2026-01-06T23:08:23.000Z,0048,A07A26A0048,A07A26A0048,CASE-A,OK,Unknown,N/A,266
2026-01-06T23:08:01.000Z,0047,A07A26A0047,A07A26A0047,CASE-A,OK,Unknown,N/A,264
2026-01-06T23:07:36.000Z,0046,A07A26A0046,A07A26A0046,CASE-A,OK,Unknown,N/A,262
2026-01-06T22:51:22.000Z,0045,A07A26A0045,A07A26A0045,CASE-A,OK,Unknown,N/A,260
2026-01-06T22:50:53.000Z,0044,A07A26A0044,A07A26A0044,CASE-A,OK,Unknown,N/A,258
2026-01-06T22:50:27.000Z,0043,A07A26A0043,A07A26A0043,CASE-A,OK,Unknown,N/A,256
2026-01-06T22:49:55.000Z,0042,A07A26A0042,A07A26A0042,CASE-A,OK,Unknown,N/A,254
2026-01-06T22:49:29.000Z,0041,A07A26A0041,A07A26A0041,CASE-A,OK,Unknown,N/A,252
2026-01-06T22:49:06.000Z,0040,A07A26A0040,A07A26A0040,CASE-A,OK,Unknown,N/A,250
2026-01-06T22:48:29.000Z,0039,A07A26A0039,A07A26A0039,CASE-A,OK,Unknown,N/A,248
2026-01-06T22:48:04.000Z,0038,A07A26A0038,A07A26A0038,CASE-A,OK,Unknown,N/A,246
2026-01-06T22:47:32.000Z,0037,A07A26A0037,A07A26A0037,CASE-A,OK,Unknown,N/A,244
2026-01-06T22:35:05.000Z,0036,A07A26A0036,A07A26A0036,CASE-A,OK,Unknown,N/A,242
2026-01-06T22:34:37.000Z,0035,A07A26A0035,A07A26A0035,CASE-A,OK,Unknown,N/A,240
2026-01-06T22:34:12.000Z,0034,A07A26A0034,NG,CASE-A,NG,Unknown,N/A,238
2026-01-06T22:24:52.000Z,0033,A07A26A0033,A07A26A0033,CASE-A,OK,Unknown,N/A,236
2026-01-06T22:24:29.000Z,0032,A07A26A0032,A07A26A0032,CASE-A,OK,Unknown,N/A,234
2026-01-06T21:55:25.000Z,0031,A07A26A0031,A07A26A0031,CASE-A,OK,Unknown,N/A,232
2026-01-06T21:55:00.000Z,0030,A07A26A0030,A07A26A0030,CASE-A,OK,Unknown,N/A,230
2026-01-06T21:54:28.000Z,0029,A07A26A0029,A07A26A0029,CASE-A,OK,Unknown,N/A,228
2026-01-06T21:53:46.000Z,0028,A07A26A0028,A07A26A0028,CASE-A,OK,Unknown,N/A,226
2026-01-06T21:53:23.000Z,0027,A07A26A0027,A07A26A0027,CASE-A,OK,Unknown,N/A,224
2026-01-06T21:33:48.000Z,0026,A07A26A0026,A07A26A0026,CASE-A,OK,Unknown,N/A,222
2026-01-06T21:33:25.000Z,0025,A07A26A0025,A07A26A0025,CASE-A,OK,Unknown,N/A,220
2026-01-06T21:33:01.000Z,0024,A07A26A0024,A07A26A0024,CASE-A,OK,Unknown,N/A,218
2026-01-06T21:27:41.000Z,0023,A07A26A0023,A07A26A0023,CASE-A,OK,Unknown,N/A,216
2026-01-06T21:27:18.000Z,0022,A07A26A0022,A07A26A0022,CASE-A,OK,Unknown,N/A,214
2026-01-06T21:26:54.000Z,0021,A07A26A0021,A07A26A0021,CASE-A,OK,Unknown,N/A,212
2026-01-06T21:26:27.000Z,0020,A07A26A0020,A07A26A0020,CASE-A,OK,Unknown,N/A,210
2026-01-06T21:25:46.000Z,0019,A07A26A0019,A07A26A0019,CASE-A,OK,Unknown,N/A,208
2026-01-06T21:25:16.000Z,0018,A07A26A0018,A07A26A0018,CASE-A,OK,Unknown,N/A,206
2026-01-06T21:17:27.000Z,0017,A07A26A0017,A07A26A0017,CASE-A,OK,Unknown,N/A,204
2026-01-06T21:16:59.000Z,0016,A07A26A0016,A07A26A0016,CASE-A,OK,Unknown,N/A,202
2026-01-06T20:43:17.000Z,0015,A07A26A0015,A07A26A0015,CASE-A,OK,Unknown,N/A,200
2026-01-06T20:32:41.000Z,0014,A07A26A0014,A07A26A0014,CASE-A,OK,Unknown,N/A,198
2026-01-06T20:31:34.000Z,0013,A07A26A0013,A07A26A0013,CASE-A,OK,Unknown,N/A,196
2026-01-06T20:30:40.000Z,0012,A07A26A0012,A07A26A0012,CASE-A,OK,Unknown,N/A,194
2026-01-06T20:28:47.000Z,0011,A07A26A0011,A07A26A0011,CASE-A,OK,Unknown,N/A,192
2026-01-06T20:27:49.000Z,0010,A07A26A0010,A07A26A0010,CASE-A,OK,Unknown,N/A,190
2026-01-06T20:26:58.000Z,0009,A07A26A0009,A07A26A0009,CASE-A,OK,Unknown,N/A,188
2026-01-06T20:26:20.000Z,0008,A07A26A0008,A07A26A0008,CASE-A,OK,Unknown,N/A,186
2026-01-06T20:25:57.000Z,0007,A07A26A0007,A07A26A0007,CASE-A,OK,Unknown,N/A,184
2026-01-06T20:25:33.000Z,0006,A07A26A0006,A07A26A0006,CASE-A,OK,Unknown,N/A,182
2026-01-06T20:24:40.000Z,0005,A07A26A0005,A07A26A0005,CASE-A,OK,Unknown,N/A,180
2026-01-06T20:20:38.000Z,0004,A07A26A0004,A07A26A0004,CASE-A,OK,Unknown,N/A,178
2026-01-06T19:44:19.000Z,0003,A07A26A0003,A07A26A0003,CASE-A,OK,Unknown,N/A,176
2026-01-06T19:17:24.000Z,0002,A07A26A0002,A07A26A0002,CASE-A,OK,Unknown,N/A,174
2026-01-06T19:16:34.000Z,0001,A07A26A0001,A07A26A0001,CASE-A,OK,Unknown,N/A,172
2026-01-06T05:37:33.000Z,0121,A06A26B0121,A06A26B0121,CASE-A,OK,Unknown,N/A,170
2026-01-06T05:37:01.000Z,0120,A06A26B0120,A06A26B0120,CASE-A,OK,Unknown,N/A,168
2026-01-06T05:36:31.000Z,0119,A06A26B0119,A06A26B0119,CASE-A,OK,Unknown,N/A,166
2026-01-06T05:35:49.000Z,0118,A06A26B0118,A06A26B0118,CASE-A,OK,Unknown,N/A,164
2026-01-06T05:11:44.000Z,0117,A06A26B0117,A06A26B0117,CASE-A,OK,Unknown,N/A,162
2026-01-06T05:10:34.000Z,0116,A06A26B0116,A06A26B0116,CASE-A,OK,Unknown,N/A,160
2026-01-06T05:08:30.000Z,0115,A06A26B0115,A06A26B0115,CASE-A,OK,Unknown,N/A,158
2026-01-06T05:08:07.000Z,0114,A06A26B0114,A06A26B0114,CASE-A,OK,Unknown,N/A,156
2026-01-06T05:07:43.000Z,0113,A06A26B0113,A06A26B0113,CASE-A,OK,Unknown,N/A,154
2026-01-06T04:56:38.000Z,0112,A06A26B0112,A06A26B0112,CASE-A,OK,Unknown,N/A,152
2026-01-06T04:56:13.000Z,0111,A06A26B0111,A06A26B0111,CASE-A,OK,Unknown,N/A,150
2026-01-06T04:55:47.000Z,0110,A06A26B0110,A06A26B0110,CASE-A,OK,Unknown,N/A,148
2026-01-06T04:55:23.000Z,0109,A06A26B0109,A06A26B0109,CASE-A,OK,Unknown,N/A,146
2026-01-06T04:49:36.000Z,0108,A06A26B0108,A06A26B0108,CASE-A,OK,Unknown,N/A,144
2026-01-06T04:48:31.000Z,0107,A06A26B0107,NG,CASE-A,NG,Unknown,N/A,142
2026-01-06T04:47:30.000Z,0106,A06A26B0106,A06A26B0106,CASE-A,OK,Unknown,N/A,140
2026-01-06T04:46:36.000Z,0105,A06A26B0105,A06A26B0105,CASE-A,OK,Unknown,N/A,138
2026-01-06T04:45:53.000Z,0104,A06A26B0104,A06A26B0104,CASE-A,OK,Unknown,N/A,136
2026-01-06T04:44:32.000Z,0103,A06A26B0103,A06A26B0103,CASE-A,OK,Unknown,N/A,134
2026-01-06T04:24:42.000Z,0102,A06A26B0102,A06A26B0102,CASE-A,OK,Unknown,N/A,132
2026-01-06T04:24:18.000Z,0101,A06A26B0101,A06A26B0101,CASE-A,OK,Unknown,N/A,130
2026-01-06T04:23:53.000Z,0100,A06A26B0100,A06A26B0100,CASE-A,OK,Unknown,N/A,128
2026-01-06T04:23:19.000Z,0099,A06A26B0099,A06A26B0099,CASE-A,OK,Unknown,N/A,126
2026-01-06T04:21:44.000Z,0098,A06A26B0098,A06A26B0098,CASE-A,OK,Unknown,N/A,124
2026-01-06T04:21:19.000Z,0097,A06A26B0097,A06A26B0097,CASE-A,OK,Unknown,N/A,122
2026-01-06T04:18:04.000Z,0096,A06A26B0096,A06A26B0096,CASE-A,OK,Unknown,N/A,120
2026-01-06T04:17:24.000Z,0095,A06A26B0095,A06A26B0095,CASE-A,OK,Unknown,N/A,118
2026-01-06T04:13:08.000Z,0094,A06A26B0094,A06A26B0094,CASE-A,OK,Unknown,N/A,116
2026-01-06T04:12:33.000Z,0093,A06A26B0093,A06A26B0093,CASE-A,OK,Unknown,N/A,114
2026-01-06T04:12:08.000Z,0092,A06A26B0092,A06A26B0092,CASE-A,OK,Unknown,N/A,112
2026-01-06T04:11:40.000Z,0091,A06A26B0091,A06A26B0091,CASE-A,OK,Unknown,N/A,110
2026-01-06T04:00:44.000Z,0090,A06A26B0090,A06A26B0090,CASE-A,OK,Unknown,N/A,108
2026-01-06T03:59:58.000Z,0089,A06A26B0089,A06A26B0089,CASE-A,OK,Unknown,N/A,106
2026-01-06T03:59:39.000Z,0088,A06A26B0088,N/A,CASE-A,NG,Unknown,N/A,104
2026-01-06T03:59:30.000Z,0087,A06A26B0087,NG,CASE-A,NG,Unknown,N/A,102
2026-01-06T03:53:14.000Z,0086,A06A26B0086,A06A26B0086,CASE-A,OK,Unknown,N/A,100
2026-01-06T03:52:45.000Z,0085,A06A26B0085,A06A26B0085,CASE-A,OK,Unknown,N/A,98
2026-01-06T03:29:55.000Z,0084,A06A26B0084,A06A26B0084,CASE-A,OK,Unknown,N/A,96
2026-01-06T03:29:26.000Z,0083,A06A26B0083,A06A26B0083,CASE-A,OK,Unknown,N/A,94
2026-01-06T03:29:02.000Z,0082,A06A26B0082,A06A26B0082,CASE-A,OK,Unknown,N/A,92
2026-01-06T03:28:07.000Z,0081,A06A26B0081,A06A26B0081,CASE-A,OK,Unknown,N/A,90
2026-01-06T03:27:41.000Z,0080,A06A26B0080,A06A26B0080,CASE-A,OK,Unknown,N/A,88
2026-01-06T03:27:15.000Z,0079,A06A26B0079,A06A26B0079,CASE-A,OK,Unknown,N/A,86
2026-01-06T03:13:03.000Z,0078,A06A26B0078,A06A26B0078,CASE-A,OK,Unknown,N/A,84
2026-01-06T02:46:44.000Z,0077,A06A26A0077,A06A26A0077,CASE-A,OK,Unknown,N/A,82
2026-01-06T02:45:46.000Z,0076,A06A26A0076,A06A26A0076,CASE-A,OK,Unknown,N/A,80
2026-01-06T02:44:43.000Z,0075,A06A26A0075,A06A26A0075,CASE-A,OK,Unknown,N/A,78
2026-01-06T02:43:48.000Z,0074,A06A26A0074,A06A26A0074,CASE-A,OK,Unknown,N/A,76
2026-01-06T02:43:01.000Z,0073,A06A26A0073,A06A26A0073,CASE-A,OK,Unknown,N/A,74
2026-01-06T02:40:30.000Z,0072,A06A26A0072,A06A26A0072,CASE-A,OK,Unknown,N/A,72
2026-01-06T02:25:38.000Z,0071,A06A26A0071,A06A26A0071,CASE-A,OK,Unknown,N/A,70
2026-01-06T02:23:19.000Z,0070,A06A26A0070,A06A26A0070,CASE-A,OK,Unknown,N/A,68
2026-01-06T02:22:11.000Z,0069,A06A26A0069,A06A26A0069,CASE-A,OK,Unknown,N/A,66
2026-01-06T02:20:42.000Z,0068,A06A26A0068,A06A26A0068,CASE-A,OK,Unknown,N/A,64
2026-01-06T02:19:15.000Z,0067,A06A26A0067,A06A26A0067,CASE-A,OK,Unknown,N/A,62
2026-01-06T02:18:13.000Z,0066,A06A26A0066,A06A26A0066,CASE-A,OK,Unknown,N/A,60
2026-01-06T02:17:12.000Z,0065,A06A26A0065,A06A26A0065,CASE-A,OK,Unknown,N/A,58
2026-01-06T02:16:23.000Z,0064,A06A26A0064,A06A26A0064,CASE-A,OK,Unknown,N/A,56
2026-01-06T02:15:25.000Z,0063,A06A26A0063,A06A26A0063,CASE-A,OK,Unknown,N/A,54
2026-01-06T02:14:28.000Z,0062,A06A26A0062,A06A26A0062,CASE-A,OK,Unknown,N/A,52
2026-01-06T02:13:29.000Z,0061,A06A26A0061,A06A26A0061,CASE-A,OK,Unknown,N/A,50
2026-01-06T02:12:23.000Z,0060,A06A26A0060,A06A26A0060,CASE-A,OK,Unknown,N/A,48
2026-01-06T02:11:20.000Z,0059,A06A26A0059,A06A26A0059,CASE-A,OK,Unknown,N/A,46
2026-01-06T02:10:23.000Z,0058,A06A26A0058,A06A26A0058,CASE-A,OK,Unknown,N/A,44
2026-01-06T02:08:34.000Z,0057,A06A26A0057,A06A26A0057,CASE-A,OK,Unknown,N/A,42
2026-01-06T02:06:52.000Z,0056,A06A26A0056,A06A26A0056,CASE-A,OK,Unknown,N/A,40
2026-01-06T01:52:34.000Z,0055,A06A26A0055,A06A26A0055,CASE-A,OK,Unknown,N/A,38
2026-01-06T01:51:35.000Z,0054,A06A26A0054,A06A26A0054,CASE-A,OK,Unknown,N/A,36
2026-01-06T01:34:55.000Z,0053,A06A26A0053,A06A26A0053,CASE-A,OK,Unknown,N/A,34
2026-01-06T01:33:20.000Z,0052,A06A26A0052,A06A26A0052,CASE-A,OK,Unknown,N/A,32
2026-01-06T01:32:28.000Z,0051,A06A26A0051,A06A26A0051,CASE-A,OK,Unknown,N/A,30
2026-01-06T01:31:37.000Z,0050,A06A26A0050,A06A26A0050,CASE-A,OK,Unknown,N/A,28
2026-01-06T01:30:02.000Z,0049,A06A26A0049,A06A26A0049,CASE-A,OK,Unknown,N/A,26
2026-01-06T01:29:00.000Z,0048,A06A26A0048,A06A26A0048,CASE-A,OK,Unknown,N/A,24
2026-01-06T01:27:48.000Z,0047,A06A26A0047,A06A26A0047,CASE-A,OK,Unknown,N/A,22
2026-01-06T01:11:14.000Z,0046,A06A26A0046,A06A26A0046,CASE-A,OK,Unknown,N/A,20
2026-01-06T01:09:38.000Z,0045,A06A26A0045,A06A26A0045,CASE-A,OK,Unknown,N/A,18
2026-01-06T00:59:06.000Z,0044,A06A26A0044,A06A26A0044,CASE-A,OK,Unknown,N/A,16
2026-01-06T00:58:12.000Z,0043,A06A26A0043,A06A26A0043,CASE-A,OK,Unknown,N/A,14
2026-01-06T00:54:56.000Z,0042,A06A26A0042,A06A26A0042,CASE-A,OK,Unknown,N/A,12
2026-01-06T00:53:38.000Z,0041,A06A26A0041,A06A26A0041,CASE-A,OK,Unknown,N/A,10
2026-01-06T00:52:50.000Z,0040,A06A26A0040,A06A26A0040,CASE-A,OK,Unknown,N/A,8
2026-01-06T00:51:53.000Z,0039,A06A26A0039,A06A26A0039,CASE-A,OK,Unknown,N/A,6
2026-01-06T00:51:02.000Z,0038,A06A26A0038,A06A26A0038,CASE-A,OK,Unknown,N/A,4
2026-01-06T00:49:09.000Z,0037,A06A26A0037,A06A26A0037,CASE-A,OK,Unknown,N/A,2
2026-01-05T23:38:36.000Z,0036,A06A26A0036,A06A26A0036,CASE-A,OK,Unknown,N/A,82
2026-01-05T23:37:46.000Z,0035,A06A26A0035,A06A26A0035,CASE-A,OK,Unknown,N/A,80
2026-01-05T23:36:53.000Z,0034,A06A26A0034,A06A26A0034,CASE-A,OK,Unknown,N/A,78
2026-01-05T23:35:55.000Z,0033,A06A26A0033,A06A26A0033,CASE-A,OK,Unknown,N/A,76
2026-01-05T23:35:01.000Z,0032,A06A26A0032,A06A26A0032,CASE-A,OK,Unknown,N/A,74
2026-01-05T23:34:09.000Z,0031,A06A26A0031,A06A26A0031,CASE-A,OK,Unknown,N/A,72
2026-01-05T23:32:59.000Z,0030,A06A26A0030,A06A26A0030,CASE-A,OK,Unknown,N/A,70
2026-01-05T23:32:01.000Z,0029,A06A26A0029,A06A26A0029,CASE-A,OK,Unknown,N/A,68
2026-01-05T23:31:01.000Z,0028,A06A26A0028,A06A26A0028,CASE-A,OK,Unknown,N/A,66
2026-01-05T23:30:09.000Z,0027,A06A26A0027,A06A26A0027,CASE-A,OK,Unknown,N/A,64
2026-01-05T23:28:53.000Z,0026,A06A26A0026,A06A26A0026,CASE-A,OK,Unknown,N/A,62
2026-01-05T23:01:04.000Z,0025,A06A26A0025,A06A26A0025,CASE-A,OK,Unknown,N/A,60
2026-01-05T22:22:16.000Z,0024,A06A26A0024,A06A26A0024,CASE-A,OK,Unknown,N/A,58
2026-01-05T22:20:46.000Z,0023,A06A26A0023,A06A26A0023,CASE-A,OK,Unknown,N/A,56
2026-01-05T22:05:00.000Z,0022,A06A26A0022,A06A26A0022,CASE-A,OK,Unknown,N/A,54
2026-01-05T22:01:53.000Z,0021,A06A26A0021,A06A26A0021,CASE-A,OK,Unknown,N/A,52
2026-01-05T22:00:55.000Z,0020,A06A26A0020,A06A26A0020,CASE-A,OK,Unknown,N/A,50
2026-01-05T21:58:56.000Z,0019,A06A26A0019,A06A26A0019,CASE-A,OK,Unknown,N/A,48
2026-01-05T21:58:04.000Z,0018,A06A26A0018,A06A26A0018,CASE-A,OK,Unknown,N/A,46
2026-01-05T21:55:35.000Z,0017,A06A26A0017,A06A26A0017,CASE-A,OK,Unknown,N/A,44
2026-01-05T21:53:58.000Z,0016,A06A26A0016,A06A26A0016,CASE-A,OK,Unknown,N/A,42
2026-01-05T21:52:51.000Z,0015,A06A26A0015,A06A26A0015,CASE-A,OK,Unknown,N/A,40
2026-01-05T21:51:57.000Z,0014,A06A26A0014,A06A26A0014,CASE-A,OK,Unknown,N/A,38
2026-01-05T21:50:21.000Z,0013,A06A26A0013,A06A26A0013,CASE-A,OK,Unknown,N/A,36
2026-01-05T21:49:29.000Z,0012,A06A26A0012,A06A26A0012,CASE-A,OK,Unknown,N/A,34
2026-01-05T21:18:24.000Z,0011,A06A26A0011,A06A26A0011,CASE-A,OK,Unknown,N/A,32
2026-01-05T21:13:29.000Z,0010,A06A26A0010,A06A26A0010,CASE-A,OK,Unknown,N/A,30
2026-01-05T21:12:26.000Z,0009,A06A26A0009,A06A26A0009,CASE-A,OK,Unknown,N/A,28
2026-01-05T21:10:07.000Z,0008,A06A26A0008,A06A26A0008,CASE-A,OK,Unknown,N/A,26
2026-01-05T21:08:52.000Z,0007,A06A26A0007,A06A26A0007,CASE-A,OK,Unknown,N/A,24
2026-01-05T21:06:51.000Z,0006,A06A26A0006,A06A26A0006,CASE-A,OK,Unknown,N/A,22
2026-01-05T21:06:02.000Z,0005,A06A26A0005,A06A26A0005,CASE-A,OK,Unknown,N/A,20
2026-01-05T21:05:02.000Z,0004,A06A26A0004,A06A26A0004,CASE-A,OK,Unknown,N/A,18
2026-01-05T21:04:06.000Z,0003,A06A26A0003,A06A26A0003,CASE-A,OK,Unknown,N/A,16
2026-01-05T20:38:32.000Z,0002,A06A26A0002,A06A26A0002,CASE-A,OK,Unknown,N/A,14
2026-01-05T20:36:17.000Z,0001,A06A26A0001,A06A26A0001,CASE-A,OK,Unknown,N/A,12
2026-01-05T02:27:51.000Z,0024,A05A26A0024,A05A26A0024,CASE-A,OK,Unknown,N/A,10
2026-01-05T02:26:52.000Z,0023,A05A26A0023,A05A26A0023,CASE-A,OK,Unknown,N/A,8
2026-01-05T02:12:16.000Z,0022,A05A26A0022,A05A26A0022,CASE-A,OK,Unknown,N/A,6
2026-01-05T02:00:36.000Z,0021,A05A26A0021,A05A26A0021,CASE-A,OK,Unknown,N/A,4
2026-01-05T01:40:57.000Z,0020,A05A26A0020,A05A26A0020,CASE-A,OK,Unknown,N/A,2
2026-01-04T23:18:10.000Z,0019,A05A26A0019,A05A26A0019,CASE-A,OK,Unknown,N/A,38
2026-01-04T23:17:35.000Z,0018,A05A26A0018,A05A26A0018,CASE-A,OK,Unknown,N/A,36
2026-01-04T23:17:03.000Z,0017,A05A26A0017,A05A26A0017,CASE-A,OK,Unknown,N/A,34
2026-01-04T22:58:15.000Z,0016,A05A26A0016,A05A26A0016,CASE-A,OK,Unknown,N/A,32
2026-01-04T22:49:54.000Z,0015,A05A26A0015,A05A26A0015,CASE-A,OK,Unknown,N/A,30
2026-01-04T22:42:40.000Z,0014,A05A26A0014,A05A26A0014,CASE-A,OK,Unknown,N/A,28
2026-01-04T22:41:58.000Z,0013,A05A26A0013,A05A26A0013,CASE-A,OK,Unknown,N/A,26
2026-01-04T22:36:52.000Z,0012,A05A26A0012,A05A26A0012,CASE-A,OK,Unknown,N/A,24
2026-01-04T22:36:02.000Z,0011,A05A26A0011,A05A26A0011,CASE-A,OK,Unknown,N/A,22
2026-01-04T22:21:39.000Z,0010,A05A26A0010,A05A26A0010,CASE-A,OK,Unknown,N/A,20
2026-01-04T22:09:42.000Z,0009,A05A26A0009,A05A26A0009,CASE-A,OK,Unknown,N/A,18
2026-01-04T22:06:59.000Z,0008,A05A26A0008,A05A26A0008,CASE-A,OK,Unknown,N/A,16
2026-01-04T22:05:25.000Z,0007,A05A26A0007,A05A26A0007,CASE-A,OK,Unknown,N/A,14
2026-01-04T21:05:00.000Z,0006,A05A26A0006,A05A26A0006,CASE-A,OK,Unknown,N/A,12
2026-01-04T21:03:19.000Z,0005,A05A26A0005,A05A26A0005,CASE-A,OK,Unknown,N/A,10
2026-01-04T20:59:20.000Z,0004,A05A26A0004,A05A26A0004,CASE-A,OK,Unknown,N/A,8
2026-01-04T20:50:55.000Z,0003,A05A26A0003,A05A26A0003,CASE-A,OK,Unknown,N/A,6
2026-01-04T20:50:14.000Z,0002,A05A26A0002,A05A26A0002,CASE-A,OK,Unknown,N/A,4
2026-01-04T20:49:43.000Z,0001,A05A26A0001,A05A26A0001,CASE-A,OK,Unknown,N/A,2
2026-01-03T04:30:21.000Z,0068,A03A26B0068,A03A26B0068,CASE-A,OK,Unknown,N/A,46
2026-01-03T04:28:45.000Z,0067,A03A26B0067,A03A26B0067,CASE-A,OK,Unknown,N/A,44
2026-01-03T04:28:16.000Z,0066,A03A26B0066,A03A26B0066,CASE-A,OK,Unknown,N/A,42
2026-01-03T04:21:05.000Z,0065,A03A26B0065,A03A26B0065,CASE-A,OK,Unknown,N/A,40
2026-01-03T04:01:43.000Z,0064,A03A26B0064,A03A26B0064,CASE-A,OK,Unknown,N/A,38
2026-01-03T03:55:27.000Z,0063,A03A26B0063,A03A26B0063,CASE-A,OK,Unknown,N/A,36
2026-01-03T02:38:39.000Z,0062,A03A26A0062,A03A26A0062,CASE-A,OK,Unknown,N/A,34
2026-01-03T02:26:01.000Z,0061,A03A26A0061,A03A26A0061,CASE-A,OK,Unknown,N/A,32
2026-01-03T02:21:13.000Z,0060,A03A26A0060,A03A26A0060,CASE-A,OK,Unknown,N/A,30
2026-01-03T02:20:01.000Z,0059,A03A26A0059,A03A26A0059,CASE-A,OK,Unknown,N/A,28
2026-01-03T02:18:07.000Z,0058,A03A26A0058,A03A26A0058,CASE-A,OK,Unknown,N/A,26
2026-01-03T02:16:44.000Z,0057,A03A26A0057,A03A26A0057,CASE-A,OK,Unknown,N/A,24
2026-01-03T02:15:18.000Z,0056,A03A26A0056,A03A26A0056,CASE-A,OK,Unknown,N/A,22
2026-01-03T02:14:10.000Z,0055,A03A26A0055,A03A26A0055,CASE-A,OK,Unknown,N/A,20
2026-01-03T02:12:10.000Z,0054,A03A26A0054,A03A26A0054,CASE-A,OK,Unknown,N/A,18
2026-01-03T02:11:15.000Z,0053,A03A26A0053,A03A26A0053,CASE-A,OK,Unknown,N/A,16
2026-01-03T02:09:39.000Z,0052,A03A26A0052,A03A26A0052,CASE-A,OK,Unknown,N/A,14
2026-01-03T02:08:29.000Z,0051,A03A26A0051,A03A26A0051,CASE-A,OK,Unknown,N/A,12
2026-01-03T02:07:33.000Z,0050,A03A26A0050,A03A26A0050,CASE-A,OK,Unknown,N/A,10
2026-01-03T02:03:53.000Z,0049,A03A26A0049,A03A26A0049,CASE-A,OK,Unknown,N/A,8
2026-01-03T02:02:46.000Z,0048,A03A26A0048,A03A26A0048,CASE-A,OK,Unknown,N/A,6
2026-01-03T02:01:49.000Z,0047,A03A26A0047,A03A26A0047,CASE-A,OK,Unknown,N/A,4
2026-01-03T01:53:39.000Z,0046,A03A26A0046,A03A26A0046,CASE-A,OK,Unknown,N/A,2
2026-01-03T01:12:40.000Z,0045,A03A26A0045,A03A26A0045,CASE-A,OK,Unknown,N/A,20
2026-01-03T01:12:08.000Z,0044,A03A26A0044,A03A26A0044,CASE-A,OK,Unknown,N/A,18
2026-01-03T01:11:34.000Z,0043,A03A26A0043,A03A26A0043,CASE-A,OK,Unknown,N/A,16
2026-01-03T01:11:06.000Z,0042,A03A26A0042,A03A26A0042,CASE-A,OK,Unknown,N/A,14
2026-01-03T00:40:18.000Z,0041,A03A26A0041,A03A26A0041,CASE-A,OK,Unknown,N/A,12
2026-01-03T00:38:03.000Z,0040,A03A26A0040,A03A26A0040,CASE-A,OK,Unknown,N/A,10
2026-01-03T00:36:56.000Z,0039,A03A26A0039,A03A26A0039,CASE-A,OK,Unknown,N/A,8
2026-01-03T00:35:11.000Z,0038,A03A26A0038,A03A26A0038,CASE-A,OK,Unknown,N/A,6
2026-01-03T00:34:03.000Z,0037,A03A26A0037,A03A26A0037,CASE-A,OK,Unknown,N/A,4
2026-01-03T00:32:55.000Z,0036,A03A26A0036,A03A26A0036,CASE-A,OK,Unknown,N/A,2
2026-01-03T00:29:55.000Z,0035,A03A26A0035,NG,CASE-A,NG,Unknown,N/A,70
2026-01-03T00:28:00.000Z,0034,A03A26A0034,A03A26A0034,CASE-A,OK,Unknown,N/A,68
2026-01-03T00:22:38.000Z,0033,A03A26A0033,A03A26A0033,CASE-A,OK,Unknown,N/A,66
2026-01-03T00:21:26.000Z,0032,A03A26A0032,A03A26A0032,CASE-A,OK,Unknown,N/A,64
2026-01-02T23:31:01.000Z,0031,A03A26A0031,A03A26A0031,CASE-A,OK,Unknown,N/A,62
2026-01-02T23:29:33.000Z,0030,A03A26A0030,A03A26A0030,CASE-A,OK,Unknown,N/A,60
2026-01-02T23:27:29.000Z,0029,A03A26A0029,A03A26A0029,CASE-A,OK,Unknown,N/A,58
2026-01-02T23:25:52.000Z,0028,A03A26A0028,A03A26A0028,CASE-A,OK,Unknown,N/A,56
2026-01-02T23:24:11.000Z,0027,A03A26A0027,A03A26A0027,CASE-A,OK,Unknown,N/A,54
2026-01-02T23:22:43.000Z,0026,A03A26A0026,A03A26A0026,CASE-A,OK,Unknown,N/A,52
2026-01-02T23:21:43.000Z,0025,A03A26A0025,A03A26A0025,CASE-A,OK,Unknown,N/A,50
2026-01-02T23:20:38.000Z,0024,A03A26A0024,A03A26A0024,CASE-A,OK,Unknown,N/A,48
2026-01-02T23:19:37.000Z,0023,A03A26A0023,A03A26A0023,CASE-A,OK,Unknown,N/A,46
2026-01-02T23:17:30.000Z,0022,A03A26A0022,A03A26A0022,CASE-A,OK,Unknown,N/A,44
2026-01-02T23:16:20.000Z,0021,A03A26A0021,A03A26A0021,CASE-A,OK,Unknown,N/A,42
2026-01-02T23:14:05.000Z,0020,A03A26A0020,A03A26A0020,CASE-A,OK,Unknown,N/A,40
2026-01-02T23:11:41.000Z,0019,A03A26A0019,A03A26A0019,CASE-A,OK,Unknown,N/A,38
2026-01-02T22:28:28.000Z,0018,A03A26A0018,A03A26A0018,CASE-A,OK,Unknown,N/A,36
2026-01-02T22:28:02.000Z,0017,A03A26A0017,A03A26A0017,CASE-A,OK,Unknown,N/A,34
2026-01-02T21:52:08.000Z,0016,A03A26A0016,A03A26A0016,CASE-A,OK,Unknown,N/A,32
2026-01-02T21:51:05.000Z,0015,A03A26A0015,A03A26A0015,CASE-A,OK,Unknown,N/A,30
2026-01-02T21:49:59.000Z,0014,A03A26A0014,A03A26A0014,CASE-A,OK,Unknown,N/A,28
2026-01-02T21:49:00.000Z,0013,A03A26A0013,A03A26A0013,CASE-A,OK,Unknown,N/A,26
2026-01-02T21:47:55.000Z,0012,A03A26A0012,A03A26A0012,CASE-A,OK,Unknown,N/A,24
2026-01-02T21:46:57.000Z,0011,A03A26A0011,A03A26A0011,CASE-A,OK,Unknown,N/A,22
2026-01-02T21:45:48.000Z,0010,A03A26A0010,A03A26A0010,CASE-A,OK,Unknown,N/A,20
2026-01-02T21:44:20.000Z,0009,A03A26A0009,A03A26A0009,CASE-A,OK,Unknown,N/A,18
2026-01-02T21:42:57.000Z,0008,A03A26A0008,A03A26A0008,CASE-A,OK,Unknown,N/A,16
2026-01-02T21:42:17.000Z,0007,A03A26A0007,A03A26A0007,CASE-A,OK,Unknown,N/A,14
2026-01-02T21:41:37.000Z,0006,A03A26A0006,A03A26A0006,CASE-A,OK,Unknown,N/A,12
2026-01-02T21:41:02.000Z,0005,A03A26A0005,A03A26A0005,CASE-A,OK,Unknown,N/A,10
2026-01-02T21:40:17.000Z,0004,A03A26A0004,A03A26A0004,CASE-A,OK,Unknown,N/A,8
2026-01-02T21:38:58.000Z,0003,A03A26A0003,A03A26A0003,CASE-A,OK,Unknown,N/A,6
2026-01-02T21:37:22.000Z,0002,A03A26A0002,A03A26A0002,CASE-A,OK,Unknown,N/A,4
2026-01-02T21:36:13.000Z,0001,A03A26A0001,A03A26A0001,CASE-A,OK,Unknown,N/A,2
2026-01-02T05:49:22.000Z,0042,A02A26B0042,A02A26B0042,CASE-A,OK,Unknown,N/A,84
2026-01-02T05:48:05.000Z,0041,A02A26B0041,A02A26B0041,CASE-A,OK,Unknown,N/A,82
2026-01-02T05:46:26.000Z,0040,A02A26B0040,A02A26B0040,CASE-A,OK,Unknown,N/A,80
2026-01-02T05:45:23.000Z,0039,A02A26B0039,A02A26B0039,CASE-A,OK,Unknown,N/A,78
2026-01-02T05:06:59.000Z,0038,A02A26B0038,A02A26B0038,CASE-A,OK,Unknown,N/A,76
2026-01-02T04:26:39.000Z,0037,A02A26B0037,A02A26B0037,CASE-A,OK,Unknown,N/A,74
2026-01-02T04:25:25.000Z,0036,A02A26B0036,A02A26B0036,CASE-A,OK,Unknown,N/A,72
2026-01-02T04:05:51.000Z,0035,A02A26B0035,A02A26B0035,CASE-A,OK,Unknown,N/A,70
2026-01-02T04:03:51.000Z,0034,A02A26B0034,A02A26B0034,CASE-A,OK,Unknown,N/A,68
2026-01-02T04:02:06.000Z,0033,A02A26B0033,A02A26B0033,CASE-A,OK,Unknown,N/A,66
2026-01-02T03:54:02.000Z,0032,A02A26B0032,A02A26B0032,CASE-A,OK,Unknown,N/A,64
2026-01-02T03:27:56.000Z,0031,A02A26B0031,A02A26B0031,CASE-A,OK,Unknown,N/A,62
2026-01-02T03:14:51.000Z,0030,A02A26B0030,A02A26B0030,CASE-A,OK,Unknown,N/A,60
2026-01-02T03:13:14.000Z,0029,A02A26B0029,A02A26B0029,CASE-A,OK,Unknown,N/A,58
2026-01-02T03:11:37.000Z,0028,A02A26B0028,A02A26B0028,CASE-A,OK,Unknown,N/A,56
2026-01-02T03:10:12.000Z,0027,A02A26B0027,A02A26B0027,CASE-A,OK,Unknown,N/A,54
2026-01-02T03:07:59.000Z,0026,A02A26B0026,A02A26B0026,CASE-A,OK,Unknown,N/A,52
2026-01-02T03:04:38.000Z,0025,A02A26B0025,A02A26B0025,CASE-A,OK,Unknown,N/A,50
2026-01-02T02:56:45.000Z,0024,A02A26A0024,A02A26A0024,CASE-A,OK,Unknown,N/A,48
2026-01-02T02:54:59.000Z,0023,A02A26A0023,A02A26A0023,CASE-A,OK,Unknown,N/A,46
2026-01-02T02:53:09.000Z,0022,A02A26A0022,A02A26A0022,CASE-A,OK,Unknown,N/A,44
2026-01-02T02:52:07.000Z,0021,A02A26A0021,A02A26A0021,CASE-A,OK,Unknown,N/A,42
2026-01-02T02:10:17.000Z,0020,A02A26A0020,A02A26A0020,CASE-A,OK,Unknown,N/A,40
2026-01-02T02:09:49.000Z,0019,A02A26A0019,A02A26A0019,CASE-A,OK,Unknown,N/A,38
2026-01-02T01:56:26.000Z,0018,A02A26A0018,A02A26A0018,CASE-A,OK,Unknown,N/A,36
2026-01-02T01:31:29.000Z,0017,A02A26A0017,A02A26A0017,CASE-A,OK,Unknown,N/A,34
2026-01-02T01:23:13.000Z,0016,A02A26A0016,A02A26A0016,CASE-A,OK,Unknown,N/A,32
2026-01-02T01:22:35.000Z,0015,A02A26A0015,A02A26A0015,CASE-A,OK,Unknown,N/A,30
2026-01-02T01:21:31.000Z,0014,A02A26A0014,A02A26A0014,CASE-A,OK,Unknown,N/A,28
2026-01-02T00:24:59.000Z,0013,A02A26A0013,A02A26A0013,CASE-A,OK,Unknown,N/A,26
2026-01-02T00:24:06.000Z,0012,A02A26A0012,A02A26A0012,CASE-A,OK,Unknown,N/A,24
2026-01-02T00:22:21.000Z,0011,A02A26A0011,A02A26A0011,CASE-A,OK,Unknown,N/A,22
2026-01-02T00:21:09.000Z,0010,A02A26A0010,A02A26A0010,CASE-A,OK,Unknown,N/A,20
2026-01-02T00:18:59.000Z,0009,A02A26A0009,A02A26A0009,CASE-A,OK,Unknown,N/A,18
2026-01-02T00:18:03.000Z,0008,A02A26A0008,A02A26A0008,CASE-A,OK,Unknown,N/A,16
2026-01-02T00:16:56.000Z,0007,A02A26A0007,A02A26A0007,CASE-A,OK,Unknown,N/A,14
2026-01-02T00:15:46.000Z,0006,A02A26A0006,A02A26A0006,CASE-A,OK,Unknown,N/A,12
2026-01-01T23:41:33.000Z,0005,A02A26A0005,A02A26A0005,CASE-A,OK,Unknown,N/A,10
2026-01-01T23:40:27.000Z,0004,A02A26A0004,A02A26A0004,CASE-A,OK,Unknown,N/A,8
2026-01-01T23:22:53.000Z,0003,A02A26A0003,A02A26A0003,CASE-A,OK,Unknown,N/A,6
2026-01-01T23:09:19.000Z,0002,A02A26A0002,A02A26A0002,CASE-A,OK,Unknown,N/A,4
2026-01-01T22:06:40.000Z,0001,A02A26A0001,A02A26A0001,CASE-A,OK,Unknown,N/A,2
2025-12-31T05:20:55.000Z,0119,A31L25B0119,A31L25B0119,CASE-A,OK,Unknown,N/A,208
2025-12-31T05:20:30.000Z,0118,A31L25B0118,A31L25B0118,CASE-A,OK,Unknown,N/A,206
2025-12-31T05:09:18.000Z,0117,A31L25B0117,A31L25B0117,CASE-A,OK,Unknown,N/A,204
2025-12-31T05:05:57.000Z,0116,A31L25B0116,A31L25B0116,CASE-A,OK,Unknown,N/A,202
2025-12-31T05:05:18.000Z,0115,A31L25B0115,A31L25B0115,CASE-A,OK,Unknown,N/A,200
2025-12-31T05:04:40.000Z,0114,A31L25B0114,A31L25B0114,CASE-A,OK,Unknown,N/A,198
2025-12-31T04:51:33.000Z,0113,A31L25B0113,A31L25B0113,CASE-A,OK,Unknown,N/A,196
2025-12-31T04:51:09.000Z,0112,A31L25B0112,A31L25B0112,CASE-A,OK,Unknown,N/A,194
2025-12-31T04:35:51.000Z,0111,A31L25B0111,A31L25B0111,CASE-A,OK,Unknown,N/A,192
2025-12-31T04:33:44.000Z,0110,A31L25B0110,A31L25B0110,CASE-A,OK,Unknown,N/A,190
2025-12-31T04:11:50.000Z,0109,A31L25B0109,A31L25B0109,CASE-A,OK,Unknown,N/A,188
2025-12-31T04:11:26.000Z,0108,A31L25B0108,A31L25B0108,CASE-A,OK,Unknown,N/A,186
2025-12-31T04:10:50.000Z,0107,A31L25B0107,A31L25B0107,CASE-A,OK,Unknown,N/A,184
2025-12-31T04:10:24.000Z,0106,A31L25B0106,A31L25B0106,CASE-A,OK,Unknown,N/A,182
2025-12-31T03:54:37.000Z,0105,A31L25B0105,A31L25B0105,CASE-A,OK,Unknown,N/A,180
2025-12-31T03:54:13.000Z,0104,A31L25B0104,A31L25B0104,CASE-A,OK,Unknown,N/A,178
2025-12-31T03:47:36.000Z,0103,A31L25B0103,A31L25B0103,CASE-A,OK,Unknown,N/A,176
2025-12-31T03:44:57.000Z,0102,A31L25B0102,NG,CASE-A,NG,Unknown,N/A,174
2025-12-31T03:44:09.000Z,0101,A31L25B0101,A31L25B0101,CASE-A,OK,Unknown,N/A,172
2025-12-31T03:28:34.000Z,0100,A31L25B0100,A31L25B0100,CASE-A,OK,Unknown,N/A,170
2025-12-31T03:27:24.000Z,0099,A31L25B0099,A31L25B0099,CASE-A,OK,Unknown,N/A,168
2025-12-31T03:25:44.000Z,0098,A31L25B0098,A31L25B0098,CASE-A,OK,Unknown,N/A,166
2025-12-31T03:24:50.000Z,0097,A31L25B0097,A31L25B0097,CASE-A,OK,Unknown,N/A,164
2025-12-31T03:23:35.000Z,0096,A31L25B0096,A31L25B0096,CASE-A,OK,Unknown,N/A,162
2025-12-31T03:22:33.000Z,0095,A31L25B0095,A31L25B0095,CASE-A,OK,Unknown,N/A,160
2025-12-31T03:20:42.000Z,0094,A31L25B0094,A31L25B0094,CASE-A,OK,Unknown,N/A,158
2025-12-31T03:20:08.000Z,0093,A31L25B0093,A31L25B0093,CASE-A,OK,Unknown,N/A,156
2025-12-31T03:19:44.000Z,0092,A31L25B0092,A31L25B0092,CASE-A,OK,Unknown,N/A,154
2025-12-31T03:12:51.000Z,0091,A31L25B0091,A31L25B0091,CASE-A,OK,Unknown,N/A,152
2025-12-31T03:12:21.000Z,0090,A31L25B0090,A31L25B0090,CASE-A,OK,Unknown,N/A,150
2025-12-31T03:11:58.000Z,0089,A31L25B0089,A31L25B0089,CASE-A,OK,Unknown,N/A,148
2025-12-31T03:11:16.000Z,0088,A31L25B0088,A31L25B0088,CASE-A,OK,Unknown,N/A,146
2025-12-31T03:07:32.000Z,0087,A31L25B0087,A31L25B0087,CASE-A,OK,Unknown,N/A,144
2025-12-31T03:07:00.000Z,0086,A31L25B0086,A31L25B0086,CASE-A,OK,Unknown,N/A,142
2025-12-31T02:32:48.000Z,0085,A31L25A0085,A31L25A0085,CASE-A,OK,Unknown,N/A,140
2025-12-31T02:32:19.000Z,0084,A31L25A0084,A31L25A0084,CASE-A,OK,Unknown,N/A,138
2025-12-31T02:31:17.000Z,0083,A31L25A0083,A31L25A0083,CASE-A,OK,Unknown,N/A,136
2025-12-31T02:30:26.000Z,0082,A31L25A0082,A31L25A0082,CASE-A,OK,Unknown,N/A,134
2025-12-31T02:28:23.000Z,0081,A31L25A0081,A31L25A0081,CASE-A,OK,Unknown,N/A,132
2025-12-31T02:27:20.000Z,0080,A31L25A0080,A31L25A0080,CASE-A,OK,Unknown,N/A,130
2025-12-31T02:14:13.000Z,0079,A31L25A0079,A31L25A0079,CASE-A,OK,Unknown,N/A,128
2025-12-31T02:09:34.000Z,0078,A31L25A0078,A31L25A0078,CASE-A,OK,Unknown,N/A,126
2025-12-31T02:08:11.000Z,0077,A31L25A0077,A31L25A0077,CASE-A,OK,Unknown,N/A,124
2025-12-31T02:03:12.000Z,0076,A31L25A0076,A31L25A0076,CASE-A,OK,Unknown,N/A,122
2025-12-31T02:02:42.000Z,0075,A31L25A0075,A31L25A0075,CASE-A,OK,Unknown,N/A,120
2025-12-31T02:01:43.000Z,0074,A31L25A0074,A31L25A0074,CASE-A,OK,Unknown,N/A,118
2025-12-31T02:00:01.000Z,0073,A31L25A0073,A31L25A0073,CASE-A,OK,Unknown,N/A,116
2025-12-31T01:59:22.000Z,0072,A31L25A0072,A31L25A0072,CASE-A,OK,Unknown,N/A,114
2025-12-31T01:57:20.000Z,0071,A31L25A0071,A31L25A0071,CASE-A,OK,Unknown,N/A,112
2025-12-31T01:56:56.000Z,0070,A31L25A0070,A31L25A0070,CASE-A,OK,Unknown,N/A,110
2025-12-31T01:51:26.000Z,0069,A31L25A0069,A31L25A0069,CASE-A,OK,Unknown,N/A,108
2025-12-31T01:50:50.000Z,0068,A31L25A0068,A31L25A0068,CASE-A,OK,Unknown,N/A,106
2025-12-31T01:46:10.000Z,0067,A31L25A0067,A31L25A0067,CASE-A,OK,Unknown,N/A,104
2025-12-31T01:41:45.000Z,0066,A31L25A0066,A31L25A0066,CASE-A,OK,Unknown,N/A,102
2025-12-31T01:41:21.000Z,0065,A31L25A0065,A31L25A0065,CASE-A,OK,Unknown,N/A,100
2025-12-31T01:40:49.000Z,0064,A31L25A0064,A31L25A0064,CASE-A,OK,Unknown,N/A,98
2025-12-31T01:36:33.000Z,0063,A31L25A0063,A31L25A0063,CASE-A,OK,Unknown,N/A,96
2025-12-31T01:36:10.000Z,0062,A31L25A0062,A31L25A0062,CASE-A,OK,Unknown,N/A,94
2025-12-31T01:35:41.000Z,0061,A31L25A0061,A31L25A0061,CASE-A,OK,Unknown,N/A,92
2025-12-31T01:33:17.000Z,0060,A31L25A0060,A31L25A0060,CASE-A,OK,Unknown,N/A,90
2025-12-31T01:31:44.000Z,0059,A31L25A0059,A31L25A0059,CASE-A,OK,Unknown,N/A,88
2025-12-31T01:30:25.000Z,0058,A31L25A0058,A31L25A0058,CASE-A,OK,Unknown,N/A,86
2025-12-31T01:26:01.000Z,0057,A31L25A0057,A31L25A0057,CASE-A,OK,Unknown,N/A,84
2025-12-31T01:25:35.000Z,0056,A31L25A0056,A31L25A0056,CASE-A,OK,Unknown,N/A,82
2025-12-31T01:14:47.000Z,0055,A31L25A0055,A31L25A0055,CASE-A,OK,Unknown,N/A,80
2025-12-31T00:38:15.000Z,0054,A31L25A0054,A31L25A0054,CASE-A,OK,Unknown,N/A,78
2025-12-31T00:30:45.000Z,0053,A31L25A0053,A31L25A0053,CASE-A,OK,Unknown,N/A,76
2025-12-31T00:30:05.000Z,0052,A31L25A0052,A31L25A0052,CASE-A,OK,Unknown,N/A,74
2025-12-31T00:29:04.000Z,0051,A31L25A0051,A31L25A0051,CASE-A,OK,Unknown,N/A,72
2025-12-31T00:28:23.000Z,0050,A31L25A0050,A31L25A0050,CASE-A,OK,Unknown,N/A,70
2025-12-31T00:25:22.000Z,0049,A31L25A0049,A31L25A0049,CASE-A,OK,Unknown,N/A,68
2025-12-31T00:24:12.000Z,0048,A31L25A0048,A31L25A0048,CASE-A,OK,Unknown,N/A,66
2025-12-30T23:53:02.000Z,0047,A31L25A0047,A31L25A0047,CASE-A,OK,Unknown,N/A,64
2025-12-30T23:51:12.000Z,0046,A31L25A0046,A31L25A0046,CASE-A,OK,Unknown,N/A,62
2025-12-30T23:50:08.000Z,0045,A31L25A0045,A31L25A0045,CASE-A,OK,Unknown,N/A,60
2025-12-30T23:48:59.000Z,0044,A31L25A0044,A31L25A0044,CASE-A,OK,Unknown,N/A,58
2025-12-30T23:48:01.000Z,0043,A31L25A0043,A31L25A0043,CASE-A,OK,Unknown,N/A,56
2025-12-30T23:45:56.000Z,0042,A31L25A0042,A31L25A0042,CASE-A,OK,Unknown,N/A,54
2025-12-30T23:44:42.000Z,0041,A31L25A0041,A31L25A0041,CASE-A,OK,Unknown,N/A,52
2025-12-30T23:42:49.000Z,0040,A31L25A0040,A31L25A0040,CASE-A,OK,Unknown,N/A,50
2025-12-30T23:41:13.000Z,0039,A31L25A0039,A31L25A0039,CASE-A,OK,Unknown,N/A,48
2025-12-30T23:39:39.000Z,0038,A31L25A0038,A31L25A0038,CASE-A,OK,Unknown,N/A,46
2025-12-30T23:37:44.000Z,0037,A31L25A0037,A31L25A0037,CASE-A,OK,Unknown,N/A,44
2025-12-30T23:24:00.000Z,0036,A31L25A0036,A31L25A0036,CASE-A,OK,Unknown,N/A,42
2025-12-30T23:22:59.000Z,0035,A31L25A0035,A31L25A0035,CASE-A,OK,Unknown,N/A,40
2025-12-30T23:21:13.000Z,0034,A31L25A0034,A31L25A0034,CASE-A,OK,Unknown,N/A,38
2025-12-30T23:18:37.000Z,0033,A31L25A0033,A31L25A0033,CASE-A,OK,Unknown,N/A,36
2025-12-30T23:17:06.000Z,0032,A31L25A0032,A31L25A0032,CASE-A,OK,Unknown,N/A,34
2025-12-30T23:16:02.000Z,0031,A31L25A0031,A31L25A0031,CASE-A,OK,Unknown,N/A,32
2025-12-30T23:12:06.000Z,0030,A31L25A0030,A31L25A0030,CASE-A,OK,Unknown,N/A,30
2025-12-30T23:11:05.000Z,0029,A31L25A0029,A31L25A0029,CASE-A,OK,Unknown,N/A,28
2025-12-30T23:09:25.000Z,0028,A31L25A0028,A31L25A0028,CASE-A,OK,Unknown,N/A,26
2025-12-30T23:08:00.000Z,0027,A31L25A0027,A31L25A0027,CASE-A,OK,Unknown,N/A,24
2025-12-30T23:06:55.000Z,0026,A31L25A0026,A31L25A0026,CASE-A,OK,Unknown,N/A,22
2025-12-30T23:05:44.000Z,0025,A31L25A0025,A31L25A0025,CASE-A,OK,Unknown,N/A,20
2025-12-30T23:05:17.000Z,0024,A31L25A0024,A31L25A0024,CASE-A,OK,Unknown,N/A,18
2025-12-30T23:01:16.000Z,0023,A31L25A0023,A31L25A0023,CASE-A,OK,Unknown,N/A,16
2025-12-30T23:00:52.000Z,0022,A31L25A0022,A31L25A0022,CASE-A,OK,Unknown,N/A,14
2025-12-30T22:59:32.000Z,0021,A31L25A0021,A31L25A0021,CASE-A,OK,Unknown,N/A,12
2025-12-30T22:57:16.000Z,0020,A31L25A0020,A31L25A0020,CASE-A,OK,Unknown,N/A,10
2025-12-30T22:55:38.000Z,0019,A31L25A0019,A31L25A0019,CASE-A,OK,Unknown,N/A,8
2025-12-30T22:55:01.000Z,0018,A31L25A0018,A31L25A0018,CASE-A,OK,Unknown,N/A,6
2025-12-30T22:52:48.000Z,0017,A31L25A0017,A31L25A0017,CASE-A,OK,Unknown,N/A,4
2025-12-30T22:47:52.000Z,0016,A31L25A0016,A31L25A0016,CASE-A,OK,Unknown,N/A,2
2025-12-30T22:03:33.000Z,0015,A31L25A0015,A31L25A0015,CASE-A,OK,Unknown,N/A,30
2025-12-30T22:02:18.000Z,0014,A31L25A0014,A31L25A0014,CASE-A,OK,Unknown,N/A,28
2025-12-30T21:51:50.000Z,0013,A31L25A0013,A31L25A0013,CASE-A,OK,Unknown,N/A,26
2025-12-30T21:50:29.000Z,0012,A31L25A0012,A31L25A0012,CASE-A,OK,Unknown,N/A,24
2025-12-30T21:50:02.000Z,0011,A31L25A0011,A31L25A0011,CASE-A,OK,Unknown,N/A,22
2025-12-30T21:47:35.000Z,0010,A31L25A0010,A31L25A0010,CASE-A,OK,Unknown,N/A,20
2025-12-30T21:47:10.000Z,0009,A31L25A0009,A31L25A0009,CASE-A,OK,Unknown,N/A,18
2025-12-30T21:36:34.000Z,0008,A31L25A0008,A31L25A0008,CASE-A,OK,Unknown,N/A,16
2025-12-30T21:35:00.000Z,0007,A31L25A0007,A31L25A0007,CASE-A,OK,Unknown,N/A,14
2025-12-30T21:28:23.000Z,0006,A31L25A0006,NG,CASE-A,NG,Unknown,N/A,12
2025-12-30T21:28:19.000Z,0005,A31L25A0005,N/A,CASE-A,NG,Unknown,N/A,10
2025-12-30T21:28:13.000Z,0004,A31L25A0004,N/A,CASE-A,NG,Unknown,N/A,8
2025-12-30T21:10:34.000Z,0003,A31L25A0003,A31L25A0003,CASE-A,OK,Unknown,N/A,6
2025-12-30T20:28:07.000Z,0002,A31L25A0002,A31L25A0002,CASE-A,OK,Unknown,N/A,4
2025-12-30T20:27:30.000Z,0001,A31L25A0001,A31L25A0001,CASE-A,OK,Unknown,N/A,2
2025-12-30T04:22:19.000Z,0003,A30L25B0003,A30L25B0003,CASE-A,OK,Unknown,N/A,6
2025-12-30T04:00:44.000Z,0002,A30L25B0002,A30L25B0002,CASE-A,OK,Unknown,N/A,4
2025-12-30T02:23:40.000Z,0001,A30L25A0001,A30L25A0001,CASE-A,OK,Unknown,N/A,2
2025-12-28T20:39:26.000Z,0006,A29L25A0006,A29L25A0006,CASE-A,OK,Unknown,N/A,12
2025-12-28T20:36:19.000Z,0005,A29L25A0005,NG,CASE-A,NG,Unknown,N/A,10
2025-12-28T20:35:22.000Z,0004,A29L25A0004,NG,CASE-A,NG,Unknown,N/A,8
2025-12-28T20:16:17.000Z,0003,A29L25A0003,A29L25A0003,CASE-A,OK,Unknown,N/A,6
2025-12-28T20:04:08.000Z,0002,A29L25A0002,NG,CASE-A,NG,Unknown,N/A,4
2025-12-28T19:59:37.000Z,0001,A29L25A0001,NG,CASE-A,NG,Unknown,N/A,2
2025-12-26T22:50:55.000Z,0030,A27L25A0030,A27L25A0030,CASE-A,OK,Unknown,N/A,60
2025-12-26T22:49:39.000Z,0029,A27L25A0029,NG,CASE-A,NG,Unknown,N/A,58
2025-12-26T22:37:33.000Z,0028,A27L25A0028,NG,CASE-A,NG,Unknown,N/A,56
2025-12-26T22:35:47.000Z,0027,A27L25A0027,A27L25A0027,CASE-A,OK,Unknown,N/A,54
2025-12-26T22:34:47.000Z,0026,A27L25A0026,NG,CASE-A,NG,Unknown,N/A,52
2025-12-26T22:23:36.000Z,0025,A27L25A0025,A27L25A0025,CASE-A,OK,Unknown,N/A,50
2025-12-26T22:18:47.000Z,0024,A27L25A0024,A27L25A0024,CASE-A,OK,Unknown,N/A,48
2025-12-26T22:17:58.000Z,0023,A27L25A0023,A27L25A0023,CASE-A,OK,Unknown,N/A,46
2025-12-26T21:46:47.000Z,0022,A27L25A0022,A27L25A0022,CASE-A,OK,Unknown,N/A,44
2025-12-26T21:46:04.000Z,0021,A27L25A0021,A27L25A0021,CASE-A,OK,Unknown,N/A,42
2025-12-26T21:12:02.000Z,0020,A27L25A0020,NG,CASE-A,NG,Unknown,N/A,40
2025-12-26T21:11:32.000Z,0019,A27L25A0019,A27L25A0019,CASE-A,OK,Unknown,N/A,38
2025-12-26T21:11:05.000Z,0018,A27L25A0018,A27L25A0018,CASE-A,OK,Unknown,N/A,36
2025-12-26T21:03:44.000Z,0017,A27L25A0017,A27L25A0017,CASE-A,OK,Unknown,N/A,34
2025-12-26T20:51:28.000Z,0016,A27L25A0016,A27L25A0016,CASE-A,OK,Unknown,N/A,32
2025-12-26T20:50:08.000Z,0015,A27L25A0015,NG,CASE-A,NG,Unknown,N/A,30
2025-12-26T20:35:55.000Z,0014,A27L25A0014,A27L25A0014,CASE-A,OK,Unknown,N/A,28
2025-12-26T20:31:57.000Z,0013,A27L25A0013,NG,CASE-A,NG,Unknown,N/A,26
2025-12-26T20:30:44.000Z,0012,A27L25A0012,NG,CASE-A,NG,Unknown,N/A,24
2025-12-26T20:23:02.000Z,0011,A27L25A0011,NG,CASE-A,NG,Unknown,N/A,22
2025-12-26T20:22:14.000Z,0010,A27L25A0010,A27L25A0010,CASE-A,OK,Unknown,N/A,20
2025-12-26T20:21:28.000Z,0009,A27L25A0009,A27L25A0009,CASE-A,OK,Unknown,N/A,18
2025-12-26T20:14:27.000Z,0008,A27L25A0008,NG,CASE-A,NG,Unknown,N/A,16
2025-12-26T20:06:17.000Z,0007,A27L25A0007,NG,CASE-A,NG,Unknown,N/A,14
2025-12-26T19:56:31.000Z,0006,A27L25A0006,A27L25A0006,CASE-A,OK,Unknown,N/A,12
2025-12-26T19:54:32.000Z,0005,A27L25A0005,A27L25A0005,CASE-A,OK,Unknown,N/A,10
2025-12-26T19:36:25.000Z,0004,A27L25A0004,A27L25A0004,CASE-A,OK,Unknown,N/A,8
2025-12-26T19:34:19.000Z,0003,A27L25A0003,A27L25A0003,CASE-A,OK,Unknown,N/A,6
2025-12-26T19:31:18.000Z,0002,A27L25A0002,A27L25A0002,CASE-A,OK,Unknown,N/A,4
2025-12-26T19:09:04.000Z,0001,A27L25A0001,A27L25A0001,CASE-A,OK,Unknown,N/A,2
2025-12-25T06:19:20.000Z,0061,A25L25B0061,A25L25B0061,CASE-A,OK,Unknown,N/A,44
2025-12-25T06:03:25.000Z,0060,A25L25B0060,A25L25B0060,CASE-A,OK,Unknown,N/A,42
2025-12-25T05:58:05.000Z,0059,A25L25B0059,A25L25B0059,CASE-A,OK,Unknown,N/A,40
2025-12-25T05:45:15.000Z,0058,A25L25B0058,A25L25B0058,CASE-A,OK,Unknown,N/A,38
2025-12-25T05:43:09.000Z,0057,A25L25B0057,A25L25B0057,CASE-A,OK,Unknown,N/A,36
2025-12-25T05:41:52.000Z,0056,A25L25B0056,A25L25B0056,CASE-A,OK,Unknown,N/A,34
2025-12-25T05:37:16.000Z,0055,A25L25B0055,NG,CASE-A,NG,Unknown,N/A,32
2025-12-25T05:33:07.000Z,0054,A25L25B0054,NG,CASE-A,NG,Unknown,N/A,30
2025-12-25T05:32:36.000Z,0053,A25L25B0053,A25L25B0053,CASE-A,OK,Unknown,N/A,28
2025-12-25T05:26:58.000Z,0052,A25L25B0052,A25L25B0052,CASE-A,OK,Unknown,N/A,26
2025-12-25T05:21:38.000Z,0051,A25L25B0051,A25L25B0051,CASE-A,OK,Unknown,N/A,24
2025-12-25T05:16:11.000Z,0050,A25L25B0050,A25L25B0050,CASE-A,OK,Unknown,N/A,22
2025-12-25T05:14:47.000Z,0049,A25L25B0049,A25L25B0049,CASE-A,OK,Unknown,N/A,20
2025-12-25T05:14:18.000Z,0048,A25L25B0048,A25L25B0048,CASE-A,OK,Unknown,N/A,18
2025-12-25T04:56:59.000Z,0047,A25L25B0047,A25L25B0047,CASE-A,OK,Unknown,N/A,16
2025-12-25T04:22:09.000Z,0046,A25L25B0046,A25L25B0046,CASE-A,OK,Unknown,N/A,14
2025-12-25T04:21:42.000Z,0045,A25L25B0045,NG,CASE-A,NG,Unknown,N/A,12
2025-12-25T04:10:34.000Z,0044,A25L25B0044,A25L25B0044,CASE-A,OK,Unknown,N/A,10
2025-12-25T03:33:33.000Z,0043,A25L25B0043,A25L25B0043,CASE-A,OK,Unknown,N/A,8
2025-12-25T01:32:22.000Z,0042,A25L25A0042,A25L25A0042,CASE-A,OK,Unknown,N/A,6
2025-12-25T01:28:17.000Z,0041,A25L25A0041,A25L25A0041,CASE-A,OK,Unknown,N/A,4
2025-12-25T01:27:49.000Z,0040,A25L25A0040,A25L25A0040,CASE-A,OK,Unknown,N/A,2
2025-12-25T00:08:22.000Z,0039,A25L25A0039,A25L25A0039,CASE-A,OK,Unknown,N/A,78
2025-12-25T00:01:21.000Z,0038,A25L25A0038,A25L25A0038,CASE-A,OK,Unknown,N/A,76
2025-12-24T23:48:13.000Z,0037,A25L25A0037,A25L25A0037,CASE-A,OK,Unknown,N/A,74
2025-12-24T23:47:41.000Z,0036,A25L25A0036,A25L25A0036,CASE-A,OK,Unknown,N/A,72
2025-12-24T23:34:53.000Z,0035,A25L25A0035,A25L25A0035,CASE-A,OK,Unknown,N/A,70
2025-12-24T23:34:26.000Z,0034,A25L25A0034,NG,CASE-A,NG,Unknown,N/A,68
2025-12-24T23:33:37.000Z,0033,A25L25A0033,A25L25A0033,CASE-A,OK,Unknown,N/A,66
2025-12-24T23:25:25.000Z,0032,A25L25A0032,A25L25A0032,CASE-A,OK,Unknown,N/A,64
2025-12-24T23:24:56.000Z,0031,A25L25A0031,A25L25A0031,CASE-A,OK,Unknown,N/A,62
2025-12-24T23:24:25.000Z,0030,A25L25A0030,A25L25A0030,CASE-A,OK,Unknown,N/A,60
2025-12-24T23:18:53.000Z,0029,A25L25A0029,A25L25A0029,CASE-A,OK,Unknown,N/A,58
2025-12-24T23:14:31.000Z,0028,A25L25A0028,A25L25A0028,CASE-A,OK,Unknown,N/A,56
2025-12-24T23:13:49.000Z,0027,A25L25A0027,A25L25A0027,CASE-A,OK,Unknown,N/A,54
2025-12-24T23:12:17.000Z,0026,A25L25A0026,NG,CASE-A,NG,Unknown,N/A,52
2025-12-24T23:11:17.000Z,0025,A25L25A0025,A25L25A0025,CASE-A,OK,Unknown,N/A,50
2025-12-24T22:40:41.000Z,0024,A25L25A0024,A25L25A0024,CASE-A,OK,Unknown,N/A,48
2025-12-24T22:08:19.000Z,0023,A25L25A0023,A25L25A0023,CASE-A,OK,Unknown,N/A,46
2025-12-24T21:41:40.000Z,0022,A25L25A0022,A25L25A0022,CASE-A,OK,Unknown,N/A,44
2025-12-24T21:39:27.000Z,0021,A25L25A0021,A25L25A0021,CASE-A,OK,Unknown,N/A,42
2025-12-24T21:37:50.000Z,0020,A25L25A0020,A25L25A0020,CASE-A,OK,Unknown,N/A,40
2025-12-24T21:36:29.000Z,0019,A25L25A0019,A25L25A0019,CASE-A,OK,Unknown,N/A,38
2025-12-24T21:35:10.000Z,0018,A25L25A0018,A25L25A0018,CASE-A,OK,Unknown,N/A,36
2025-12-24T21:29:54.000Z,0017,A25L25A0017,NG,CASE-A,NG,Unknown,N/A,34
2025-12-24T21:28:32.000Z,0016,A25L25A0016,NG,CASE-A,NG,Unknown,N/A,32
2025-12-24T21:28:22.000Z,0015,A25L25A0015,N/A,CASE-A,NG,Unknown,N/A,30
2025-12-24T21:28:07.000Z,0014,A25L25A0014,NG,CASE-A,NG,Unknown,N/A,28
2025-12-24T21:28:03.000Z,0013,A25L25A0013,N/A,CASE-A,NG,Unknown,N/A,26
2025-12-24T21:27:00.000Z,0012,A25L25A0012,A25L25A0012,CASE-A,OK,Unknown,N/A,24
2025-12-24T21:17:11.000Z,0011,A25L25A0011,A25L25A0011,CASE-A,OK,Unknown,N/A,22
2025-12-24T21:16:27.000Z,0010,A25L25A0010,A25L25A0010,CASE-A,OK,Unknown,N/A,20
2025-12-24T21:10:00.000Z,0009,A25L25A0009,A25L25A0009,CASE-A,OK,Unknown,N/A,18
2025-12-24T21:09:29.000Z,0008,A25L25A0008,A25L25A0008,CASE-A,OK,Unknown,N/A,16
2025-12-24T20:52:42.000Z,0007,A25L25A0007,NG,CASE-A,NG,Unknown,N/A,14
2025-12-24T20:51:20.000Z,0006,A25L25A0006,NG,CASE-A,NG,Unknown,N/A,12
2025-12-24T20:50:52.000Z,0005,A25L25A0005,NG,CASE-A,NG,Unknown,N/A,10
2025-12-24T20:49:23.000Z,0004,A25L25A0004,A25L25A0004,CASE-A,OK,Unknown,N/A,8
2025-12-24T20:40:28.000Z,0003,A25L25A0003,A25L25A0003,CASE-A,OK,Unknown,N/A,6
2025-12-24T20:24:56.000Z,0002,A25L25A0002,A25L25A0002,CASE-A,OK,Unknown,N/A,4
2025-12-24T20:23:34.000Z,0001,A25L25A0001,A25L25A0001,CASE-A,OK,Unknown,N/A,2
2025-12-23T22:25:51.000Z,0013,A24L25A0013,A24L25A0013,CASE-A,OK,Unknown,N/A,26
2025-12-23T22:25:13.000Z,0012,A24L25A0012,NG,CASE-A,NG,Unknown,N/A,24
2025-12-23T22:24:47.000Z,0011,A24L25A0011,A24L25A0011,CASE-A,OK,Unknown,N/A,22
2025-12-23T21:26:05.000Z,0010,A24L25A0010,A24L25A0010,CASE-A,OK,Unknown,N/A,20
2025-12-23T21:11:13.000Z,0009,A24L25A0009,A24L25A0009,CASE-A,OK,Unknown,N/A,18
2025-12-23T21:07:23.000Z,0008,A24L25A0008,A24L25A0008,CASE-A,OK,Unknown,N/A,16
2025-12-23T20:56:15.000Z,0007,A24L25A0007,NG,CASE-A,NG,Unknown,N/A,14
2025-12-23T20:55:24.000Z,0006,A24L25A0006,A24L25A0006,CASE-A,OK,Unknown,N/A,12
2025-12-23T20:53:28.000Z,0005,A24L25A0005,A24L25A0005,CASE-A,OK,Unknown,N/A,10
2025-12-23T20:37:27.000Z,0004,A24L25A0004,A24L25A0004,CASE-A,OK,Unknown,N/A,8
2025-12-23T20:35:30.000Z,0003,A24L25A0003,A24L25A0003,CASE-A,OK,Unknown,N/A,6
2025-12-23T20:22:26.000Z,0002,A24L25A0002,A24L25A0002,CASE-A,OK,Unknown,N/A,4
2025-12-23T19:06:23.000Z,0001,A24L25A0001,NG,CASE-A,NG,Unknown,N/A,2
2025-12-22T23:31:57.000Z,0016,A23L25A0016,NG,CASE-A,NG,Unknown,N/A,32
2025-12-22T23:28:53.000Z,0015,A23L25A0015,A23L25A0015,CASE-A,OK,Unknown,N/A,30
2025-12-22T23:24:24.000Z,0014,A23L25A0014,A23L25A0014,CASE-A,OK,Unknown,N/A,28
2025-12-22T23:23:28.000Z,0013,A23L25A0013,NG,CASE-A,NG,Unknown,N/A,26
2025-12-22T23:17:40.000Z,0012,A23L25A0012,A23L25A0012,CASE-A,OK,Unknown,N/A,24
2025-12-22T22:48:41.000Z,0011,A23L25A0011,A23L25A0011,CASE-A,OK,Unknown,N/A,22
2025-12-22T22:42:01.000Z,0010,A23L25A0010,A23L25A0010,CASE-A,OK,Unknown,N/A,20
2025-12-22T22:39:18.000Z,0009,A23L25A0009,A23L25A0009,CASE-A,OK,Unknown,N/A,18
2025-12-22T22:37:46.000Z,0008,A23L25A0008,A23L25A0008,CASE-A,OK,Unknown,N/A,16
2025-12-22T22:31:58.000Z,0007,A23L25A0007,NG,CASE-A,NG,Unknown,N/A,14
2025-12-22T22:24:40.000Z,0006,A23L25A0006,A23L25A0006,CASE-A,OK,Unknown,N/A,12
2025-12-22T22:19:46.000Z,0005,A23L25A0005,NG,CASE-A,NG,Unknown,N/A,10
2025-12-22T21:55:32.000Z,0004,A23L25A0004,A23L25A0004,CASE-A,OK,Unknown,N/A,8
2025-12-22T21:54:50.000Z,0003,A23L25A0003,A23L25A0003,CASE-A,OK,Unknown,N/A,6
2025-12-22T21:53:35.000Z,0002,A23L25A0002,A23L25A0002,CASE-A,OK,Unknown,N/A,4
2025-12-22T21:43:26.000Z,0001,A23L25A0001,A23L25A0001,CASE-A,OK,Unknown,N/A,2
2025-12-22T06:10:48.000Z,0005,A22L25B0005,A22L25B0005,CASE-A,OK,Unknown,N/A,10
2025-12-22T06:09:41.000Z,0004,A22L25B0004,A22L25B0004,CASE-A,OK,Unknown,N/A,8
2025-12-22T06:07:52.000Z,0003,A22L25B0003,A22L25B0003,CASE-A,OK,Unknown,N/A,6
2025-12-22T06:07:25.000Z,0002,A22L25B0002,A22L25B0002,CASE-A,OK,Unknown,N/A,4
2025-12-22T06:06:52.000Z,0001,A22L25B0001,NG,CASE-A,NG,Unknown,N/A,2
2025-12-18T22:37:05.000Z,0004,A19L25A0004,A19L25A0004,CASE-A,OK,Unknown,N/A,42
2025-12-18T22:36:37.000Z,0003,A19L25A0003,A19L25A0003,CASE-A,OK,Unknown,N/A,40
2025-12-18T22:35:33.000Z,0002,A19L25A0002,A19L25A0002,CASE-A,OK,Unknown,N/A,38
2025-12-18T20:01:06.000Z,0001,A19L25A0001,A19L25A0001,CASE-A,OK,Unknown,N/A,36
2025-12-18T04:37:14.000Z,0018,A18L25B0018,A18L25B0018,CASE-A,OK,Unknown,N/A,34
2025-12-18T04:33:32.000Z,0017,A18L25B0017,A18L25B0017,CASE-A,OK,Unknown,N/A,32
2025-12-18T04:23:13.000Z,0016,A18L25B0016,A18L25B0016,CASE-A,OK,Unknown,N/A,30
2025-12-18T04:21:35.000Z,0015,A18L25B0015,A18L25B0015,CASE-A,OK,Unknown,N/A,28
2025-12-18T04:05:43.000Z,0014,A18L25B0014,A18L25B0014,CASE-A,OK,Unknown,N/A,26
2025-12-18T04:03:43.000Z,0013,A18L25B0013,A18L25B0013,CASE-A,OK,Unknown,N/A,24
2025-12-18T03:51:23.000Z,0012,A18L25B0012,A18L25B0012,CASE-A,OK,Unknown,N/A,22
2025-12-18T03:38:41.000Z,0011,A18L25B0011,A18L25B0011,CASE-A,OK,Unknown,N/A,20
2025-12-18T03:38:00.000Z,0010,A18L25B0010,NG,CASE-A,NG,Unknown,N/A,18
2025-12-18T03:36:13.000Z,0009,A18L25B0009,A18L25B0009,CASE-A,OK,Unknown,N/A,16
2025-12-18T03:35:34.000Z,0008,A18L25B0008,A18L25B0008,CASE-A,OK,Unknown,N/A,14
2025-12-18T02:45:16.000Z,0007,A18L25A0007,A18L25A0007,CASE-A,OK,Unknown,N/A,12
2025-12-18T01:44:15.000Z,0006,A18L25A0006,A18L25A0006,CASE-A,OK,Unknown,N/A,10
2025-12-18T01:42:55.000Z,0005,A18L25A0005,A18L25A0005,CASE-A,OK,Unknown,N/A,8
2025-12-18T01:22:02.000Z,0004,A18L25A0004,NG,CASE-A,NG,Unknown,N/A,6
2025-12-18T01:19:55.000Z,0003,A18L25A0003,NG,CASE-A,NG,Unknown,N/A,4
2025-12-18T01:16:52.000Z,0002,A18L25A0002,NG,CASE-A,NG,Unknown,N/A,2
2025-12-17T23:14:05.000Z,0001,A18L25A0001,N/A,CASE-A,NG,Unknown,N/A,2
2025-12-15T21:38:55.000Z,0019,A16L25A0019,A16L25A0019,CASE-A,OK,Unknown,N/A,38
2025-12-15T21:24:58.000Z,0018,A16L25A0018,NG,CASE-A,NG,Unknown,N/A,36
2025-12-15T21:24:31.000Z,0017,A16L25A0017,NG,CASE-A,NG,Unknown,N/A,34
2025-12-15T21:20:33.000Z,0016,A16L25A0016,A16L25A0016,CASE-A,OK,Unknown,N/A,32
2025-12-15T20:53:36.000Z,0015,A16L25A0015,A16L25A0015,CASE-A,OK,Unknown,N/A,30
2025-12-15T20:53:09.000Z,0014,A16L25A0014,A16L25A0014,CASE-A,OK,Unknown,N/A,28
2025-12-15T20:40:06.000Z,0013,A16L25A0013,A16L25A0013,CASE-A,OK,Unknown,N/A,26
2025-12-15T20:39:41.000Z,0012,A16L25A0012,NG,CASE-A,NG,Unknown,N/A,24
2025-12-15T20:29:42.000Z,0011,A16L25A0011,A16L25A0011,CASE-A,OK,Unknown,N/A,22
2025-12-15T20:29:14.000Z,0010,A16L25A0010,NG,CASE-A,NG,Unknown,N/A,20
2025-12-15T20:22:12.000Z,0009,A16L25A0009,A16L25A0009,CASE-A,OK,Unknown,N/A,18
2025-12-15T20:19:24.000Z,0008,A16L25A0008,NG,CASE-A,NG,Unknown,N/A,16
2025-12-15T20:18:56.000Z,0007,A16L25A0007,NG,CASE-A,NG,Unknown,N/A,14
2025-12-15T19:42:56.000Z,0006,A16L25A0006,NG,CASE-A,NG,Unknown,N/A,12
2025-12-15T19:42:27.000Z,0005,A16L25A0005,A16L25A0005,CASE-A,OK,Unknown,N/A,10
2025-12-15T19:35:49.000Z,0004,A16L25A0004,A16L25A0004,CASE-A,OK,Unknown,N/A,8
2025-12-15T19:35:22.000Z,0003,A16L25A0003,NG,CASE-A,NG,Unknown,N/A,6
2025-12-15T19:29:49.000Z,0002,A16L25A0002,NG,CASE-A,NG,Unknown,N/A,4
2025-12-15T19:19:40.000Z,0001,A16L25A0001,NG,CASE-A,NG,Unknown,N/A,2
2025-12-15T06:07:36.000Z,0022,A15L25B0022,NG,CASE-A,NG,Unknown,N/A,44
2025-12-15T06:06:58.000Z,0021,A15L25B0021,A15L25B0021,CASE-A,OK,Unknown,N/A,42
2025-12-15T05:47:56.000Z,0020,A15L25B0020,A15L25B0020,CASE-A,OK,Unknown,N/A,40
2025-12-15T05:47:25.000Z,0019,A15L25B0019,A15L25B0019,CASE-A,OK,Unknown,N/A,38
2025-12-15T05:18:55.000Z,0018,A15L25B0018,NG,CASE-A,NG,Unknown,N/A,36
2025-12-15T05:15:32.000Z,0017,A15L25B0017,NG,CASE-A,NG,Unknown,N/A,34
2025-12-15T05:14:18.000Z,0016,A15L25B0016,NG,CASE-A,NG,Unknown,N/A,32
2025-12-15T05:11:20.000Z,0015,A15L25B0015,NG,CASE-A,NG,Unknown,N/A,30
2025-12-15T05:10:54.000Z,0014,A15L25B0014,A15L25B0014,CASE-A,OK,Unknown,N/A,28
2025-12-15T04:30:40.000Z,0013,A15L25B0013,A15L25B0013,CASE-A,OK,Unknown,N/A,26
2025-12-15T04:30:02.000Z,0012,A15L25B0012,A15L25B0012,CASE-A,OK,Unknown,N/A,24
2025-12-15T04:17:14.000Z,0011,A15L25B0011,A15L25B0011,CASE-A,OK,Unknown,N/A,22
2025-12-15T04:07:03.000Z,0010,A15L25B0010,NG,CASE-A,NG,Unknown,N/A,20
2025-12-15T01:30:28.000Z,0009,A15L25A0009,A15L25A0009,CASE-A,OK,Unknown,N/A,18
2025-12-15T00:49:35.000Z,0008,A15L25A0008,A15L25A0008,CASE-A,OK,Unknown,N/A,16
2025-12-15T00:42:22.000Z,0007,A15L25A0007,A15L25A0007,CASE-A,OK,Unknown,N/A,14
2025-12-15T00:41:52.000Z,0006,A15L25A0006,A15L25A0006,CASE-A,OK,Unknown,N/A,12
2025-12-15T00:16:25.000Z,0005,A15L25A0005,A15L25A0005,CASE-A,OK,Unknown,N/A,10
2025-12-15T00:13:18.000Z,0004,A15L25A0004,NG,CASE-A,NG,Unknown,N/A,8
2025-12-15T00:12:18.000Z,0003,A15L25A0003,NG,CASE-A,NG,Unknown,N/A,6
2025-12-15T00:03:20.000Z,0002,A15L25A0002,A15L25A0002,CASE-A,OK,Unknown,N/A,4
2025-12-14T23:39:57.000Z,0001,A15L25A0001,A15L25A0001,CASE-A,OK,Unknown,N/A,2
2025-12-13T03:33:56.000Z,0030,A13L25B0030,A13L25B0030,CASE-A,OK,Unknown,N/A,42
2025-12-13T03:32:50.000Z,0029,A13L25B0029,A13L25B0029,CASE-A,OK,Unknown,N/A,40
2025-12-13T03:32:05.000Z,0028,A13L25B0028,A13L25B0028,CASE-A,OK,Unknown,N/A,38
2025-12-13T03:31:23.000Z,0027,A13L25B0027,A13L25B0027,CASE-A,OK,Unknown,N/A,36
2025-12-13T03:30:44.000Z,0026,A13L25B0026,A13L25B0026,CASE-A,OK,Unknown,N/A,34
2025-12-13T03:30:15.000Z,0025,A13L25B0025,A13L25B0025,CASE-A,OK,Unknown,N/A,32
2025-12-13T03:29:41.000Z,0024,A13L25B0024,A13L25B0024,CASE-A,OK,Unknown,N/A,30
2025-12-13T03:17:39.000Z,0023,A13L25B0023,A13L25B0023,CASE-A,OK,Unknown,N/A,28
2025-12-13T03:16:39.000Z,0022,A13L25B0022,A13L25B0022,CASE-A,OK,Unknown,N/A,26
2025-12-13T03:11:24.000Z,0021,A13L25B0021,A13L25B0021,CASE-A,OK,Unknown,N/A,24
2025-12-13T03:09:25.000Z,0020,A13L25B0020,A13L25B0020,CASE-A,OK,Unknown,N/A,22
2025-12-13T03:05:40.000Z,0019,A13L25B0019,A13L25B0019,CASE-A,OK,Unknown,N/A,20
2025-12-13T03:05:09.000Z,0018,A13L25B0018,A13L25B0018,CASE-A,OK,Unknown,N/A,18
2025-12-13T02:56:23.000Z,0017,A13L25A0017,A13L25A0017,CASE-A,OK,Unknown,N/A,16
2025-12-13T02:48:28.000Z,0016,A13L25A0016,A13L25A0016,CASE-A,OK,Unknown,N/A,14
2025-12-13T02:09:53.000Z,0015,A13L25A0015,A13L25A0015,CASE-A,OK,Unknown,N/A,12
2025-12-13T02:05:40.000Z,0014,A13L25A0014,A13L25A0014,CASE-A,OK,Unknown,N/A,10
2025-12-13T02:00:21.000Z,0013,A13L25A0013,A13L25A0013,CASE-A,OK,Unknown,N/A,8
2025-12-13T00:50:13.000Z,0012,A13L25A0012,A13L25A0012,CASE-A,OK,Unknown,N/A,6
2025-12-13T00:47:28.000Z,0011,A13L25A0011,A13L25A0011,CASE-A,OK,Unknown,N/A,4
2025-12-13T00:45:55.000Z,0010,A13L25A0010,A13L25A0010,CASE-A,OK,Unknown,N/A,2
2025-12-12T22:12:59.000Z,0009,A13L25A0009,A13L25A0009,CASE-A,OK,Unknown,N/A,42
2025-12-12T22:04:15.000Z,0008,A13L25A0008,A13L25A0008,CASE-A,OK,Unknown,N/A,40
2025-12-12T22:01:27.000Z,0007,A13L25A0007,A13L25A0007,CASE-A,OK,Unknown,N/A,38
2025-12-12T22:00:33.000Z,0006,A13L25A0006,A13L25A0006,CASE-A,OK,Unknown,N/A,36
2025-12-12T20:43:18.000Z,0005,A13L25A0005,A13L25A0005,CASE-A,OK,Unknown,N/A,34
2025-12-12T19:23:23.000Z,0004,A13L25A0004,A13L25A0004,CASE-A,OK,Unknown,N/A,32
2025-12-12T19:21:52.000Z,0003,A13L25A0003,A13L25A0003,CASE-A,OK,Unknown,N/A,30
2025-12-12T19:08:41.000Z,0002,A13L25A0002,A13L25A0002,CASE-A,OK,Unknown,N/A,28
2025-12-12T18:50:45.000Z,0001,A13L25A0001,A13L25A0001,CASE-A,OK,Unknown,N/A,26
2025-12-12T05:04:13.000Z,0017,A12L25B0017,A12L25B0017,CASE-A,OK,Unknown,N/A,24
2025-12-12T05:03:27.000Z,0016,A12L25B0016,A12L25B0016,CASE-A,OK,Unknown,N/A,22
2025-12-12T04:21:38.000Z,0015,A12L25B0015,A12L25B0015,CASE-A,OK,Unknown,N/A,20
2025-12-12T01:58:54.000Z,0014,A12L25A0014,A12L25A0014,CASE-A,OK,Unknown,N/A,18
2025-12-12T01:54:20.000Z,0013,A12L25A0013,A12L25A0013,CASE-A,OK,Unknown,N/A,16
2025-12-12T01:48:33.000Z,0012,A12L25A0012,A12L25A0012,CASE-A,OK,Unknown,N/A,14
2025-12-12T01:44:34.000Z,0011,A12L25A0011,A12L25A0011,CASE-A,OK,Unknown,N/A,12
2025-12-12T01:39:02.000Z,0010,A12L25A0010,A12L25A0010,CASE-A,OK,Unknown,N/A,10
2025-12-12T01:37:28.000Z,0009,A12L25A0009,A12L25A0009,CASE-A,OK,Unknown,N/A,8
2025-12-12T01:34:59.000Z,0008,A12L25A0008,NG,CASE-A,NG,Unknown,N/A,6
2025-12-12T01:08:15.000Z,0007,A12L25A0007,A12L25A0007,CASE-A,OK,Unknown,N/A,4
2025-12-12T00:59:31.000Z,0006,A12L25A0006,A12L25A0006,CASE-A,OK,Unknown,N/A,2
2025-12-11T19:16:02.000Z,0005,A12L25A0005,A12L25A0005,CASE-A,OK,Unknown,N/A,70
2025-12-11T19:15:25.000Z,0004,A12L25A0004,A12L25A0004,CASE-A,OK,Unknown,N/A,68
2025-12-11T19:06:12.000Z,0003,A12L25A0003,A12L25A0003,CASE-A,OK,Unknown,N/A,66
2025-12-11T19:04:21.000Z,0002,A12L25A0002,A12L25A0002,CASE-A,OK,Unknown,N/A,64
2025-12-11T19:01:55.000Z,0001,A12L25A0001,A12L25A0001,CASE-A,OK,Unknown,N/A,62
2025-12-11T04:47:40.000Z,0033,A11L25B0033,A11L25B0033,CASE-A,OK,Unknown,N/A,60
2025-12-11T04:45:40.000Z,0032,A11L25B0032,A11L25B0032,CASE-A,OK,Unknown,N/A,58
2025-12-11T04:44:48.000Z,0031,A11L25B0031,A11L25B0031,CASE-A,OK,Unknown,N/A,56
2025-12-11T04:15:40.000Z,0030,A11L25B0030,NG,CASE-A,NG,Unknown,N/A,54
2025-12-11T04:07:38.000Z,0029,A11L25B0029,NG,CASE-A,NG,Unknown,N/A,52
2025-12-11T04:01:07.000Z,0028,A11L25B0028,A11L25B0028,CASE-A,OK,Unknown,N/A,50
2025-12-11T03:55:50.000Z,0027,A11L25B0027,NG,CASE-A,NG,Unknown,N/A,48
2025-12-11T03:39:40.000Z,0026,A11L25B0026,NG,CASE-A,NG,Unknown,N/A,46
2025-12-11T03:33:39.000Z,0025,A11L25B0025,NG,CASE-A,NG,Unknown,N/A,44
2025-12-11T03:33:04.000Z,0024,A11L25B0024,A11L25B0024,CASE-A,OK,Unknown,N/A,42
2025-12-11T02:54:00.000Z,0023,A11L25A0023,A11L25A0023,CASE-A,OK,Unknown,N/A,40
2025-12-11T02:53:33.000Z,0022,A11L25A0022,NG,CASE-A,NG,Unknown,N/A,38
2025-12-11T02:52:55.000Z,0021,A11L25A0021,A11L25A0021,CASE-A,OK,Unknown,N/A,36
2025-12-11T02:37:23.000Z,0020,A11L25A0020,NG,CASE-A,NG,Unknown,N/A,34
2025-12-11T02:27:39.000Z,0019,A11L25A0019,A11L25A0019,CASE-A,OK,Unknown,N/A,32
2025-12-11T02:23:06.000Z,0018,A11L25A0018,A11L25A0018,CASE-A,OK,Unknown,N/A,30
2025-12-11T02:17:00.000Z,0017,A11L25A0017,A11L25A0017,CASE-A,OK,Unknown,N/A,28
2025-12-11T02:10:24.000Z,0016,A11L25A0016,A11L25A0016,CASE-A,OK,Unknown,N/A,26
2025-12-11T02:04:20.000Z,0015,A11L25A0015,NG,CASE-A,NG,Unknown,N/A,24
2025-12-11T01:53:28.000Z,0014,A11L25A0014,A11L25A0014,CASE-A,OK,Unknown,N/A,22
2025-12-11T01:44:38.000Z,0013,A11L25A0013,A11L25A0013,CASE-A,OK,Unknown,N/A,20
2025-12-11T01:33:41.000Z,0012,A11L25A0012,A11L25A0012,CASE-A,OK,Unknown,N/A,18
2025-12-11T01:30:37.000Z,0011,A11L25A0011,A11L25A0011,CASE-A,OK,Unknown,N/A,16
2025-12-11T01:13:56.000Z,0010,A11L25A0010,A11L25A0010,CASE-A,OK,Unknown,N/A,14
2025-12-11T01:05:50.000Z,0009,A11L25A0009,A11L25A0009,CASE-A,OK,Unknown,N/A,12
2025-12-11T00:59:13.000Z,0008,A11L25A0008,A11L25A0008,CASE-A,OK,Unknown,N/A,10
2025-12-11T00:53:48.000Z,0007,A11L25A0007,A11L25A0007,CASE-A,OK,Unknown,N/A,8
2025-12-11T00:47:48.000Z,0006,A11L25A0006,NG,CASE-A,NG,Unknown,N/A,6
2025-12-11T00:41:27.000Z,0005,A11L25A0005,A11L25A0005,CASE-A,OK,Unknown,N/A,4
2025-12-11T00:41:00.000Z,0004,A11L25A0004,A11L25A0004,CASE-A,OK,Unknown,N/A,2
2025-12-11T00:06:56.000Z,0003,A11L25A0003,A11L25A0003,CASE-A,OK,Unknown,N/A,6
2025-12-10T23:07:02.000Z,0002,A11L25A0002,A11L25A0002,CASE-A,OK,Unknown,N/A,4
2025-12-10T18:53:34.000Z,0001,A11L25A0001,NG,CASE-A,NG,Unknown,N/A,2
2025-12-10T06:15:00.000Z,0013,A10L25B0013,A10L25B0013,CASE-A,OK,Unknown,N/A,26
2025-12-10T04:41:13.000Z,0012,A10L25B0012,A10L25B0012,CASE-A,OK,Unknown,N/A,24
2025-12-10T04:37:37.000Z,0011,A10L25B0011,A10L25B0011,CASE-A,OK,Unknown,N/A,22
2025-12-10T04:34:50.000Z,0010,A10L25B0010,A10L25B0010,CASE-A,OK,Unknown,N/A,20
2025-12-10T04:34:24.000Z,0009,A10L25B0009,A10L25B0009,CASE-A,OK,Unknown,N/A,18
2025-12-10T04:24:36.000Z,0008,A10L25B0008,NG,CASE-A,NG,Unknown,N/A,16
2025-12-10T04:23:48.000Z,0007,A10L25B0007,NG,CASE-A,NG,Unknown,N/A,14
2025-12-10T04:23:22.000Z,0006,A10L25B0006,NG,CASE-A,NG,Unknown,N/A,12
2025-12-10T04:22:51.000Z,0005,A10L25B0005,NG,CASE-A,NG,Unknown,N/A,10
2025-12-10T04:22:22.000Z,0004,A10L25B0004,NG,CASE-A,NG,Unknown,N/A,8
2025-12-10T04:21:54.000Z,0003,A10L25B0003,NG,CASE-A,NG,Unknown,N/A,6
2025-12-10T04:20:33.000Z,0002,A10L25B0002,A10L25B0002,CASE-A,OK,Unknown,N/A,4
2025-12-10T04:20:16.000Z,0001,A10L25B0001,N/A,CASE-A,NG,Unknown,N/A,2
2025-12-09T01:19:07.000Z,0006,A09L25A0006,A09L25A0006,CASE-A,OK,Unknown,N/A,2
2025-12-08T23:10:27.000Z,0005,A09L25A0005,A09L25A0005,CASE-A,OK,Unknown,N/A,24
2025-12-08T18:56:35.000Z,0004,A09L25A0004,A09L25A0004,CASE-A,OK,Unknown,N/A,22
2025-12-08T18:55:55.000Z,0003,A09L25A0003,A09L25A0003,CASE-A,OK,Unknown,N/A,20
2025-12-08T18:52:56.000Z,0002,A09L25A0002,A09L25A0002,CASE-A,OK,Unknown,N/A,18
2025-12-08T18:46:43.000Z,0001,A09L25A0001,A09L25A0001,CASE-A,OK,Unknown,N/A,16
2025-12-08T04:27:00.000Z,0009,A08L25B0009,A08L25B0009,CASE-A,OK,Unknown,N/A,14
2025-12-08T03:32:25.000Z,0008,A08L25B0008,A08L25B0008,CASE-A,OK,Unknown,N/A,12
2025-12-08T02:34:44.000Z,0007,A08L25A0007,A08L25A0007,CASE-A,OK,Unknown,N/A,10
2025-12-08T02:25:02.000Z,0006,A08L25A0006,A08L25A0006,CASE-A,OK,Unknown,N/A,8
2025-12-08T02:21:23.000Z,0005,A08L25A0005,A08L25A0005,CASE-A,OK,Unknown,N/A,6
2025-12-08T01:34:14.000Z,0004,A08L25A0004,A08L25A0004,CASE-A,OK,Unknown,N/A,4
2025-12-08T01:33:48.000Z,0003,A08L25A0003,NG,CASE-A,NG,Unknown,N/A,2
2025-12-07T23:40:41.000Z,0002,A08L25A0002,A08L25A0002,CASE-A,OK,Unknown,N/A,4
2025-12-07T22:35:15.000Z,0001,A08L25A0001,A08L25A0001,CASE-A,OK,Unknown,N/A,2
2025-12-06T00:33:53.000Z,0001,A06L25A0001,A06L25A0001,CASE-A,OK,Unknown,N/A,2
2025-12-04T00:14:37.000Z,0023,A04L25A0023,A04L25A0023,CASE-A,OK,Unknown,N/A,106
2025-12-03T23:36:41.000Z,0022,A04L25A0022,A04L25A0022,CASE-A,OK,Unknown,N/A,104
2025-12-03T23:12:40.000Z,0021,A04L25A0021,A04L25A0021,CASE-A,OK,Unknown,N/A,102
2025-12-03T21:55:44.000Z,0020,A04L25A0020,A04L25A0020,CASE-A,OK,Unknown,N/A,100
2025-12-03T21:52:25.000Z,0019,A04L25A0019,A04L25A0019,CASE-A,OK,Unknown,N/A,98
2025-12-03T21:39:02.000Z,0018,A04L25A0018,A04L25A0018,CASE-A,OK,Unknown,N/A,96
2025-12-03T21:36:57.000Z,0017,A04L25A0017,A04L25A0017,CASE-A,OK,Unknown,N/A,94
2025-12-03T21:29:21.000Z,0016,A04L25A0016,A04L25A0016,CASE-A,OK,Unknown,N/A,92
2025-12-03T21:25:49.000Z,0015,A04L25A0015,A04L25A0015,CASE-A,OK,Unknown,N/A,90
2025-12-03T21:19:58.000Z,0014,A04L25A0014,A04L25A0014,CASE-A,OK,Unknown,N/A,88
2025-12-03T20:41:49.000Z,0013,A04L25A0013,A04L25A0013,CASE-A,OK,Unknown,N/A,86
2025-12-03T20:41:22.000Z,0012,A04L25A0012,A04L25A0012,CASE-A,OK,Unknown,N/A,84
2025-12-03T20:40:49.000Z,0011,A04L25A0011,A04L25A0011,CASE-A,OK,Unknown,N/A,82
2025-12-03T20:40:23.000Z,0010,A04L25A0010,A04L25A0010,CASE-A,OK,Unknown,N/A,80
2025-12-03T20:33:12.000Z,0009,A04L25A0009,A04L25A0009,CASE-A,OK,Unknown,N/A,78
2025-12-03T20:27:58.000Z,0008,A04L25A0008,A04L25A0008,CASE-A,OK,Unknown,N/A,76
2025-12-03T20:26:53.000Z,0007,A04L25A0007,A04L25A0007,CASE-A,OK,Unknown,N/A,74
2025-12-03T20:15:50.000Z,0006,A04L25A0006,A04L25A0006,CASE-A,OK,Unknown,N/A,72
2025-12-03T20:14:21.000Z,0005,A04L25A0005,A04L25A0005,CASE-A,OK,Unknown,N/A,70
2025-12-03T20:09:34.000Z,0004,A04L25A0004,NG,CASE-A,NG,Unknown,N/A,68
2025-12-03T20:09:31.000Z,0003,A04L25A0003,N/A,CASE-A,NG,Unknown,N/A,66
2025-12-03T19:43:35.000Z,0002,A04L25A0002,A04L25A0002,CASE-A,OK,Unknown,N/A,64
2025-12-03T19:43:05.000Z,0001,A04L25A0001,A04L25A0001,CASE-A,OK,Unknown,N/A,62
2025-12-03T05:55:03.000Z,0070,A03L25B0070,A03L25B0070,CASE-A,OK,Unknown,N/A,60
2025-12-03T05:46:16.000Z,0069,A03L25B0069,A03L25B0069,CASE-A,OK,Unknown,N/A,58
2025-12-03T05:34:14.000Z,0068,A03L25B0068,A03L25B0068,CASE-A,OK,Unknown,N/A,56
2025-12-03T05:33:44.000Z,0067,A03L25B0067,A03L25B0067,CASE-A,OK,Unknown,N/A,54
2025-12-03T05:33:11.000Z,0066,A03L25B0066,A03L25B0066,CASE-A,OK,Unknown,N/A,52
2025-12-03T05:13:25.000Z,0065,A03L25B0065,A03L25B0065,CASE-A,OK,Unknown,N/A,50
2025-12-03T05:12:57.000Z,0064,A03L25B0064,A03L25B0064,CASE-A,OK,Unknown,N/A,48
2025-12-03T05:12:17.000Z,0063,A03L25B0063,A03L25B0063,CASE-A,OK,Unknown,N/A,46
2025-12-03T05:07:21.000Z,0062,A03L25B0062,A03L25B0062,CASE-A,OK,Unknown,N/A,44
2025-12-03T05:02:14.000Z,0061,A03L25B0061,A03L25B0061,CASE-A,OK,Unknown,N/A,42
2025-12-03T05:01:37.000Z,0060,A03L25B0060,A03L25B0060,CASE-A,OK,Unknown,N/A,40
2025-12-03T04:58:44.000Z,0059,A03L25B0059,A03L25B0059,CASE-A,OK,Unknown,N/A,38
2025-12-03T03:47:34.000Z,0058,A03L25B0058,A03L25B0058,CASE-A,OK,Unknown,N/A,36
2025-12-03T03:45:08.000Z,0057,A03L25B0057,A03L25B0057,CASE-A,OK,Unknown,N/A,34
2025-12-03T03:23:05.000Z,0056,A03L25B0056,A03L25B0056,CASE-A,OK,Unknown,N/A,32
2025-12-03T03:22:35.000Z,0055,A03L25B0055,A03L25B0055,CASE-A,OK,Unknown,N/A,30
2025-12-03T03:21:37.000Z,0054,A03L25B0054,A03L25B0054,CASE-A,OK,Unknown,N/A,28
2025-12-03T03:16:22.000Z,0053,A03L25B0053,A03L25B0053,CASE-A,OK,Unknown,N/A,26
2025-12-03T03:02:57.000Z,0052,A03L25B0052,A03L25B0052,CASE-A,OK,Unknown,N/A,24
2025-12-03T03:02:13.000Z,0051,A03L25B0051,A03L25B0051,CASE-A,OK,Unknown,N/A,22
2025-12-03T03:00:56.000Z,0050,A03L25B0050,A03L25B0050,CASE-A,OK,Unknown,N/A,20
2025-12-03T02:24:41.000Z,0049,A03L25A0049,A03L25A0049,CASE-A,OK,Unknown,N/A,18
2025-12-03T02:06:34.000Z,0048,A03L25A0048,A03L25A0048,CASE-A,OK,Unknown,N/A,16
2025-12-03T01:16:22.000Z,0047,A03L25A0047,A03L25A0047,CASE-A,OK,Unknown,N/A,14
2025-12-03T00:49:31.000Z,0046,A03L25A0046,A03L25A0046,CASE-A,OK,Unknown,N/A,12
2025-12-03T00:49:07.000Z,0045,A03L25A0045,A03L25A0045,CASE-A,OK,Unknown,N/A,10
2025-12-03T00:48:11.000Z,0044,A03L25A0044,A03L25A0044,CASE-A,OK,Unknown,N/A,8
2025-12-03T00:33:52.000Z,0043,A03L25A0043,A03L25A0043,CASE-A,OK,Unknown,N/A,6
2025-12-03T00:31:36.000Z,0042,A03L25A0042,A03L25A0042,CASE-A,OK,Unknown,N/A,4
2025-12-03T00:31:00.000Z,0041,A03L25A0041,A03L25A0041,CASE-A,OK,Unknown,N/A,2
2025-12-03T00:04:52.000Z,0040,A03L25A0040,A03L25A0040,CASE-A,OK,Unknown,N/A,96
2025-12-02T23:46:46.000Z,0039,A03L25A0039,A03L25A0039,CASE-A,OK,Unknown,N/A,94
2025-12-02T23:37:34.000Z,0038,A03L25A0038,A03L25A0038,CASE-A,OK,Unknown,N/A,92
2025-12-02T22:20:23.000Z,0037,A03L25A0037,A03L25A0037,CASE-A,OK,Unknown,N/A,90
2025-12-02T22:19:54.000Z,0036,A03L25A0036,A03L25A0036,CASE-A,OK,Unknown,N/A,88
2025-12-02T22:19:22.000Z,0035,A03L25A0035,A03L25A0035,CASE-A,OK,Unknown,N/A,86
2025-12-02T22:18:34.000Z,0034,A03L25A0034,A03L25A0034,CASE-A,OK,Unknown,N/A,84
2025-12-02T22:17:46.000Z,0033,A03L25A0033,A03L25A0033,CASE-A,OK,Unknown,N/A,82
2025-12-02T22:17:07.000Z,0032,A03L25A0032,A03L25A0032,CASE-A,OK,Unknown,N/A,80
2025-12-02T22:16:27.000Z,0031,A03L25A0031,A03L25A0031,CASE-A,OK,Unknown,N/A,78
2025-12-02T22:15:34.000Z,0030,A03L25A0030,A03L25A0030,CASE-A,OK,Unknown,N/A,76
2025-12-02T22:14:46.000Z,0029,A03L25A0029,A03L25A0029,CASE-A,OK,Unknown,N/A,74
2025-12-02T22:13:48.000Z,0028,A03L25A0028,A03L25A0028,CASE-A,OK,Unknown,N/A,72
2025-12-02T22:13:11.000Z,0027,A03L25A0027,A03L25A0027,CASE-A,OK,Unknown,N/A,70
2025-12-02T22:12:39.000Z,0026,A03L25A0026,A03L25A0026,CASE-A,OK,Unknown,N/A,68
2025-12-02T22:11:54.000Z,0025,A03L25A0025,A03L25A0025,CASE-A,OK,Unknown,N/A,66
2025-12-02T22:09:56.000Z,0024,A03L25A0024,A03L25A0024,CASE-A,OK,Unknown,N/A,64
2025-12-02T22:09:20.000Z,0023,A03L25A0023,A03L25A0023,CASE-A,OK,Unknown,N/A,62
2025-12-02T22:08:42.000Z,0022,A03L25A0022,A03L25A0022,CASE-A,OK,Unknown,N/A,60
2025-12-02T22:08:03.000Z,0021,A03L25A0021,A03L25A0021,CASE-A,OK,Unknown,N/A,58
2025-12-02T22:03:58.000Z,0020,A03L25A0020,A03L25A0020,CASE-A,OK,Unknown,N/A,56
2025-12-02T21:42:45.000Z,0019,A03L25A0019,A03L25A0019,CASE-A,OK,Unknown,N/A,54
2025-12-02T21:29:17.000Z,0018,A03L25A0018,A03L25A0018,CASE-A,OK,Unknown,N/A,52
2025-12-02T21:28:50.000Z,0017,A03L25A0017,A03L25A0017,CASE-A,OK,Unknown,N/A,50
2025-12-02T21:02:46.000Z,0016,A03L25A0016,A03L25A0016,CASE-A,OK,Unknown,N/A,48
2025-12-02T21:01:54.000Z,0015,A03L25A0015,A03L25A0015,CASE-A,OK,Unknown,N/A,46
2025-12-02T21:01:28.000Z,0014,A03L25A0014,A03L25A0014,CASE-A,OK,Unknown,N/A,44
2025-12-02T20:40:29.000Z,0013,A03L25A0013,A03L25A0013,CASE-A,OK,Unknown,N/A,42
2025-12-02T20:40:02.000Z,0012,A03L25A0012,A03L25A0012,CASE-A,OK,Unknown,N/A,40
2025-12-02T20:36:32.000Z,0011,A03L25A0011,A03L25A0011,CASE-A,OK,Unknown,N/A,38
2025-12-02T19:59:04.000Z,0010,A03L25A0010,A03L25A0010,CASE-A,OK,Unknown,N/A,36
2025-12-02T19:58:39.000Z,0009,A03L25A0009,A03L25A0009,CASE-A,OK,Unknown,N/A,34
2025-12-02T19:58:03.000Z,0008,A03L25A0008,A03L25A0008,CASE-A,OK,Unknown,N/A,32
2025-12-02T19:32:57.000Z,0007,A03L25A0007,A03L25A0007,CASE-A,OK,Unknown,N/A,30
2025-12-02T19:32:14.000Z,0006,A03L25A0006,A03L25A0006,CASE-A,OK,Unknown,N/A,28
2025-12-02T19:17:23.000Z,0005,A03L25A0005,A03L25A0005,CASE-A,OK,Unknown,N/A,26
2025-12-02T19:16:40.000Z,0004,A03L25A0004,A03L25A0004,CASE-A,OK,Unknown,N/A,24
2025-12-02T19:16:05.000Z,0003,A03L25A0003,A03L25A0003,CASE-A,OK,Unknown,N/A,22
2025-12-02T19:15:40.000Z,0002,A03L25A0002,A03L25A0002,CASE-A,OK,Unknown,N/A,20
2025-12-02T19:12:23.000Z,0001,A03L25A0001,A03L25A0001,CASE-A,OK,Unknown,N/A,18
2025-12-02T04:40:00.000Z,0009,A02L25B0009,A02L25B0009,CASE-A,OK,Unknown,N/A,16
2025-12-02T03:13:31.000Z,0008,A02L25B0008,A02L25B0008,CASE-A,OK,Unknown,N/A,14
2025-12-02T01:34:56.000Z,0007,A02L25A0007,A02L25A0007,CASE-A,OK,Unknown,N/A,12
2025-12-02T00:48:39.000Z,0006,A02L25A0006,A02L25A0006,CASE-A,OK,Unknown,N/A,10
2025-12-02T00:48:07.000Z,0005,A02L25A0005,A02L25A0005,CASE-A,OK,Unknown,N/A,8
2025-12-02T00:44:23.000Z,0004,A02L25A0004,A02L25A0004,CASE-A,OK,Unknown,N/A,6
2025-12-02T00:43:56.000Z,0003,A02L25A0003,A02L25A0003,CASE-A,OK,Unknown,N/A,4
2025-12-02T00:43:31.000Z,0002,A02L25A0002,A02L25A0002,CASE-A,OK,Unknown,N/A,2
2025-12-01T19:20:52.000Z,0001,A02L25A0001,A02L25A0001,CASE-A,OK,Unknown,N/A,10
2025-12-01T06:07:57.000Z,0004,A01L25B0004,A01L25B0004,CASE-A,OK,Unknown,N/A,8
2025-12-01T05:08:05.000Z,0003,A01L25B0003,A01L25B0003,CASE-A,OK,Unknown,N/A,6
2025-12-01T05:04:06.000Z,0002,A01L25B0002,A01L25B0002,CASE-A,OK,Unknown,N/A,4
2025-12-01T00:33:00.000Z,0001,A01L25A0001,A01L25A0001,CASE-A,OK,Unknown,N/A,2
2025-11-29T03:39:40.000Z,0045,A29K25B0045,A29K25B0045,CASE-A,OK,Unknown,N/A,60
2025-11-29T03:34:37.000Z,0044,A29K25B0044,A29K25B0044,CASE-A,OK,Unknown,N/A,58
2025-11-29T03:34:08.000Z,0043,A29K25B0043,A29K25B0043,CASE-A,OK,Unknown,N/A,56
2025-11-29T03:24:49.000Z,0042,A29K25B0042,A29K25B0042,CASE-A,OK,Unknown,N/A,54
2025-11-29T03:20:37.000Z,0041,A29K25B0041,A29K25B0041,CASE-A,OK,Unknown,N/A,52
2025-11-29T03:02:09.000Z,0040,A29K25B0040,A29K25B0040,CASE-A,OK,Unknown,N/A,50
2025-11-29T02:29:09.000Z,0039,A29K25A0039,A29K25A0039,CASE-A,OK,Unknown,N/A,48
2025-11-29T02:28:12.000Z,0038,A29K25A0038,NG,CASE-A,NG,Unknown,N/A,46
2025-11-29T02:23:47.000Z,0037,A29K25A0037,A29K25A0037,CASE-A,OK,Unknown,N/A,44
2025-11-29T01:58:32.000Z,0036,A29K25A0036,A29K25A0036,CASE-A,OK,Unknown,N/A,42
2025-11-29T01:58:07.000Z,0035,A29K25A0035,A29K25A0035,CASE-A,OK,Unknown,N/A,40
2025-11-29T01:57:41.000Z,0034,A29K25A0034,A29K25A0034,CASE-A,OK,Unknown,N/A,38
2025-11-29T01:57:14.000Z,0033,A29K25A0033,A29K25A0033,CASE-A,OK,Unknown,N/A,36
2025-11-29T01:37:52.000Z,0032,A29K25A0032,A29K25A0032,CASE-A,OK,Unknown,N/A,34
2025-11-29T01:37:29.000Z,0031,A29K25A0031,A29K25A0031,CASE-A,OK,Unknown,N/A,32
2025-11-29T01:33:05.000Z,0030,A29K25A0030,A29K25A0030,CASE-A,OK,Unknown,N/A,30
2025-11-29T01:32:34.000Z,0029,A29K25A0029,A29K25A0029,CASE-A,OK,Unknown,N/A,28
2025-11-29T01:27:33.000Z,0028,A29K25A0028,A29K25A0028,CASE-A,OK,Unknown,N/A,26
2025-11-29T01:27:06.000Z,0027,A29K25A0027,A29K25A0027,CASE-A,OK,Unknown,N/A,24
2025-11-29T01:20:20.000Z,0026,A29K25A0026,A29K25A0026,CASE-A,OK,Unknown,N/A,22
2025-11-29T01:15:03.000Z,0025,A29K25A0025,A29K25A0025,CASE-A,OK,Unknown,N/A,20
2025-11-29T00:59:05.000Z,0024,A29K25A0024,A29K25A0024,CASE-A,OK,Unknown,N/A,18
2025-11-29T00:58:37.000Z,0023,A29K25A0023,A29K25A0023,CASE-A,OK,Unknown,N/A,16
2025-11-29T00:41:59.000Z,0022,A29K25A0022,A29K25A0022,CASE-A,OK,Unknown,N/A,14
2025-11-29T00:41:21.000Z,0021,A29K25A0021,A29K25A0021,CASE-A,OK,Unknown,N/A,12
2025-11-29T00:39:21.000Z,0020,A29K25A0020,A29K25A0020,CASE-A,OK,Unknown,N/A,10
2025-11-29T00:36:28.000Z,0019,A29K25A0019,A29K25A0019,CASE-A,OK,Unknown,N/A,8
2025-11-29T00:36:04.000Z,0018,A29K25A0018,A29K25A0018,CASE-A,OK,Unknown,N/A,6
2025-11-29T00:35:40.000Z,0017,A29K25A0017,A29K25A0017,CASE-A,OK,Unknown,N/A,4
2025-11-29T00:34:57.000Z,0016,A29K25A0016,A29K25A0016,CASE-A,OK,Unknown,N/A,2
2025-11-29T00:27:57.000Z,0015,A29K25A0015,A29K25A0015,CASE-A,OK,Unknown,N/A,66
2025-11-29T00:27:31.000Z,0014,A29K25A0014,A29K25A0014,CASE-A,OK,Unknown,N/A,64
2025-11-29T00:18:49.000Z,0013,A29K25A0013,A29K25A0013,CASE-A,OK,Unknown,N/A,62
2025-11-28T23:41:30.000Z,0012,A29K25A0012,A29K25A0012,CASE-A,OK,Unknown,N/A,60
2025-11-28T23:35:20.000Z,0011,A29K25A0011,A29K25A0011,CASE-A,OK,Unknown,N/A,58
2025-11-28T23:29:56.000Z,0010,A29K25A0010,A29K25A0010,CASE-A,OK,Unknown,N/A,56
2025-11-28T23:23:57.000Z,0009,A29K25A0009,A29K25A0009,CASE-A,OK,Unknown,N/A,54
2025-11-28T23:19:38.000Z,0008,A29K25A0008,A29K25A0008,CASE-A,OK,Unknown,N/A,52
2025-11-28T23:13:47.000Z,0007,A29K25A0007,A29K25A0007,CASE-A,OK,Unknown,N/A,50
2025-11-28T23:13:00.000Z,0006,A29K25A0006,A29K25A0006,CASE-A,OK,Unknown,N/A,48
2025-11-28T23:01:57.000Z,0005,A29K25A0005,A29K25A0005,CASE-A,OK,Unknown,N/A,46
2025-11-28T23:01:08.000Z,0004,A29K25A0004,A29K25A0004,CASE-A,OK,Unknown,N/A,44
2025-11-28T23:00:00.000Z,0003,A29K25A0003,A29K25A0003,CASE-A,OK,Unknown,N/A,42
2025-11-28T22:59:33.000Z,0002,A29K25A0002,A29K25A0002,CASE-A,OK,Unknown,N/A,40
2025-11-28T20:55:39.000Z,0001,A29K25A0001,A29K25A0001,CASE-A,OK,Unknown,N/A,38
2025-11-28T06:02:27.000Z,0018,A28K25B0018,A28K25B0018,CASE-A,OK,Unknown,N/A,36
2025-11-28T05:57:53.000Z,0017,A28K25B0017,A28K25B0017,CASE-A,OK,Unknown,N/A,34
2025-11-28T05:57:25.000Z,0016,A28K25B0016,A28K25B0016,CASE-A,OK,Unknown,N/A,32
2025-11-28T05:44:35.000Z,0015,A28K25B0015,A28K25B0015,CASE-A,OK,Unknown,N/A,30
2025-11-28T05:37:40.000Z,0014,A28K25B0014,A28K25B0014,CASE-A,OK,Unknown,N/A,28
2025-11-28T05:31:22.000Z,0013,A28K25B0013,A28K25B0013,CASE-A,OK,Unknown,N/A,26
2025-11-28T05:25:49.000Z,0012,A28K25B0012,A28K25B0012,CASE-A,OK,Unknown,N/A,24
2025-11-28T05:19:12.000Z,0011,A28K25B0011,A28K25B0011,CASE-A,OK,Unknown,N/A,22
2025-11-28T04:52:15.000Z,0010,A28K25B0010,A28K25B0010,CASE-A,OK,Unknown,N/A,20
2025-11-28T04:51:44.000Z,0009,A28K25B0009,A28K25B0009,CASE-A,OK,Unknown,N/A,18
2025-11-28T04:37:14.000Z,0008,A28K25B0008,A28K25B0008,CASE-A,OK,Unknown,N/A,16
2025-11-28T04:19:16.000Z,0007,A28K25B0007,A28K25B0007,CASE-A,OK,Unknown,N/A,14
2025-11-28T04:13:13.000Z,0006,A28K25B0006,A28K25B0006,CASE-A,OK,Unknown,N/A,12
2025-11-28T04:12:35.000Z,0005,A28K25B0005,A28K25B0005,CASE-A,OK,Unknown,N/A,10
2025-11-28T04:00:11.000Z,0004,A28K25B0004,A28K25B0004,CASE-A,OK,Unknown,N/A,8
2025-11-28T03:59:40.000Z,0003,A28K25B0003,A28K25B0003,CASE-A,OK,Unknown,N/A,6
2025-11-28T03:31:47.000Z,0002,A28K25B0002,A28K25B0002,CASE-A,OK,Unknown,N/A,4
2025-11-28T03:31:20.000Z,0001,A28K25B0001,A28K25B0001,CASE-A,OK,Unknown,N/A,2
2025-11-27T04:37:53.000Z,0071,A27K25B0071,A27K25B0071,CASE-A,OK,Unknown,N/A,84
2025-11-27T04:37:26.000Z,0070,A27K25B0070,A27K25B0070,CASE-A,OK,Unknown,N/A,82
2025-11-27T04:11:14.000Z,0069,A27K25B0069,A27K25B0069,CASE-A,OK,Unknown,N/A,80
2025-11-27T03:54:48.000Z,0068,A27K25B0068,A27K25B0068,CASE-A,OK,Unknown,N/A,78
2025-11-27T03:40:37.000Z,0067,A27K25B0067,A27K25B0067,CASE-A,OK,Unknown,N/A,76
2025-11-27T03:40:03.000Z,0066,A27K25B0066,A27K25B0066,CASE-A,OK,Unknown,N/A,74
2025-11-27T03:39:33.000Z,0065,A27K25B0065,A27K25B0065,CASE-A,OK,Unknown,N/A,72
2025-11-27T03:37:22.000Z,0064,A27K25B0064,A27K25B0064,CASE-A,OK,Unknown,N/A,70
2025-11-27T03:32:59.000Z,0063,A27K25B0063,A27K25B0063,CASE-A,OK,Unknown,N/A,68
2025-11-27T03:13:24.000Z,0062,A27K25B0062,A27K25B0062,CASE-A,OK,Unknown,N/A,66
2025-11-27T03:12:48.000Z,0061,A27K25B0061,A27K25B0061,CASE-A,OK,Unknown,N/A,64
2025-11-27T03:11:45.000Z,0060,A27K25B0060,A27K25B0060,CASE-A,OK,Unknown,N/A,62
2025-11-27T03:11:09.000Z,0059,A27K25B0059,A27K25B0059,CASE-A,OK,Unknown,N/A,60
2025-11-27T03:08:49.000Z,0058,A27K25B0058,A27K25B0058,CASE-A,OK,Unknown,N/A,58
2025-11-27T02:56:58.000Z,0057,A27K25A0057,A27K25A0057,CASE-A,OK,Unknown,N/A,56
2025-11-27T02:50:09.000Z,0056,A27K25A0056,A27K25A0056,CASE-A,OK,Unknown,N/A,54
2025-11-27T02:44:26.000Z,0055,A27K25A0055,A27K25A0055,CASE-A,OK,Unknown,N/A,52
2025-11-27T02:41:05.000Z,0054,A27K25A0054,A27K25A0054,CASE-A,OK,Unknown,N/A,50
2025-11-27T02:35:12.000Z,0053,A27K25A0053,A27K25A0053,CASE-A,OK,Unknown,N/A,48
2025-11-27T02:27:09.000Z,0052,A27K25A0052,A27K25A0052,CASE-A,OK,Unknown,N/A,46
2025-11-27T01:42:46.000Z,0051,A27K25A0051,NG,CASE-A,NG,Unknown,N/A,44
2025-11-27T01:42:12.000Z,0050,A27K25A0050,A27K25A0050,CASE-A,OK,Unknown,N/A,42
2025-11-27T01:41:46.000Z,0049,A27K25A0049,A27K25A0049,CASE-A,OK,Unknown,N/A,40
2025-11-27T01:41:00.000Z,0048,A27K25A0048,A27K25A0048,CASE-A,OK,Unknown,N/A,38
2025-11-27T01:36:19.000Z,0047,A27K25A0047,A27K25A0047,CASE-A,OK,Unknown,N/A,36
2025-11-27T01:35:52.000Z,0046,A27K25A0046,A27K25A0046,CASE-A,OK,Unknown,N/A,34
2025-11-27T01:29:27.000Z,0045,A27K25A0045,A27K25A0045,CASE-A,OK,Unknown,N/A,32
2025-11-27T01:26:35.000Z,0044,A27K25A0044,A27K25A0044,CASE-A,OK,Unknown,N/A,30
2025-11-27T01:24:13.000Z,0043,A27K25A0043,A27K25A0043,CASE-A,OK,Unknown,N/A,28
2025-11-27T01:20:19.000Z,0042,A27K25A0042,A27K25A0042,CASE-A,OK,Unknown,N/A,26
2025-11-27T01:18:29.000Z,0041,A27K25A0041,A27K25A0041,CASE-A,OK,Unknown,N/A,24
2025-11-27T01:18:01.000Z,0040,A27K25A0040,A27K25A0040,CASE-A,OK,Unknown,N/A,22
2025-11-27T01:12:03.000Z,0039,A27K25A0039,A27K25A0039,CASE-A,OK,Unknown,N/A,20
2025-11-27T01:09:35.000Z,0038,A27K25A0038,A27K25A0038,CASE-A,OK,Unknown,N/A,18
2025-11-27T01:08:59.000Z,0037,A27K25A0037,A27K25A0037,CASE-A,OK,Unknown,N/A,16
2025-11-27T00:59:43.000Z,0036,A27K25A0036,A27K25A0036,CASE-A,OK,Unknown,N/A,14
2025-11-27T00:59:18.000Z,0035,A27K25A0035,A27K25A0035,CASE-A,OK,Unknown,N/A,12
2025-11-27T00:58:21.000Z,0034,A27K25A0034,A27K25A0034,CASE-A,OK,Unknown,N/A,10
2025-11-27T00:09:09.000Z,0033,A27K25A0033,A27K25A0033,CASE-A,OK,Unknown,N/A,8
2025-11-27T00:08:18.000Z,0032,A27K25A0032,A27K25A0032,CASE-A,OK,Unknown,N/A,6
2025-11-27T00:02:15.000Z,0031,A27K25A0031,A27K25A0031,CASE-A,OK,Unknown,N/A,4
2025-11-27T00:01:39.000Z,0030,A27K25A0030,A27K25A0030,CASE-A,OK,Unknown,N/A,2
2025-11-26T23:47:40.000Z,0029,A27K25A0029,A27K25A0029,CASE-A,OK,Unknown,N/A,70
2025-11-26T23:41:53.000Z,0028,A27K25A0028,A27K25A0028,CASE-A,OK,Unknown,N/A,68
2025-11-26T23:41:13.000Z,0027,A27K25A0027,A27K25A0027,CASE-A,OK,Unknown,N/A,66
2025-11-26T23:40:08.000Z,0026,A27K25A0026,A27K25A0026,CASE-A,OK,Unknown,N/A,64
2025-11-26T23:34:42.000Z,0025,A27K25A0025,A27K25A0025,CASE-A,OK,Unknown,N/A,62
2025-11-26T23:28:51.000Z,0024,A27K25A0024,A27K25A0024,CASE-A,OK,Unknown,N/A,60
2025-11-26T23:28:25.000Z,0023,A27K25A0023,A27K25A0023,CASE-A,OK,Unknown,N/A,58
2025-11-26T23:25:16.000Z,0022,A27K25A0022,A27K25A0022,CASE-A,OK,Unknown,N/A,56
2025-11-26T23:24:48.000Z,0021,A27K25A0021,A27K25A0021,CASE-A,OK,Unknown,N/A,54
2025-11-26T23:19:24.000Z,0020,A27K25A0020,A27K25A0020,CASE-A,OK,Unknown,N/A,52
2025-11-26T23:18:42.000Z,0019,A27K25A0019,A27K25A0019,CASE-A,OK,Unknown,N/A,50
2025-11-26T23:17:45.000Z,0018,A27K25A0018,A27K25A0018,CASE-A,OK,Unknown,N/A,48
2025-11-26T23:15:03.000Z,0017,A27K25A0017,A27K25A0017,CASE-A,OK,Unknown,N/A,46
2025-11-26T23:06:28.000Z,0016,A27K25A0016,A27K25A0016,CASE-A,OK,Unknown,N/A,44
2025-11-26T23:05:32.000Z,0015,A27K25A0015,A27K25A0015,CASE-A,OK,Unknown,N/A,42
2025-11-26T22:53:15.000Z,0014,A27K25A0014,A27K25A0014,CASE-A,OK,Unknown,N/A,40
2025-11-26T22:50:35.000Z,0013,A27K25A0013,A27K25A0013,CASE-A,OK,Unknown,N/A,38
2025-11-26T22:43:40.000Z,0012,A27K25A0012,A27K25A0012,CASE-A,OK,Unknown,N/A,36
2025-11-26T22:43:04.000Z,0011,A27K25A0011,A27K25A0011,CASE-A,OK,Unknown,N/A,34
2025-11-26T22:31:39.000Z,0010,A27K25A0010,A27K25A0010,CASE-A,OK,Unknown,N/A,32
2025-11-26T22:31:11.000Z,0009,A27K25A0009,A27K25A0009,CASE-A,OK,Unknown,N/A,30
2025-11-26T22:23:26.000Z,0008,A27K25A0008,A27K25A0008,CASE-A,OK,Unknown,N/A,28
2025-11-26T22:22:54.000Z,0007,A27K25A0007,A27K25A0007,CASE-A,OK,Unknown,N/A,26
2025-11-26T22:22:30.000Z,0006,A27K25A0006,NG,CASE-A,NG,Unknown,N/A,24
2025-11-26T19:39:17.000Z,0005,A27K25A0005,A27K25A0005,CASE-A,OK,Unknown,N/A,22
2025-11-26T19:38:45.000Z,0004,A27K25A0004,A27K25A0004,CASE-A,OK,Unknown,N/A,20
2025-11-26T19:24:05.000Z,0003,A27K25A0003,A27K25A0003,CASE-A,OK,Unknown,N/A,18
2025-11-26T19:23:33.000Z,0002,A27K25A0002,A27K25A0002,CASE-A,OK,Unknown,N/A,16
2025-11-26T18:50:13.000Z,0001,A27K25A0001,A27K25A0001,CASE-A,OK,Unknown,N/A,14
2025-11-26T04:20:37.000Z,0016,A26K25B0016,A26K25B0016,CASE-A,OK,Unknown,N/A,12
2025-11-26T04:08:04.000Z,0015,A26K25B0015,A26K25B0015,CASE-A,OK,Unknown,N/A,10
2025-11-26T03:47:29.000Z,0014,A26K25B0014,A26K25B0014,CASE-A,OK,Unknown,N/A,8
2025-11-26T03:38:11.000Z,0013,A26K25B0013,A26K25B0013,CASE-A,OK,Unknown,N/A,6
2025-11-26T03:16:26.000Z,0012,A26K25B0012,A26K25B0012,CASE-A,OK,Unknown,N/A,4
2025-11-26T03:10:55.000Z,0011,A26K25B0011,A26K25B0011,CASE-A,OK,Unknown,N/A,2
2025-11-25T22:44:45.000Z,0010,A26K25A0010,A26K25A0010,CASE-A,OK,Unknown,N/A,20
2025-11-25T22:11:44.000Z,0009,A26K25A0009,A26K25A0009,CASE-A,OK,Unknown,N/A,18
2025-11-25T21:52:38.000Z,0008,A26K25A0008,A26K25A0008,CASE-A,OK,Unknown,N/A,16
2025-11-25T21:38:47.000Z,0007,A26K25A0007,A26K25A0007,CASE-A,OK,Unknown,N/A,14
2025-11-25T21:00:11.000Z,0006,A26K25A0006,A26K25A0006,CASE-A,OK,Unknown,N/A,12
2025-11-25T20:02:54.000Z,0005,A26K25A0005,A26K25A0005,CASE-A,OK,Unknown,N/A,10
2025-11-25T19:59:03.000Z,0004,A26K25A0004,A26K25A0004,CASE-A,OK,Unknown,N/A,8
2025-11-25T19:52:14.000Z,0003,A26K25A0003,NG,CASE-A,NG,Unknown,N/A,6
2025-11-25T19:47:47.000Z,0002,A26K25A0002,A26K25A0002,CASE-A,OK,Unknown,N/A,4
2025-11-25T19:44:16.000Z,0001,A26K25A0001,A26K25A0001,CASE-A,OK,Unknown,N/A,2
2025-11-24T20:16:08.000Z,0003,A25K25A0003,A25K25A0003,CASE-A,OK,Unknown,N/A,102
2025-11-24T19:58:48.000Z,0002,A25K25A0002,A25K25A0002,CASE-A,OK,Unknown,N/A,100
2025-11-24T19:55:44.000Z,0001,A25K25A0001,A25K25A0001,CASE-A,OK,Unknown,N/A,98
2025-11-24T07:43:30.000Z,0057,A24K25B0057,A24K25B0057,CASE-A,OK,Unknown,N/A,96
2025-11-24T07:34:38.000Z,0056,A24K25B0056,A24K25B0056,CASE-A,OK,Unknown,N/A,94
2025-11-24T07:21:56.000Z,0055,A24K25B0055,A24K25B0055,CASE-A,OK,Unknown,N/A,92
2025-11-24T06:57:57.000Z,0054,A24K25B0054,NG,CASE-A,NG,Unknown,N/A,90
2025-11-24T06:55:42.000Z,0053,A24K25B0053,A24K25B0053,CASE-A,OK,Unknown,N/A,88
2025-11-24T06:50:05.000Z,0052,A24K25B0052,A24K25B0052,CASE-A,OK,Unknown,N/A,86
2025-11-24T06:47:31.000Z,0051,A24K25B0051,A24K25B0051,CASE-A,OK,Unknown,N/A,84
2025-11-24T06:46:49.000Z,0050,A24K25B0050,A24K25B0050,CASE-A,OK,Unknown,N/A,82
2025-11-24T06:46:02.000Z,0049,A24K25B0049,A24K25B0049,CASE-A,OK,Unknown,N/A,80
2025-11-24T06:44:44.000Z,0048,A24K25B0048,NG,CASE-A,NG,Unknown,N/A,78
2025-11-24T06:43:58.000Z,0047,A24K25B0047,NG,CASE-A,NG,Unknown,N/A,76
2025-11-24T06:42:37.000Z,0046,A24K25B0046,A24K25B0046,CASE-A,OK,Unknown,N/A,74
2025-11-24T06:40:13.000Z,0045,A24K25B0045,A24K25B0045,CASE-A,OK,Unknown,N/A,72
2025-11-24T06:39:32.000Z,0044,A24K25B0044,A24K25B0044,CASE-A,OK,Unknown,N/A,70
2025-11-24T06:09:03.000Z,0043,A24K25B0043,A24K25B0043,CASE-A,OK,Unknown,N/A,68
2025-11-24T06:08:37.000Z,0042,A24K25B0042,A24K25B0042,CASE-A,OK,Unknown,N/A,66
2025-11-24T05:56:48.000Z,0041,A24K25B0041,A24K25B0041,CASE-A,OK,Unknown,N/A,64
2025-11-24T05:56:21.000Z,0040,A24K25B0040,A24K25B0040,CASE-A,OK,Unknown,N/A,62
2025-11-24T05:46:22.000Z,0039,A24K25B0039,A24K25B0039,CASE-A,OK,Unknown,N/A,60
2025-11-24T05:45:56.000Z,0038,A24K25B0038,A24K25B0038,CASE-A,OK,Unknown,N/A,58
2025-11-24T05:45:21.000Z,0037,A24K25B0037,A24K25B0037,CASE-A,OK,Unknown,N/A,56
2025-11-24T05:40:34.000Z,0036,A24K25B0036,A24K25B0036,CASE-A,OK,Unknown,N/A,54
2025-11-24T05:38:44.000Z,0035,A24K25B0035,A24K25B0035,CASE-A,OK,Unknown,N/A,52
2025-11-24T05:31:27.000Z,0034,A24K25B0034,A24K25B0034,CASE-A,OK,Unknown,N/A,50
2025-11-24T05:30:58.000Z,0033,A24K25B0033,A24K25B0033,CASE-A,OK,Unknown,N/A,48
2025-11-24T05:16:48.000Z,0032,A24K25B0032,A24K25B0032,CASE-A,OK,Unknown,N/A,46
2025-11-24T05:14:42.000Z,0031,A24K25B0031,A24K25B0031,CASE-A,OK,Unknown,N/A,44
2025-11-24T04:00:39.000Z,0030,A24K25B0030,A24K25B0030,CASE-A,OK,Unknown,N/A,42
2025-11-24T02:11:22.000Z,0029,A24K25A0029,NG,CASE-A,NG,Unknown,N/A,40
2025-11-24T01:53:29.000Z,0028,A24K25A0028,A24K25A0028,CASE-A,OK,Unknown,N/A,38
2025-11-24T01:53:02.000Z,0027,A24K25A0027,A24K25A0027,CASE-A,OK,Unknown,N/A,36
2025-11-24T01:45:41.000Z,0026,A24K25A0026,A24K25A0026,CASE-A,OK,Unknown,N/A,34
2025-11-24T01:45:11.000Z,0025,A24K25A0025,A24K25A0025,CASE-A,OK,Unknown,N/A,32
2025-11-24T01:35:30.000Z,0024,A24K25A0024,A24K25A0024,CASE-A,OK,Unknown,N/A,30
2025-11-24T01:35:01.000Z,0023,A24K25A0023,A24K25A0023,CASE-A,OK,Unknown,N/A,28
2025-11-24T01:24:27.000Z,0022,A24K25A0022,A24K25A0022,CASE-A,OK,Unknown,N/A,26
2025-11-24T01:24:03.000Z,0021,A24K25A0021,A24K25A0021,CASE-A,OK,Unknown,N/A,24
2025-11-24T01:19:48.000Z,0020,A24K25A0020,A24K25A0020,CASE-A,OK,Unknown,N/A,22
2025-11-24T01:19:23.000Z,0019,A24K25A0019,A24K25A0019,CASE-A,OK,Unknown,N/A,20
2025-11-24T01:18:48.000Z,0018,A24K25A0018,A24K25A0018,CASE-A,OK,Unknown,N/A,18
2025-11-24T01:11:52.000Z,0017,A24K25A0017,A24K25A0017,CASE-A,OK,Unknown,N/A,16
2025-11-24T01:04:13.000Z,0016,A24K25A0016,A24K25A0016,CASE-A,OK,Unknown,N/A,14
2025-11-24T00:55:22.000Z,0015,A24K25A0015,A24K25A0015,CASE-A,OK,Unknown,N/A,12
2025-11-24T00:48:26.000Z,0014,A24K25A0014,A24K25A0014,CASE-A,OK,Unknown,N/A,10
2025-11-24T00:42:35.000Z,0013,A24K25A0013,A24K25A0013,CASE-A,OK,Unknown,N/A,8
2025-11-24T00:40:32.000Z,0012,A24K25A0012,A24K25A0012,CASE-A,OK,Unknown,N/A,6
2025-11-24T00:31:02.000Z,0011,A24K25A0011,A24K25A0011,CASE-A,OK,Unknown,N/A,4
2025-11-24T00:30:33.000Z,0010,A24K25A0010,A24K25A0010,CASE-A,OK,Unknown,N/A,2
2025-11-24T00:16:18.000Z,0009,A24K25A0009,A24K25A0009,CASE-A,OK,Unknown,N/A,18
2025-11-24T00:14:22.000Z,0008,A24K25A0008,A24K25A0008,CASE-A,OK,Unknown,N/A,16
2025-11-24T00:05:49.000Z,0007,A24K25A0007,A24K25A0007,CASE-A,OK,Unknown,N/A,14
2025-11-24T00:04:11.000Z,0006,A24K25A0006,A24K25A0006,CASE-A,OK,Unknown,N/A,12
2025-11-23T19:46:05.000Z,0005,A24K25A0005,A24K25A0005,CASE-A,OK,Unknown,N/A,10
2025-11-23T19:43:45.000Z,0004,A24K25A0004,A24K25A0004,CASE-A,OK,Unknown,N/A,8
2025-11-23T19:43:17.000Z,0003,A24K25A0003,A24K25A0003,CASE-A,OK,Unknown,N/A,6
2025-11-23T19:05:02.000Z,0002,A24K25A0002,A24K25A0002,CASE-A,OK,Unknown,N/A,4
2025-11-23T19:04:25.000Z,0001,A24K25A0001,A24K25A0001,CASE-A,OK,Unknown,N/A,2
2025-11-22T06:00:26.000Z,0016,A22K25B0016,A22K25B0016,CASE-A,OK,Unknown,N/A,32
2025-11-22T05:43:03.000Z,0015,A22K25B0015,A22K25B0015,CASE-A,OK,Unknown,N/A,30
2025-11-22T03:26:47.000Z,0014,A22K25B0014,A22K25B0014,CASE-A,OK,Unknown,N/A,28
2025-11-22T03:20:22.000Z,0013,A22K25B0013,A22K25B0013,CASE-A,OK,Unknown,N/A,26
2025-11-22T03:14:29.000Z,0012,A22K25B0012,A22K25B0012,CASE-A,OK,Unknown,N/A,24
2025-11-22T02:38:44.000Z,0011,A22K25A0011,A22K25A0011,CASE-A,OK,Unknown,N/A,22
2025-11-22T02:38:06.000Z,0010,A22K25A0010,A22K25A0010,CASE-A,OK,Unknown,N/A,20
2025-11-22T01:59:23.000Z,0009,A22K25A0009,A22K25A0009,CASE-A,OK,Unknown,N/A,18
2025-11-22T01:50:46.000Z,0008,A22K25A0008,A22K25A0008,CASE-A,OK,Unknown,N/A,16
2025-11-22T01:34:53.000Z,0007,A22K25A0007,A22K25A0007,CASE-A,OK,Unknown,N/A,14
2025-11-22T01:34:25.000Z,0006,A22K25A0006,A22K25A0006,CASE-A,OK,Unknown,N/A,12
2025-11-22T01:17:25.000Z,0005,A22K25A0005,A22K25A0005,CASE-A,OK,Unknown,N/A,10
2025-11-22T01:02:49.000Z,0004,A22K25A0004,A22K25A0004,CASE-A,OK,Unknown,N/A,8
2025-11-22T00:48:27.000Z,0003,A22K25A0003,A22K25A0003,CASE-A,OK,Unknown,N/A,6
2025-11-22T00:45:39.000Z,0002,A22K25A0002,A22K25A0002,CASE-A,OK,Unknown,N/A,4
2025-11-22T00:35:05.000Z,0001,A22K25A0001,A22K25A0001,CASE-A,OK,Unknown,N/A,2
2025-11-21T03:41:30.000Z,0040,A21K25B0040,A21K25B0040,CASE-A,OK,Unknown,N/A,28
2025-11-21T03:29:59.000Z,0039,A21K25B0039,A21K25B0039,CASE-A,OK,Unknown,N/A,26
2025-11-21T03:29:26.000Z,0038,A21K25B0038,A21K25B0038,CASE-A,OK,Unknown,N/A,24
2025-11-21T03:19:28.000Z,0037,A21K25B0037,A21K25B0037,CASE-A,OK,Unknown,N/A,22
2025-11-21T01:50:39.000Z,0036,A21K25A0036,A21K25A0036,CASE-A,OK,Unknown,N/A,20
2025-11-21T01:44:12.000Z,0035,A21K25A0035,A21K25A0035,CASE-A,OK,Unknown,N/A,18
2025-11-21T01:31:51.000Z,0034,A21K25A0034,A21K25A0034,CASE-A,OK,Unknown,N/A,16
2025-11-21T01:31:22.000Z,0033,A21K25A0033,A21K25A0033,CASE-A,OK,Unknown,N/A,14
2025-11-21T01:20:11.000Z,0032,A21K25A0032,A21K25A0032,CASE-A,OK,Unknown,N/A,12
2025-11-21T01:19:44.000Z,0031,A21K25A0031,A21K25A0031,CASE-A,OK,Unknown,N/A,10
2025-11-21T00:53:03.000Z,0030,A21K25A0030,A21K25A0030,CASE-A,OK,Unknown,N/A,8
2025-11-21T00:47:21.000Z,0029,A21K25A0029,A21K25A0029,CASE-A,OK,Unknown,N/A,6
2025-11-21T00:41:22.000Z,0028,A21K25A0028,A21K25A0028,CASE-A,OK,Unknown,N/A,4
2025-11-21T00:35:28.000Z,0027,A21K25A0027,A21K25A0027,CASE-A,OK,Unknown,N/A,2
2025-11-21T00:28:12.000Z,0026,A21K25A0026,A21K25A0026,CASE-A,OK,Unknown,N/A,66
2025-11-21T00:24:34.000Z,0025,A21K25A0025,A21K25A0025,CASE-A,OK,Unknown,N/A,64
2025-11-21T00:24:01.000Z,0024,A21K25A0024,A21K25A0024,CASE-A,OK,Unknown,N/A,62
2025-11-21T00:12:19.000Z,0023,A21K25A0023,A21K25A0023,CASE-A,OK,Unknown,N/A,60
2025-11-21T00:09:14.000Z,0022,A21K25A0022,A21K25A0022,CASE-A,OK,Unknown,N/A,58
2025-11-20T23:56:50.000Z,0021,A21K25A0021,A21K25A0021,CASE-A,OK,Unknown,N/A,56
2025-11-20T23:55:42.000Z,0020,A21K25A0020,A21K25A0020,CASE-A,OK,Unknown,N/A,54
2025-11-20T23:46:05.000Z,0019,A21K25A0019,A21K25A0019,CASE-A,OK,Unknown,N/A,52
2025-11-20T23:24:06.000Z,0018,A21K25A0018,A21K25A0018,CASE-A,OK,Unknown,N/A,50
2025-11-20T23:04:33.000Z,0017,A21K25A0017,A21K25A0017,CASE-A,OK,Unknown,N/A,48
2025-11-20T22:58:00.000Z,0016,A21K25A0016,A21K25A0016,CASE-A,OK,Unknown,N/A,46
2025-11-20T22:53:21.000Z,0015,A21K25A0015,A21K25A0015,CASE-A,OK,Unknown,N/A,44
2025-11-20T22:52:41.000Z,0014,A21K25A0014,A21K25A0014,CASE-A,OK,Unknown,N/A,42
2025-11-20T22:09:14.000Z,0013,A21K25A0013,A21K25A0013,CASE-A,OK,Unknown,N/A,40
2025-11-20T22:08:35.000Z,0012,A21K25A0012,A21K25A0012,CASE-A,OK,Unknown,N/A,38
2025-11-20T21:56:53.000Z,0011,A21K25A0011,A21K25A0011,CASE-A,OK,Unknown,N/A,36
2025-11-20T20:56:52.000Z,0010,A21K25A0010,A21K25A0010,CASE-A,OK,Unknown,N/A,34
2025-11-20T20:51:03.000Z,0009,A21K25A0009,A21K25A0009,CASE-A,OK,Unknown,N/A,32
2025-11-20T20:45:03.000Z,0008,A21K25A0008,A21K25A0008,CASE-A,OK,Unknown,N/A,30
2025-11-20T20:38:44.000Z,0007,A21K25A0007,A21K25A0007,CASE-A,OK,Unknown,N/A,28
2025-11-20T20:31:43.000Z,0006,A21K25A0006,A21K25A0006,CASE-A,OK,Unknown,N/A,26
2025-11-20T20:30:09.000Z,0005,A21K25A0005,A21K25A0005,CASE-A,OK,Unknown,N/A,24
2025-11-20T20:29:22.000Z,0004,A21K25A0004,A21K25A0004,CASE-A,OK,Unknown,N/A,22
2025-11-20T19:57:32.000Z,0003,A21K25A0003,A21K25A0003,CASE-A,OK,Unknown,N/A,20
2025-11-20T19:46:17.000Z,0002,A21K25A0002,A21K25A0002,CASE-A,OK,Unknown,N/A,18
2025-11-20T18:54:45.000Z,0001,A21K25A0001,A21K25A0001,CASE-A,OK,Unknown,N/A,16
2025-11-20T06:13:35.000Z,0009,A20K25B0009,A20K25B0009,CASE-A,OK,Unknown,N/A,14
2025-11-20T06:10:00.000Z,0008,A20K25B0008,A20K25B0008,CASE-A,OK,Unknown,N/A,12
2025-11-20T05:29:26.000Z,0007,A20K25B0007,A20K25B0007,CASE-A,OK,Unknown,N/A,10
2025-11-20T05:15:37.000Z,0006,A20K25B0006,A20K25B0006,CASE-A,OK,Unknown,N/A,8
2025-11-20T05:15:06.000Z,0005,A20K25B0005,A20K25B0005,CASE-A,OK,Unknown,N/A,6
2025-11-20T02:29:33.000Z,0004,A20K25A0004,A20K25A0004,CASE-A,OK,Unknown,N/A,4
2025-11-20T02:06:18.000Z,0003,A20K25A0003,A20K25A0003,CASE-A,OK,Unknown,N/A,2
2025-11-19T19:18:31.000Z,0002,A20K25A0002,A20K25A0002,CASE-A,OK,Unknown,N/A,84
2025-11-19T18:50:50.000Z,0001,A20K25A0001,A20K25A0001,CASE-A,OK,Unknown,N/A,82
2025-11-19T05:46:23.000Z,0047,A19K25B0047,A19K25B0047,CASE-A,OK,Unknown,N/A,80
2025-11-19T05:38:16.000Z,0046,A19K25B0046,A19K25B0046,CASE-A,OK,Unknown,N/A,78
2025-11-19T05:19:10.000Z,0045,A19K25B0045,A19K25B0045,CASE-A,OK,Unknown,N/A,76
2025-11-19T05:04:36.000Z,0044,A19K25B0044,A19K25B0044,CASE-A,OK,Unknown,N/A,74
2025-11-19T04:12:28.000Z,0043,A19K25B0043,A19K25B0043,CASE-A,OK,Unknown,N/A,72
2025-11-19T04:08:03.000Z,0042,A19K25B0042,A19K25B0042,CASE-A,OK,Unknown,N/A,70
2025-11-19T04:03:14.000Z,0041,A19K25B0041,A19K25B0041,CASE-A,OK,Unknown,N/A,68
2025-11-19T03:58:39.000Z,0040,A19K25B0040,A19K25B0040,CASE-A,OK,Unknown,N/A,66
2025-11-19T03:54:06.000Z,0039,A19K25B0039,A19K25B0039,CASE-A,OK,Unknown,N/A,64
2025-11-19T03:52:08.000Z,0038,A19K25B0038,A19K25B0038,CASE-A,OK,Unknown,N/A,62
2025-11-19T03:49:43.000Z,0037,A19K25B0037,A19K25B0037,CASE-A,OK,Unknown,N/A,60
2025-11-19T03:39:21.000Z,0036,A19K25B0036,A19K25B0036,CASE-A,OK,Unknown,N/A,58
2025-11-19T03:38:49.000Z,0035,A19K25B0035,A19K25B0035,CASE-A,OK,Unknown,N/A,56
2025-11-19T03:27:35.000Z,0034,A19K25B0034,A19K25B0034,CASE-A,OK,Unknown,N/A,54
2025-11-19T03:23:40.000Z,0033,A19K25B0033,A19K25B0033,CASE-A,OK,Unknown,N/A,52
2025-11-19T03:17:56.000Z,0032,A19K25B0032,A19K25B0032,CASE-A,OK,Unknown,N/A,50
2025-11-19T03:17:20.000Z,0031,A19K25B0031,A19K25B0031,CASE-A,OK,Unknown,N/A,48
2025-11-19T03:06:10.000Z,0030,A19K25B0030,A19K25B0030,CASE-A,OK,Unknown,N/A,46
2025-11-19T03:02:11.000Z,0029,A19K25B0029,A19K25B0029,CASE-A,OK,Unknown,N/A,44
2025-11-19T03:01:07.000Z,0028,A19K25B0028,A19K25B0028,CASE-A,OK,Unknown,N/A,42
2025-11-19T02:56:05.000Z,0027,A19K25A0027,A19K25A0027,CASE-A,OK,Unknown,N/A,40
2025-11-19T02:51:56.000Z,0026,A19K25A0026,A19K25A0026,CASE-A,OK,Unknown,N/A,38
2025-11-19T02:46:46.000Z,0025,A19K25A0025,A19K25A0025,CASE-A,OK,Unknown,N/A,36
2025-11-19T02:41:02.000Z,0024,A19K25A0024,A19K25A0024,CASE-A,OK,Unknown,N/A,34
2025-11-19T02:39:52.000Z,0023,A19K25A0023,A19K25A0023,CASE-A,OK,Unknown,N/A,32
2025-11-19T02:27:07.000Z,0022,A19K25A0022,A19K25A0022,CASE-A,OK,Unknown,N/A,30
2025-11-19T02:21:30.000Z,0021,A19K25A0021,A19K25A0021,CASE-A,OK,Unknown,N/A,28
2025-11-19T02:07:25.000Z,0020,A19K25A0020,A19K25A0020,CASE-A,OK,Unknown,N/A,26
2025-11-19T02:04:16.000Z,0019,A19K25A0019,A19K25A0019,CASE-A,OK,Unknown,N/A,24
2025-11-19T02:03:43.000Z,0018,A19K25A0018,A19K25A0018,CASE-A,OK,Unknown,N/A,22
2025-11-19T01:55:26.000Z,0017,A19K25A0017,A19K25A0017,CASE-A,OK,Unknown,N/A,20
2025-11-19T01:46:00.000Z,0016,A19K25A0016,A19K25A0016,CASE-A,OK,Unknown,N/A,18
2025-11-19T01:44:37.000Z,0015,A19K25A0015,A19K25A0015,CASE-A,OK,Unknown,N/A,16
2025-11-19T01:34:25.000Z,0014,A19K25A0014,A19K25A0014,CASE-A,OK,Unknown,N/A,14
2025-11-19T01:31:32.000Z,0013,A19K25A0013,A19K25A0013,CASE-A,OK,Unknown,N/A,12
2025-11-19T01:28:42.000Z,0012,A19K25A0012,A19K25A0012,CASE-A,OK,Unknown,N/A,10
2025-11-19T01:20:31.000Z,0011,A19K25A0011,A19K25A0011,CASE-A,OK,Unknown,N/A,8
2025-11-19T01:02:12.000Z,0010,A19K25A0010,A19K25A0010,CASE-A,OK,Unknown,N/A,6
2025-11-19T00:53:31.000Z,0009,A19K25A0009,A19K25A0009,CASE-A,OK,Unknown,N/A,4
2025-11-19T00:39:54.000Z,0008,A19K25A0008,A19K25A0008,CASE-A,OK,Unknown,N/A,2
2025-11-18T23:49:26.000Z,0007,A19K25A0007,A19K25A0007,CASE-A,OK,Unknown,N/A,70
2025-11-18T23:14:34.000Z,0006,A19K25A0006,A19K25A0006,CASE-A,OK,Unknown,N/A,68
2025-11-18T23:01:53.000Z,0005,A19K25A0005,A19K25A0005,CASE-A,OK,Unknown,N/A,66
2025-11-18T22:46:29.000Z,0004,A19K25A0004,A19K25A0004,CASE-A,OK,Unknown,N/A,64
2025-11-18T19:42:13.000Z,0003,A19K25A0003,A19K25A0003,CASE-A,OK,Unknown,N/A,62
2025-11-18T19:22:47.000Z,0002,A19K25A0002,A19K25A0002,CASE-A,OK,Unknown,N/A,60
2025-11-18T19:01:56.000Z,0001,A19K25A0001,A19K25A0001,CASE-A,OK,Unknown,N/A,58
2025-11-18T07:56:06.000Z,0044,A18K25B0044,A18K25B0044,CASE-A,OK,Unknown,N/A,56
2025-11-18T07:36:43.000Z,0043,A18K25B0043,A18K25B0043,CASE-A,OK,Unknown,N/A,54
2025-11-18T07:31:25.000Z,0042,A18K25B0042,A18K25B0042,CASE-A,OK,Unknown,N/A,52
2025-11-18T07:24:28.000Z,0041,A18K25B0041,A18K25B0041,CASE-A,OK,Unknown,N/A,50
2025-11-18T07:19:19.000Z,0040,A18K25B0040,A18K25B0040,CASE-A,OK,Unknown,N/A,48
2025-11-18T07:13:36.000Z,0039,A18K25B0039,A18K25B0039,CASE-A,OK,Unknown,N/A,46
2025-11-18T07:12:19.000Z,0038,A18K25B0038,A18K25B0038,CASE-A,OK,Unknown,N/A,44
2025-11-18T07:05:08.000Z,0037,A18K25B0037,A18K25B0037,CASE-A,OK,Unknown,N/A,42
2025-11-18T06:44:57.000Z,0036,A18K25B0036,A18K25B0036,CASE-A,OK,Unknown,N/A,40
2025-11-18T06:36:46.000Z,0035,A18K25B0035,A18K25B0035,CASE-A,OK,Unknown,N/A,38
2025-11-18T06:32:02.000Z,0034,A18K25B0034,A18K25B0034,CASE-A,OK,Unknown,N/A,36
2025-11-18T06:25:55.000Z,0033,A18K25B0033,A18K25B0033,CASE-A,OK,Unknown,N/A,34
2025-11-18T06:25:04.000Z,0032,A18K25B0032,A18K25B0032,CASE-A,OK,Unknown,N/A,32
2025-11-18T06:21:46.000Z,0031,A18K25B0031,A18K25B0031,CASE-A,OK,Unknown,N/A,30
2025-11-18T06:12:22.000Z,0030,A18K25B0030,A18K25B0030,CASE-A,OK,Unknown,N/A,28
2025-11-18T05:56:12.000Z,0029,A18K25B0029,A18K25B0029,CASE-A,OK,Unknown,N/A,26
2025-11-18T05:43:15.000Z,0028,A18K25B0028,A18K25B0028,CASE-A,OK,Unknown,N/A,24
2025-11-18T05:30:35.000Z,0027,A18K25B0027,A18K25B0027,CASE-A,OK,Unknown,N/A,22
2025-11-18T05:19:25.000Z,0026,A18K25B0026,A18K25B0026,CASE-A,OK,Unknown,N/A,20
2025-11-18T05:08:35.000Z,0025,A18K25B0025,A18K25B0025,CASE-A,OK,Unknown,N/A,18
2025-11-18T04:50:31.000Z,0024,A18K25B0024,A18K25B0024,CASE-A,OK,Unknown,N/A,16
2025-11-18T04:44:06.000Z,0023,A18K25B0023,A18K25B0023,CASE-A,OK,Unknown,N/A,14
2025-11-18T04:41:22.000Z,0022,A18K25B0022,A18K25B0022,CASE-A,OK,Unknown,N/A,12
2025-11-18T04:22:02.000Z,0021,A18K25B0021,A18K25B0021,CASE-A,OK,Unknown,N/A,10
2025-11-18T04:09:49.000Z,0020,A18K25B0020,A18K25B0020,CASE-A,OK,Unknown,N/A,8
2025-11-18T02:52:43.000Z,0019,A18K25A0019,A18K25A0019,CASE-A,OK,Unknown,N/A,6
2025-11-18T01:48:00.000Z,0018,A18K25A0018,A18K25A0018,CASE-A,OK,Unknown,N/A,4
2025-11-18T01:26:22.000Z,0017,A18K25A0017,A18K25A0017,CASE-A,OK,Unknown,N/A,2
2025-11-17T23:11:07.000Z,0016,A18K25A0016,A18K25A0016,CASE-A,OK,Unknown,N/A,70
2025-11-17T22:59:03.000Z,0015,A18K25A0015,A18K25A0015,CASE-A,OK,Unknown,N/A,68
2025-11-17T22:54:39.000Z,0014,A18K25A0014,A18K25A0014,CASE-A,OK,Unknown,N/A,66
2025-11-17T22:43:31.000Z,0013,A18K25A0013,A18K25A0013,CASE-A,OK,Unknown,N/A,64
2025-11-17T22:38:23.000Z,0012,A18K25A0012,A18K25A0012,CASE-A,OK,Unknown,N/A,62
2025-11-17T22:15:01.000Z,0011,A18K25A0011,A18K25A0011,CASE-A,OK,Unknown,N/A,60
2025-11-17T22:09:40.000Z,0010,A18K25A0010,A18K25A0010,CASE-A,OK,Unknown,N/A,58
2025-11-17T22:07:34.000Z,0009,A18K25A0009,A18K25A0009,CASE-A,OK,Unknown,N/A,56
2025-11-17T21:54:41.000Z,0008,A18K25A0008,A18K25A0008,CASE-A,OK,Unknown,N/A,54
2025-11-17T21:53:14.000Z,0007,A18K25A0007,A18K25A0007,CASE-A,OK,Unknown,N/A,52
2025-11-17T21:35:44.000Z,0006,A18K25A0006,A18K25A0006,CASE-A,OK,Unknown,N/A,50
2025-11-17T19:50:26.000Z,0005,A18K25A0005,A18K25A0005,CASE-A,OK,Unknown,N/A,48
2025-11-17T19:47:43.000Z,0004,A18K25A0004,A18K25A0004,CASE-A,OK,Unknown,N/A,46
2025-11-17T19:46:15.000Z,0003,A18K25A0003,A18K25A0003,CASE-A,OK,Unknown,N/A,44
2025-11-17T19:29:12.000Z,0002,A18K25A0002,A18K25A0002,CASE-A,OK,Unknown,N/A,42
2025-11-17T19:02:29.000Z,0001,A18K25A0001,A18K25A0001,CASE-A,OK,Unknown,N/A,40
2025-11-17T05:31:26.000Z,0028,A17K25B0028,A17K25B0028,CASE-A,OK,Unknown,N/A,38
2025-11-17T05:30:54.000Z,0027,A17K25B0027,A17K25B0027,CASE-A,OK,Unknown,N/A,36
2025-11-17T05:23:37.000Z,0026,A17K25B0026,NG,CASE-A,NG,Unknown,N/A,34
2025-11-17T05:17:42.000Z,0025,A17K25B0025,A17K25B0025,CASE-A,OK,Unknown,N/A,32
2025-11-17T05:16:51.000Z,0024,A17K25B0024,A17K25B0024,CASE-A,OK,Unknown,N/A,30
2025-11-17T05:10:46.000Z,0023,A17K25B0023,A17K25B0023,CASE-A,OK,Unknown,N/A,28
2025-11-17T04:49:13.000Z,0022,A17K25B0022,A17K25B0022,CASE-A,OK,Unknown,N/A,26
2025-11-17T04:45:52.000Z,0021,A17K25B0021,A17K25B0021,CASE-A,OK,Unknown,N/A,24
2025-11-17T04:41:42.000Z,0020,A17K25B0020,A17K25B0020,CASE-A,OK,Unknown,N/A,22
2025-11-17T04:23:50.000Z,0019,A17K25B0019,A17K25B0019,CASE-A,OK,Unknown,N/A,20
2025-11-17T04:16:38.000Z,0018,A17K25B0018,A17K25B0018,CASE-A,OK,Unknown,N/A,18
2025-11-17T04:15:26.000Z,0017,A17K25B0017,NG,CASE-A,NG,Unknown,N/A,16
2025-11-17T04:08:50.000Z,0016,A17K25B0016,A17K25B0016,CASE-A,OK,Unknown,N/A,14
2025-11-17T04:00:22.000Z,0015,A17K25B0015,A17K25B0015,CASE-A,OK,Unknown,N/A,12
2025-11-17T03:51:31.000Z,0014,A17K25B0014,A17K25B0014,CASE-A,OK,Unknown,N/A,10
2025-11-17T03:43:35.000Z,0013,A17K25B0013,A17K25B0013,CASE-A,OK,Unknown,N/A,8
2025-11-17T03:37:33.000Z,0012,A17K25B0012,A17K25B0012,CASE-A,OK,Unknown,N/A,6
2025-11-17T03:34:29.000Z,0011,A17K25B0011,A17K25B0011,CASE-A,OK,Unknown,N/A,4
2025-11-17T03:33:32.000Z,0010,A17K25B0010,A17K25B0010,CASE-A,OK,Unknown,N/A,2
2025-11-16T23:44:03.000Z,0009,A17K25A0009,A17K25A0009,CASE-A,OK,Unknown,N/A,18
2025-11-16T23:34:36.000Z,0008,A17K25A0008,A17K25A0008,CASE-A,OK,Unknown,N/A,16
2025-11-16T23:34:00.000Z,0007,A17K25A0007,A17K25A0007,CASE-A,OK,Unknown,N/A,14
2025-11-16T23:23:12.000Z,0006,A17K25A0006,A17K25A0006,CASE-A,OK,Unknown,N/A,12
2025-11-16T23:22:35.000Z,0005,A17K25A0005,A17K25A0005,CASE-A,OK,Unknown,N/A,10
2025-11-16T23:00:02.000Z,0004,A17K25A0004,A17K25A0004,CASE-A,OK,Unknown,N/A,8
2025-11-16T22:52:16.000Z,0003,A17K25A0003,A17K25A0003,CASE-A,OK,Unknown,N/A,6
2025-11-16T22:22:47.000Z,0002,A17K25A0002,A17K25A0002,CASE-A,OK,Unknown,N/A,4
2025-11-16T22:14:52.000Z,0001,A17K25A0001,A17K25A0001,CASE-A,OK,Unknown,N/A,2
2025-11-14T04:24:01.000Z,0003,A14K25B0003,A14K25B0003,CASE-A,OK,Unknown,N/A,2
2025-11-13T21:39:59.000Z,0002,A14K25A0002,A14K25A0002,CASE-A,OK,Unknown,N/A,4
2025-11-13T19:06:59.000Z,0001,A14K25A0001,A14K25A0001,CASE-A,OK,Unknown,N/A,2
2025-11-12T18:49:56.000Z,0001,A13K25A0001,A13K25A0001,CASE-A,OK,Unknown,N/A,16
2025-11-12T04:21:04.000Z,0028,A12K25B0028,A12K25B0028,CASE-A,OK,Unknown,N/A,14
2025-11-12T01:19:43.000Z,0027,A12K25A0027,A12K25A0027,CASE-A,OK,Unknown,N/A,12
2025-11-12T01:12:19.000Z,0026,A12K25A0026,A12K25A0026,CASE-A,OK,Unknown,N/A,10
2025-11-12T01:09:35.000Z,0025,A12K25A0025,A12K25A0025,CASE-A,OK,Unknown,N/A,8
2025-11-12T01:08:44.000Z,0024,A12K25A0024,A12K25A0024,CASE-A,OK,Unknown,N/A,6
2025-11-12T00:58:22.000Z,0023,A12K25A0023,A12K25A0023,CASE-A,OK,Unknown,N/A,4
2025-11-12T00:57:58.000Z,0022,A12K25A0022,NG,CASE-A,NG,Unknown,N/A,2
2025-11-12T00:09:40.000Z,0021,A12K25A0021,A12K25A0021,CASE-A,OK,Unknown,N/A,54
2025-11-11T23:56:56.000Z,0020,A12K25A0020,A12K25A0020,CASE-A,OK,Unknown,N/A,52
2025-11-11T23:52:49.000Z,0019,A12K25A0019,NG,CASE-A,NG,Unknown,N/A,50
2025-11-11T23:44:18.000Z,0018,A12K25A0018,A12K25A0018,CASE-A,OK,Unknown,N/A,48
2025-11-11T23:35:53.000Z,0017,A12K25A0017,A12K25A0017,CASE-A,OK,Unknown,N/A,46
2025-11-11T23:30:33.000Z,0016,A12K25A0016,A12K25A0016,CASE-A,OK,Unknown,N/A,44
2025-11-11T23:20:23.000Z,0015,A12K25A0015,A12K25A0015,CASE-A,OK,Unknown,N/A,42
2025-11-11T23:16:43.000Z,0014,A12K25A0014,A12K25A0014,CASE-A,OK,Unknown,N/A,40
2025-11-11T23:12:12.000Z,0013,A12K25A0013,A12K25A0013,CASE-A,OK,Unknown,N/A,38
2025-11-11T23:11:42.000Z,0012,A12K25A0012,A12K25A0012,CASE-A,OK,Unknown,N/A,36
2025-11-11T23:04:23.000Z,0011,A12K25A0011,A12K25A0011,CASE-A,OK,Unknown,N/A,34
2025-11-11T22:45:02.000Z,0010,A12K25A0010,A12K25A0010,CASE-A,OK,Unknown,N/A,32
2025-11-11T22:44:31.000Z,0009,A12K25A0009,A12K25A0009,CASE-A,OK,Unknown,N/A,30
2025-11-11T22:34:12.000Z,0008,A12K25A0008,A12K25A0008,CASE-A,OK,Unknown,N/A,28
2025-11-11T22:12:54.000Z,0007,A12K25A0007,A12K25A0007,CASE-A,OK,Unknown,N/A,26
2025-11-11T21:38:09.000Z,0006,A12K25A0006,A12K25A0006,CASE-A,OK,Unknown,N/A,24
2025-11-11T21:28:28.000Z,0005,A12K25A0005,A12K25A0005,CASE-A,OK,Unknown,N/A,22
2025-11-11T21:22:03.000Z,0004,A12K25A0004,A12K25A0004,CASE-A,OK,Unknown,N/A,20
2025-11-11T21:18:34.000Z,0003,A12K25A0003,A12K25A0003,CASE-A,OK,Unknown,N/A,18
2025-11-11T19:16:49.000Z,0002,A12K25A0002,NG,CASE-A,NG,Unknown,N/A,16
2025-11-11T18:54:49.000Z,0001,A12K25A0001,A12K25A0001,CASE-A,OK,Unknown,N/A,14
2025-11-11T04:09:37.000Z,0008,A11K25B0008,A11K25B0008,CASE-A,OK,Unknown,N/A,12
2025-11-11T04:05:56.000Z,0007,A11K25B0007,A11K25B0007,CASE-A,OK,Unknown,N/A,10
2025-11-11T04:05:37.000Z,0006,A11K25B0006,N/A,CASE-A,NG,Unknown,N/A,8
2025-11-11T04:05:28.000Z,0005,A11K25B0005,NG,CASE-A,NG,Unknown,N/A,6
2025-11-11T02:25:29.000Z,0004,A11K25A0004,A11K25A0004,CASE-A,OK,Unknown,N/A,4
2025-11-11T01:26:38.000Z,0003,A11K25A0003,A11K25A0003,CASE-A,OK,Unknown,N/A,2
2025-11-10T20:47:14.000Z,0002,A11K25A0002,A11K25A0002,CASE-A,OK,Unknown,N/A,44
2025-11-10T20:29:01.000Z,0001,A11K25A0001,A11K25A0001,CASE-A,OK,Unknown,N/A,42
2025-11-10T05:08:03.000Z,0024,A10K25B0024,A10K25B0024,CASE-A,OK,Unknown,N/A,40
2025-11-10T04:48:25.000Z,0023,A10K25B0023,A10K25B0023,CASE-A,OK,Unknown,N/A,38
2025-11-10T04:35:17.000Z,0022,A10K25B0022,A10K25B0022,CASE-A,OK,Unknown,N/A,36
2025-11-10T04:24:23.000Z,0021,A10K25B0021,A10K25B0021,CASE-A,OK,Unknown,N/A,34
2025-11-10T04:20:45.000Z,0020,A10K25B0020,A10K25B0020,CASE-A,OK,Unknown,N/A,32
2025-11-10T04:10:47.000Z,0019,A10K25B0019,A10K25B0019,CASE-A,OK,Unknown,N/A,30
2025-11-10T04:06:45.000Z,0018,A10K25B0018,A10K25B0018,CASE-A,OK,Unknown,N/A,28
2025-11-10T03:24:32.000Z,0017,A10K25B0017,NG,CASE-A,NG,Unknown,N/A,26
2025-11-10T03:02:20.000Z,0016,A10K25B0016,A10K25B0016,CASE-A,OK,Unknown,N/A,24
2025-11-10T02:51:39.000Z,0015,A10K25A0015,A10K25A0015,CASE-A,OK,Unknown,N/A,22
2025-11-10T02:45:44.000Z,0014,A10K25A0014,A10K25A0014,CASE-A,OK,Unknown,N/A,20
2025-11-10T02:45:11.000Z,0013,A10K25A0013,A10K25A0013,CASE-A,OK,Unknown,N/A,18
2025-11-10T02:35:49.000Z,0012,A10K25A0012,A10K25A0012,CASE-A,OK,Unknown,N/A,16
2025-11-10T02:33:01.000Z,0011,A10K25A0011,A10K25A0011,CASE-A,OK,Unknown,N/A,14
2025-11-10T02:20:11.000Z,0010,A10K25A0010,A10K25A0010,CASE-A,OK,Unknown,N/A,12
2025-11-10T01:46:40.000Z,0009,A10K25A0009,A10K25A0009,CASE-A,OK,Unknown,N/A,10
2025-11-10T01:18:12.000Z,0008,A10K25A0008,A10K25A0008,CASE-A,OK,Unknown,N/A,8
2025-11-10T01:15:23.000Z,0007,A10K25A0007,A10K25A0007,CASE-A,OK,Unknown,N/A,6
2025-11-10T00:44:37.000Z,0006,A10K25A0006,A10K25A0006,CASE-A,OK,Unknown,N/A,4
2025-11-10T00:42:09.000Z,0005,A10K25A0005,A10K25A0005,CASE-A,OK,Unknown,N/A,2
2025-11-09T22:08:41.000Z,0004,A10K25A0004,A10K25A0004,CASE-A,OK,Unknown,N/A,8
2025-11-09T22:04:30.000Z,0003,A10K25A0003,A10K25A0003,CASE-A,OK,Unknown,N/A,6
2025-11-09T21:47:33.000Z,0002,A10K25A0002,A10K25A0002,CASE-A,OK,Unknown,N/A,4
2025-11-09T19:53:07.000Z,0001,A10K25A0001,A10K25A0001,CASE-A,OK,Unknown,N/A,2
2025-11-08T03:22:59.000Z,0024,A08K25B0024,A08K25B0024,CASE-A,OK,Unknown,N/A,14
2025-11-08T03:00:28.000Z,0023,A08K25B0023,NG,CASE-A,NG,Unknown,N/A,12
2025-11-08T01:41:50.000Z,0022,A08K25A0022,A08K25A0022,CASE-A,OK,Unknown,N/A,10
2025-11-08T01:40:16.000Z,0021,A08K25A0021,A08K25A0021,CASE-A,OK,Unknown,N/A,8
2025-11-08T01:36:45.000Z,0020,A08K25A0020,A08K25A0020,CASE-A,OK,Unknown,N/A,6
2025-11-08T01:30:50.000Z,0019,A08K25A0019,A08K25A0019,CASE-A,OK,Unknown,N/A,4
2025-11-08T01:25:13.000Z,0018,A08K25A0018,A08K25A0018,CASE-A,OK,Unknown,N/A,2
2025-11-08T00:03:57.000Z,0017,A08K25A0017,A08K25A0017,CASE-A,OK,Unknown,N/A,34
2025-11-07T23:36:18.000Z,0016,A08K25A0016,A08K25A0016,CASE-A,OK,Unknown,N/A,32
2025-11-07T23:19:56.000Z,0015,A08K25A0015,A08K25A0015,CASE-A,OK,Unknown,N/A,30
2025-11-07T23:02:37.000Z,0014,A08K25A0014,A08K25A0014,CASE-A,OK,Unknown,N/A,28
2025-11-07T21:08:43.000Z,0013,A08K25A0013,A08K25A0013,CASE-A,OK,Unknown,N/A,26
2025-11-07T21:08:10.000Z,0012,A08K25A0012,A08K25A0012,CASE-A,OK,Unknown,N/A,24
2025-11-07T21:06:18.000Z,0011,A08K25A0011,A08K25A0011,CASE-A,OK,Unknown,N/A,22
2025-11-07T21:02:15.000Z,0010,A08K25A0010,A08K25A0010,CASE-A,OK,Unknown,N/A,20
2025-11-07T21:01:11.000Z,0009,A08K25A0009,A08K25A0009,CASE-A,OK,Unknown,N/A,18
2025-11-07T20:47:20.000Z,0008,A08K25A0008,A08K25A0008,CASE-A,OK,Unknown,N/A,16
2025-11-07T20:41:25.000Z,0007,A08K25A0007,A08K25A0007,CASE-A,OK,Unknown,N/A,14
2025-11-07T19:43:05.000Z,0006,A08K25A0006,A08K25A0006,CASE-A,OK,Unknown,N/A,12
2025-11-07T19:40:06.000Z,0005,A08K25A0005,A08K25A0005,CASE-A,OK,Unknown,N/A,10
2025-11-07T19:28:27.000Z,0004,A08K25A0004,A08K25A0004,CASE-A,OK,Unknown,N/A,8
2025-11-07T19:12:30.000Z,0003,A08K25A0003,A08K25A0003,CASE-A,OK,Unknown,N/A,6
2025-11-07T18:58:45.000Z,0002,A08K25A0002,A08K25A0002,CASE-A,OK,Unknown,N/A,4
2025-11-07T18:56:39.000Z,0001,A08K25A0001,A08K25A0001,CASE-A,OK,Unknown,N/A,2
2025-11-07T06:36:23.000Z,0024,A07K25B0024,A07K25B0024,CASE-A,OK,Unknown,N/A,10
2025-11-07T06:08:09.000Z,0023,A07K25B0023,A07K25B0023,CASE-A,OK,Unknown,N/A,8
2025-11-07T05:53:40.000Z,0022,A07K25B0022,A07K25B0022,CASE-A,OK,Unknown,N/A,6
2025-11-07T05:42:27.000Z,0021,A07K25B0021,A07K25B0021,CASE-A,OK,Unknown,N/A,4
2025-11-07T05:41:19.000Z,0020,A07K25B0020,A07K25B0020,CASE-A,OK,Unknown,N/A,2
2025-11-07T05:20:32.000Z,0019,A07K25B0019,A07K25B0019,CASE-A,OK,Unknown,N/A,12
2025-11-07T05:17:06.000Z,0018,A07K25B0018,A07K25B0018,CASE-A,OK,Unknown,N/A,10
2025-11-07T04:28:53.000Z,0017,A07K25B0017,A07K25B0017,CASE-A,OK,Unknown,N/A,8
2025-11-07T04:27:50.000Z,0016,A07K25B0016,A07K25B0016,CASE-A,OK,Unknown,N/A,6
2025-11-07T04:01:15.000Z,0015,A07K25B0015,A07K25B0015,CASE-A,OK,Unknown,N/A,4
2025-11-07T03:58:09.000Z,0014,A07K25B0014,A07K25B0014,CASE-A,OK,Unknown,N/A,2
2025-11-06T23:53:29.000Z,0013,A07K25A0013,A07K25A0013,CASE-A,OK,Unknown,N/A,34
2025-11-06T21:23:06.000Z,0012,A07K25A0012,A07K25A0012,CASE-A,OK,Unknown,N/A,32
2025-11-06T21:22:13.000Z,0011,A07K25A0011,A07K25A0011,CASE-A,OK,Unknown,N/A,30
2025-11-06T21:20:59.000Z,0010,A07K25A0010,A07K25A0010,CASE-A,OK,Unknown,N/A,28
2025-11-06T20:33:52.000Z,0009,A07K25A0009,A07K25A0009,CASE-A,OK,Unknown,N/A,26
2025-11-06T20:21:38.000Z,0008,A07K25A0008,A07K25A0008,CASE-A,OK,Unknown,N/A,24
2025-11-06T20:13:56.000Z,0007,A07K25A0007,A07K25A0007,CASE-A,OK,Unknown,N/A,22
2025-11-06T20:12:36.000Z,0006,A07K25A0006,A07K25A0006,CASE-A,OK,Unknown,N/A,20
2025-11-06T20:11:35.000Z,0005,A07K25A0005,A07K25A0005,CASE-A,OK,Unknown,N/A,18
2025-11-06T19:58:25.000Z,0004,A07K25A0004,A07K25A0004,CASE-A,OK,Unknown,N/A,16
2025-11-06T19:54:57.000Z,0003,A07K25A0003,A07K25A0003,CASE-A,OK,Unknown,N/A,14
2025-11-06T19:51:31.000Z,0002,A07K25A0002,A07K25A0002,CASE-A,OK,Unknown,N/A,12
2025-11-06T19:38:03.000Z,0001,A07K25A0001,A07K25A0001,CASE-A,OK,Unknown,N/A,10
2025-11-06T03:39:01.000Z,0022,A06K25B0022,A06K25B0022,CASE-A,OK,Unknown,N/A,8
2025-11-06T03:38:07.000Z,0021,A06K25B0021,A06K25B0021,CASE-A,OK,Unknown,N/A,6
2025-11-06T03:37:20.000Z,0020,A06K25B0020,A06K25B0020,CASE-A,OK,Unknown,N/A,4
2025-11-06T03:36:47.000Z,0019,A06K25B0019,A06K25B0019,CASE-A,OK,Unknown,N/A,2
2025-11-05T23:10:15.000Z,0018,A06K25A0018,A06K25A0018,CASE-A,OK,Unknown,N/A,88
2025-11-05T22:53:38.000Z,0017,A06K25A0017,A06K25A0017,CASE-A,OK,Unknown,N/A,86
2025-11-05T22:40:27.000Z,0016,A06K25A0016,A06K25A0016,CASE-A,OK,Unknown,N/A,84
2025-11-05T21:22:28.000Z,0015,A06K25A0015,A06K25A0015,CASE-A,OK,Unknown,N/A,82
2025-11-05T20:53:16.000Z,0014,A06K25A0014,A06K25A0014,CASE-A,OK,Unknown,N/A,80
2025-11-05T20:48:49.000Z,0013,A06K25A0013,A06K25A0013,CASE-A,OK,Unknown,N/A,78
2025-11-05T20:47:54.000Z,0012,A06K25A0012,A06K25A0012,CASE-A,OK,Unknown,N/A,76
2025-11-05T20:36:26.000Z,0011,A06K25A0011,A06K25A0011,CASE-A,OK,Unknown,N/A,74
2025-11-05T20:27:18.000Z,0010,A06K25A0010,A06K25A0010,CASE-A,OK,Unknown,N/A,72
2025-11-05T20:08:44.000Z,0009,A06K25A0009,A06K25A0009,CASE-A,OK,Unknown,N/A,70
2025-11-05T19:59:04.000Z,0008,A06K25A0008,A06K25A0008,CASE-A,OK,Unknown,N/A,68
2025-11-05T19:57:09.000Z,0007,A06K25A0007,A06K25A0007,CASE-A,OK,Unknown,N/A,66
2025-11-05T19:56:33.000Z,0006,A06K25A0006,A06K25A0006,CASE-A,OK,Unknown,N/A,64
2025-11-05T19:36:59.000Z,0005,A06K25A0005,A06K25A0005,CASE-A,OK,Unknown,N/A,62
2025-11-05T19:27:40.000Z,0004,A06K25A0004,A06K25A0004,CASE-A,OK,Unknown,N/A,60
2025-11-05T19:21:52.000Z,0003,A06K25A0003,A06K25A0003,CASE-A,OK,Unknown,N/A,58
2025-11-05T19:20:16.000Z,0002,A06K25A0002,A06K25A0002,CASE-A,OK,Unknown,N/A,56
2025-11-05T18:57:56.000Z,0001,A06K25A0001,A06K25A0001,CASE-A,OK,Unknown,N/A,54
2025-11-05T06:03:15.000Z,0038,A05K25B0038,A05K25B0038,CASE-A,OK,Unknown,N/A,52
2025-11-05T06:00:58.000Z,0037,A05K25B0037,A05K25B0037,CASE-A,OK,Unknown,N/A,50
2025-11-05T05:50:38.000Z,0036,A05K25B0036,A05K25B0036,CASE-A,OK,Unknown,N/A,48
2025-11-05T05:23:00.000Z,0035,A05K25B0035,A05K25B0035,CASE-A,OK,Unknown,N/A,46
2025-11-05T05:02:38.000Z,0034,A05K25B0034,A05K25B0034,CASE-A,OK,Unknown,N/A,44
2025-11-05T04:39:11.000Z,0033,A05K25B0033,A05K25B0033,CASE-A,OK,Unknown,N/A,42
2025-11-05T04:24:06.000Z,0032,A05K25B0032,A05K25B0032,CASE-A,OK,Unknown,N/A,40
2025-11-05T03:48:40.000Z,0031,A05K25B0031,A05K25B0031,CASE-A,OK,Unknown,N/A,38
2025-11-05T03:48:00.000Z,0030,A05K25B0030,A05K25B0030,CASE-A,OK,Unknown,N/A,36
2025-11-05T03:42:40.000Z,0029,A05K25B0029,A05K25B0029,CASE-A,OK,Unknown,N/A,34
2025-11-05T03:42:05.000Z,0028,A05K25B0028,A05K25B0028,CASE-A,OK,Unknown,N/A,32
2025-11-05T03:35:54.000Z,0027,A05K25B0027,A05K25B0027,CASE-A,OK,Unknown,N/A,30
2025-11-05T03:24:50.000Z,0026,A05K25B0026,A05K25B0026,CASE-A,OK,Unknown,N/A,28
2025-11-05T03:16:51.000Z,0025,A05K25B0025,A05K25B0025,CASE-A,OK,Unknown,N/A,26
2025-11-05T03:16:05.000Z,0024,A05K25B0024,NG,CASE-A,NG,Unknown,N/A,24
2025-11-05T02:58:10.000Z,0023,A05K25A0023,A05K25A0023,CASE-A,OK,Unknown,N/A,22
2025-11-05T02:56:31.000Z,0022,A05K25A0022,A05K25A0022,CASE-A,OK,Unknown,N/A,20
2025-11-05T02:55:47.000Z,0021,A05K25A0021,A05K25A0021,CASE-A,OK,Unknown,N/A,18
2025-11-05T02:42:50.000Z,0020,A05K25A0020,A05K25A0020,CASE-A,OK,Unknown,N/A,16
2025-11-05T02:17:34.000Z,0019,A05K25A0019,A05K25A0019,CASE-A,OK,Unknown,N/A,14
2025-11-05T02:16:57.000Z,0018,A05K25A0018,A05K25A0018,CASE-A,OK,Unknown,N/A,12
2025-11-05T02:02:25.000Z,0017,A05K25A0017,A05K25A0017,CASE-A,OK,Unknown,N/A,10
2025-11-05T01:45:04.000Z,0016,A05K25A0016,A05K25A0016,CASE-A,OK,Unknown,N/A,8
2025-11-05T01:44:24.000Z,0015,A05K25A0015,A05K25A0015,CASE-A,OK,Unknown,N/A,6
2025-11-05T01:23:51.000Z,0014,A05K25A0014,A05K25A0014,CASE-A,OK,Unknown,N/A,4
2025-11-05T01:23:15.000Z,0013,A05K25A0013,A05K25A0013,CASE-A,OK,Unknown,N/A,2
2025-11-05T00:06:15.000Z,0012,A05K25A0012,A05K25A0012,CASE-A,OK,Unknown,N/A,24
2025-11-05T00:03:05.000Z,0011,A05K25A0011,A05K25A0011,CASE-A,OK,Unknown,N/A,22
2025-11-04T23:23:22.000Z,0010,A05K25A0010,A05K25A0010,CASE-A,OK,Unknown,N/A,20
2025-11-04T23:22:13.000Z,0009,A05K25A0009,A05K25A0009,CASE-A,OK,Unknown,N/A,18
2025-11-04T23:17:39.000Z,0008,A05K25A0008,A05K25A0008,CASE-A,OK,Unknown,N/A,16
2025-11-04T23:04:55.000Z,0007,A05K25A0007,A05K25A0007,CASE-A,OK,Unknown,N/A,14
2025-11-04T22:47:40.000Z,0006,A05K25A0006,A05K25A0006,CASE-A,OK,Unknown,N/A,12
2025-11-04T22:38:12.000Z,0005,A05K25A0005,A05K25A0005,CASE-A,OK,Unknown,N/A,10
2025-11-04T22:13:00.000Z,0004,A05K25A0004,A05K25A0004,CASE-A,OK,Unknown,N/A,8
2025-11-04T21:26:34.000Z,0003,A05K25A0003,A05K25A0003,CASE-A,OK,Unknown,N/A,6
2025-11-04T21:24:14.000Z,0002,A05K25A0002,A05K25A0002,CASE-A,OK,Unknown,N/A,4
2025-11-04T21:09:50.000Z,0001,A05K25A0001,A05K25A0001,CASE-A,OK,Unknown,N/A,2
2025-11-03T06:56:53.000Z,0023,A03K25B0023,A03K25B0023,CASE-A,OK,Unknown,N/A,38
2025-11-03T06:21:31.000Z,0022,A03K25B0022,A03K25B0022,CASE-A,OK,Unknown,N/A,36
2025-11-03T06:15:08.000Z,0021,A03K25B0021,A03K25B0021,CASE-A,OK,Unknown,N/A,34
2025-11-03T06:14:27.000Z,0020,A03K25B0020,A03K25B0020,CASE-A,OK,Unknown,N/A,32
2025-11-03T06:13:21.000Z,0019,A03K25B0019,A03K25B0019,CASE-A,OK,Unknown,N/A,30
2025-11-03T05:53:46.000Z,0018,A03K25B0018,A03K25B0018,CASE-A,OK,Unknown,N/A,28
2025-11-03T05:36:49.000Z,0017,A03K25B0017,A03K25B0017,CASE-A,OK,Unknown,N/A,26
2025-11-03T02:38:35.000Z,0016,A03K25A0016,A03K25A0016,CASE-A,OK,Unknown,N/A,24
2025-11-03T02:34:43.000Z,0015,A03K25A0015,A03K25A0015,CASE-A,OK,Unknown,N/A,22
2025-11-03T02:20:58.000Z,0014,A03K25A0014,A03K25A0014,CASE-A,OK,Unknown,N/A,20
2025-11-03T02:09:06.000Z,0013,A03K25A0013,A03K25A0013,CASE-A,OK,Unknown,N/A,18
2025-11-03T02:05:00.000Z,0012,A03K25A0012,A03K25A0012,CASE-A,OK,Unknown,N/A,16
2025-11-03T02:03:21.000Z,0011,A03K25A0011,A03K25A0011,CASE-A,OK,Unknown,N/A,14
2025-11-03T01:58:26.000Z,0010,A03K25A0010,A03K25A0010,CASE-A,OK,Unknown,N/A,12
2025-11-03T01:45:56.000Z,0009,A03K25A0009,A03K25A0009,CASE-A,OK,Unknown,N/A,10
2025-11-03T01:44:26.000Z,0008,A03K25A0008,A03K25A0008,CASE-A,OK,Unknown,N/A,8
2025-11-03T01:28:43.000Z,0007,A03K25A0007,A03K25A0007,CASE-A,OK,Unknown,N/A,6
2025-11-03T01:26:32.000Z,0006,A03K25A0006,A03K25A0006,CASE-A,OK,Unknown,N/A,4
2025-11-03T01:24:50.000Z,0005,A03K25A0005,A03K25A0005,CASE-A,OK,Unknown,N/A,2
2025-11-02T19:28:57.000Z,0004,A03K25A0004,A03K25A0004,CASE-A,OK,Unknown,N/A,12
2025-11-02T19:24:12.000Z,0003,A03K25A0003,A03K25A0003,CASE-A,OK,Unknown,N/A,10
2025-11-02T19:15:01.000Z,0002,A03K25A0002,A03K25A0002,CASE-A,OK,Unknown,N/A,8
2025-11-02T19:04:29.000Z,0001,A03K25A0001,A03K25A0001,CASE-A,OK,Unknown,N/A,6
2025-11-02T02:54:51.000Z,0002,A02K25A0002,A02K25A0002,CASE-A,OK,Unknown,N/A,4
2025-11-02T02:54:19.000Z,0001,A02K25A0001,NG,CASE-A,NG,Unknown,N/A,2
2025-11-01T05:53:38.000Z,0030,A01K25B0030,A01K25B0030,CASE-A,OK,Unknown,N/A,28
2025-11-01T05:46:33.000Z,0029,A01K25B0029,A01K25B0029,CASE-A,OK,Unknown,N/A,26
2025-11-01T05:39:15.000Z,0028,A01K25B0028,A01K25B0028,CASE-A,OK,Unknown,N/A,24
2025-11-01T05:33:32.000Z,0027,A01K25B0027,A01K25B0027,CASE-A,OK,Unknown,N/A,22
2025-11-01T05:19:28.000Z,0026,A01K25B0026,A01K25B0026,CASE-A,OK,Unknown,N/A,20
2025-11-01T05:05:54.000Z,0025,A01K25B0025,A01K25B0025,CASE-A,OK,Unknown,N/A,18
2025-11-01T04:58:46.000Z,0024,A01K25B0024,A01K25B0024,CASE-A,OK,Unknown,N/A,16
2025-11-01T04:50:17.000Z,0023,A01K25B0023,A01K25B0023,CASE-A,OK,Unknown,N/A,14
2025-11-01T04:42:29.000Z,0022,A01K25B0022,A01K25B0022,CASE-A,OK,Unknown,N/A,12
2025-11-01T04:37:08.000Z,0021,A01K25B0021,A01K25B0021,CASE-A,OK,Unknown,N/A,10
2025-11-01T04:35:53.000Z,0020,A01K25B0020,A01K25B0020,CASE-A,OK,Unknown,N/A,8
2025-11-01T04:09:35.000Z,0019,A01K25B0019,A01K25B0019,CASE-A,OK,Unknown,N/A,6
2025-11-01T04:07:22.000Z,0018,A01K25B0018,A01K25B0018,CASE-A,OK,Unknown,N/A,4
2025-11-01T03:13:22.000Z,0017,A01K25B0017,A01K25B0017,CASE-A,OK,Unknown,N/A,2
2025-10-31T21:58:54.000Z,0016,A01K25A0016,A01K25A0016,CASE-A,OK,Unknown,N/A,56
2025-10-31T21:55:43.000Z,0015,A01K25A0015,A01K25A0015,CASE-A,OK,Unknown,N/A,54
2025-10-31T21:39:19.000Z,0014,A01K25A0014,A01K25A0014,CASE-A,OK,Unknown,N/A,52
2025-10-31T21:35:32.000Z,0013,A01K25A0013,A01K25A0013,CASE-A,OK,Unknown,N/A,50
2025-10-31T21:31:23.000Z,0012,A01K25A0012,A01K25A0012,CASE-A,OK,Unknown,N/A,48
2025-10-31T21:22:03.000Z,0011,A01K25A0011,A01K25A0011,CASE-A,OK,Unknown,N/A,46
2025-10-31T21:18:30.000Z,0010,A01K25A0010,A01K25A0010,CASE-A,OK,Unknown,N/A,44
2025-10-31T21:10:36.000Z,0009,A01K25A0009,A01K25A0009,CASE-A,OK,Unknown,N/A,42
2025-10-31T20:59:04.000Z,0008,A01K25A0008,A01K25A0008,CASE-A,OK,Unknown,N/A,40
2025-10-31T20:28:14.000Z,0007,A01K25A0007,A01K25A0007,CASE-A,OK,Unknown,N/A,38
2025-10-31T20:23:44.000Z,0006,A01K25A0006,A01K25A0006,CASE-A,OK,Unknown,N/A,36
2025-10-31T20:18:42.000Z,0005,A01K25A0005,A01K25A0005,CASE-A,OK,Unknown,N/A,34
2025-10-31T19:54:34.000Z,0004,A01K25A0004,A01K25A0004,CASE-A,OK,Unknown,N/A,32
2025-10-31T19:49:13.000Z,0003,A01K25A0003,A01K25A0003,CASE-A,OK,Unknown,N/A,30
2025-10-31T19:32:00.000Z,0002,A01K25A0002,A01K25A0002,CASE-A,OK,Unknown,N/A,28
2025-10-31T19:16:07.000Z,0001,A01K25A0001,A01K25A0001,CASE-A,OK,Unknown,N/A,26
2025-10-31T06:26:43.000Z,0019,A31J25B0019,A31J25B0019,CASE-A,OK,Unknown,N/A,24
2025-10-31T06:12:38.000Z,0018,A31J25B0018,A31J25B0018,CASE-A,OK,Unknown,N/A,22
2025-10-31T05:50:38.000Z,0017,A31J25B0017,A31J25B0017,CASE-A,OK,Unknown,N/A,20
2025-10-31T04:03:23.000Z,0016,A31J25B0016,A31J25B0016,CASE-A,OK,Unknown,N/A,18
2025-10-31T03:58:07.000Z,0015,A31J25B0015,A31J25B0015,CASE-A,OK,Unknown,N/A,16
2025-10-31T03:44:20.000Z,0014,A31J25B0014,A31J25B0014,CASE-A,OK,Unknown,N/A,14
2025-10-31T03:32:22.000Z,0013,A31J25B0013,A31J25B0013,CASE-A,OK,Unknown,N/A,12
2025-10-31T03:27:00.000Z,0012,A31J25B0012,A31J25B0012,CASE-A,OK,Unknown,N/A,10
2025-10-31T03:09:27.000Z,0011,A31J25B0011,A31J25B0011,CASE-A,OK,Unknown,N/A,8
2025-10-31T02:40:39.000Z,0010,A31J25A0010,A31J25A0010,CASE-A,OK,Unknown,N/A,6
2025-10-31T02:14:00.000Z,0009,A31J25A0009,A31J25A0009,CASE-A,OK,Unknown,N/A,4
2025-10-31T01:56:39.000Z,0008,A31J25A0008,A31J25A0008,CASE-A,OK,Unknown,N/A,2
2025-10-31T00:05:02.000Z,0007,A31J25A0007,A31J25A0007,CASE-A,OK,Unknown,N/A,46
2025-10-30T23:59:46.000Z,0006,A31J25A0006,A31J25A0006,CASE-A,OK,Unknown,N/A,44
2025-10-30T23:47:31.000Z,0005,A31J25A0005,A31J25A0005,CASE-A,OK,Unknown,N/A,42
2025-10-30T23:16:47.000Z,0004,A31J25A0004,A31J25A0004,CASE-A,OK,Unknown,N/A,40
2025-10-30T22:41:15.000Z,0003,A31J25A0003,NG,CASE-A,NG,Unknown,N/A,38
2025-10-30T22:14:20.000Z,0002,A31J25A0002,A31J25A0002,CASE-A,OK,Unknown,N/A,36
2025-10-30T21:42:33.000Z,0001,A31J25A0001,A31J25A0001,CASE-A,OK,Unknown,N/A,34
2025-10-30T04:27:51.000Z,0019,A30J25B0019,A30J25B0019,CASE-A,OK,Unknown,N/A,32
2025-10-30T04:18:32.000Z,0018,A30J25B0018,A30J25B0018,CASE-A,OK,Unknown,N/A,30
2025-10-30T03:07:02.000Z,0017,A30J25B0017,A30J25B0017,CASE-A,OK,Unknown,N/A,28
2025-10-30T02:42:27.000Z,0016,A30J25A0016,A30J25A0016,CASE-A,OK,Unknown,N/A,26
2025-10-30T02:34:14.000Z,0015,A30J25A0015,A30J25A0015,CASE-A,OK,Unknown,N/A,24
2025-10-30T02:26:33.000Z,0014,A30J25A0014,A30J25A0014,CASE-A,OK,Unknown,N/A,22
2025-10-30T02:17:32.000Z,0013,A30J25A0013,A30J25A0013,CASE-A,OK,Unknown,N/A,20
2025-10-30T02:07:47.000Z,0012,A30J25A0012,A30J25A0012,CASE-A,OK,Unknown,N/A,18
2025-10-30T01:56:57.000Z,0011,A30J25A0011,A30J25A0011,CASE-A,OK,Unknown,N/A,16
2025-10-30T01:44:05.000Z,0010,A30J25A0010,A30J25A0010,CASE-A,OK,Unknown,N/A,14
2025-10-30T01:35:38.000Z,0009,A30J25A0009,A30J25A0009,CASE-A,OK,Unknown,N/A,12
2025-10-30T01:03:29.000Z,0008,A30J25A0008,A30J25A0008,CASE-A,OK,Unknown,N/A,10
2025-10-30T01:00:42.000Z,0007,A30J25A0007,A30J25A0007,CASE-A,OK,Unknown,N/A,8
2025-10-30T00:59:51.000Z,0006,A30J25A0006,NG,CASE-A,NG,Unknown,N/A,6
2025-10-30T00:59:47.000Z,0005,A30J25A0005,N/A,CASE-A,NG,Unknown,N/A,4
2025-10-30T00:59:41.000Z,0004,A30J25A0004,N/A,CASE-A,NG,Unknown,N/A,2
2025-10-30T00:12:56.000Z,0003,A30J25A0003,A30J25A0003,CASE-A,OK,Unknown,N/A,16
2025-10-29T23:37:55.000Z,0002,A30J25A0002,A30J25A0002,CASE-A,OK,Unknown,N/A,14
2025-10-29T22:22:33.000Z,0001,A30J25A0001,NG,CASE-A,NG,Unknown,N/A,12
2025-10-29T02:33:59.000Z,0035,A29J25A0035,A29J25A0035,CASE-A,OK,Unknown,N/A,10
2025-10-29T02:16:42.000Z,0034,A29J25A0034,NG,CASE-A,NG,Unknown,N/A,8
2025-10-29T02:04:59.000Z,0033,A29J25A0033,A29J25A0033,CASE-A,OK,Unknown,N/A,6
2025-10-29T01:48:19.000Z,0032,A29J25A0032,A29J25A0032,CASE-A,OK,Unknown,N/A,4
2025-10-29T01:45:47.000Z,0031,A29J25A0031,A29J25A0031,CASE-A,OK,Unknown,N/A,2
2025-10-29T00:00:48.000Z,0030,A29J25A0030,A29J25A0030,CASE-A,OK,Unknown,N/A,118
2025-10-28T23:38:25.000Z,0029,A29J25A0029,A29J25A0029,CASE-A,OK,Unknown,N/A,116
2025-10-28T23:22:46.000Z,0028,A29J25A0028,NG,CASE-A,NG,Unknown,N/A,114
2025-10-28T23:22:05.000Z,0027,A29J25A0027,A29J25A0027,CASE-A,OK,Unknown,N/A,112
2025-10-28T23:15:51.000Z,0026,A29J25A0026,A29J25A0026,CASE-A,OK,Unknown,N/A,110
2025-10-28T23:13:36.000Z,0025,A29J25A0025,NG,CASE-A,NG,Unknown,N/A,108
2025-10-28T23:08:16.000Z,0024,A29J25A0024,A29J25A0024,CASE-A,OK,Unknown,N/A,106
2025-10-28T23:05:31.000Z,0023,A29J25A0023,A29J25A0023,CASE-A,OK,Unknown,N/A,104
2025-10-28T22:59:53.000Z,0022,A29J25A0022,A29J25A0022,CASE-A,OK,Unknown,N/A,102
2025-10-28T22:55:30.000Z,0021,A29J25A0021,NG,CASE-A,NG,Unknown,N/A,100
2025-10-28T22:50:51.000Z,0020,A29J25A0020,A29J25A0020,CASE-A,OK,Unknown,N/A,98
2025-10-28T22:46:22.000Z,0019,A29J25A0019,A29J25A0019,CASE-A,OK,Unknown,N/A,96
2025-10-28T22:43:20.000Z,0018,A29J25A0018,A29J25A0018,CASE-A,OK,Unknown,N/A,94
2025-10-28T22:41:29.000Z,0017,A29J25A0017,A29J25A0017,CASE-A,OK,Unknown,N/A,92
2025-10-28T22:41:03.000Z,0016,A29J25A0016,NG,CASE-A,NG,Unknown,N/A,90
2025-10-28T22:29:17.000Z,0015,A29J25A0015,A29J25A0015,CASE-A,OK,Unknown,N/A,88
2025-10-28T22:26:21.000Z,0014,A29J25A0014,A29J25A0014,CASE-A,OK,Unknown,N/A,86
2025-10-28T22:20:27.000Z,0013,A29J25A0013,A29J25A0013,CASE-A,OK,Unknown,N/A,84
2025-10-28T22:17:47.000Z,0012,A29J25A0012,A29J25A0012,CASE-A,OK,Unknown,N/A,82
2025-10-28T22:15:24.000Z,0011,A29J25A0011,A29J25A0011,CASE-A,OK,Unknown,N/A,80
2025-10-28T22:12:16.000Z,0010,A29J25A0010,NG,CASE-A,NG,Unknown,N/A,78
2025-10-28T22:09:48.000Z,0009,A29J25A0009,A29J25A0009,CASE-A,OK,Unknown,N/A,76
2025-10-28T22:05:35.000Z,0008,A29J25A0008,NG,CASE-A,NG,Unknown,N/A,74
2025-10-28T20:26:52.000Z,0007,A29J25A0007,A29J25A0007,CASE-A,OK,Unknown,N/A,72
2025-10-28T20:04:00.000Z,0006,A29J25A0006,A29J25A0006,CASE-A,OK,Unknown,N/A,70
2025-10-28T19:50:36.000Z,0005,A29J25A0005,A29J25A0005,CASE-A,OK,Unknown,N/A,68
2025-10-28T19:48:09.000Z,0004,A29J25A0004,A29J25A0004,CASE-A,OK,Unknown,N/A,66
2025-10-28T19:43:19.000Z,0003,A29J25A0003,A29J25A0003,CASE-A,OK,Unknown,N/A,64
2025-10-28T19:33:14.000Z,0002,A29J25A0002,NG,CASE-A,NG,Unknown,N/A,62
2025-10-28T19:31:46.000Z,0001,A29J25A0001,A29J25A0001,CASE-A,OK,Unknown,N/A,60
2025-10-28T08:01:24.000Z,0029,A28J25B0029,A28J25B0029,CASE-A,OK,Unknown,N/A,58
2025-10-28T06:01:49.000Z,0028,A28J25B0028,A28J25B0028,CASE-A,OK,Unknown,N/A,56
2025-10-28T05:52:45.000Z,0027,A28J25B0027,A28J25B0027,CASE-A,OK,Unknown,N/A,54
2025-10-28T05:35:11.000Z,0026,A28J25B0026,A28J25B0026,CASE-A,OK,Unknown,N/A,52
2025-10-28T05:34:46.000Z,0025,A28J25B0025,NG,CASE-A,NG,Unknown,N/A,50
2025-10-28T05:23:25.000Z,0024,A28J25B0024,A28J25B0024,CASE-A,OK,Unknown,N/A,48
2025-10-28T05:15:12.000Z,0023,A28J25B0023,A28J25B0023,CASE-A,OK,Unknown,N/A,46
2025-10-28T05:08:21.000Z,0022,A28J25B0022,A28J25B0022,CASE-A,OK,Unknown,N/A,44
2025-10-28T05:06:49.000Z,0021,A28J25B0021,A28J25B0021,CASE-A,OK,Unknown,N/A,42
2025-10-28T04:56:42.000Z,0020,A28J25B0020,A28J25B0020,CASE-A,OK,Unknown,N/A,40
2025-10-28T04:48:25.000Z,0019,A28J25B0019,A28J25B0019,CASE-A,OK,Unknown,N/A,38
2025-10-28T04:10:06.000Z,0018,A28J25B0018,A28J25B0018,CASE-A,OK,Unknown,N/A,36
2025-10-28T03:57:04.000Z,0017,A28J25B0017,A28J25B0017,CASE-A,OK,Unknown,N/A,34
2025-10-28T03:53:11.000Z,0016,A28J25B0016,A28J25B0016,CASE-A,OK,Unknown,N/A,32
2025-10-28T03:47:51.000Z,0015,A28J25B0015,A28J25B0015,CASE-A,OK,Unknown,N/A,30
2025-10-28T03:39:04.000Z,0014,A28J25B0014,A28J25B0014,CASE-A,OK,Unknown,N/A,28
2025-10-28T03:23:25.000Z,0013,A28J25B0013,A28J25B0013,CASE-A,OK,Unknown,N/A,26
2025-10-28T03:17:46.000Z,0012,A28J25B0012,A28J25B0012,CASE-A,OK,Unknown,N/A,24
2025-10-28T03:09:46.000Z,0011,A28J25B0011,NG,CASE-A,NG,Unknown,N/A,22
2025-10-28T03:02:53.000Z,0010,A28J25B0010,A28J25B0010,CASE-A,OK,Unknown,N/A,20
2025-10-28T03:00:59.000Z,0009,A28J25B0009,A28J25B0009,CASE-A,OK,Unknown,N/A,18
2025-10-28T02:59:03.000Z,0008,A28J25A0008,A28J25A0008,CASE-A,OK,Unknown,N/A,16
2025-10-28T01:31:01.000Z,0007,A28J25A0007,A28J25A0007,CASE-A,OK,Unknown,N/A,14
2025-10-28T01:27:37.000Z,0006,A28J25A0006,A28J25A0006,CASE-A,OK,Unknown,N/A,12
2025-10-28T01:26:51.000Z,0005,A28J25A0005,NG,CASE-A,NG,Unknown,N/A,10
2025-10-28T01:24:47.000Z,0004,A28J25A0004,A28J25A0003,CASE-A,NG,Unknown,N/A,8
2025-10-28T01:23:57.000Z,0003,A28J25A0003,NG,CASE-A,NG,Unknown,N/A,6
2025-10-28T01:23:18.000Z,0002,A28J25A0002,NG,CASE-A,NG,Unknown,N/A,4
2025-10-28T01:21:34.000Z,0001,A28J25A0001,A28J25A0001,CASE-A,OK,Unknown,N/A,2
2025-10-15T23:51:18.000Z,0001,A16J25A0001,A16J25A0001,CASE-A,OK,Unknown,N/A,4
2025-10-15T04:19:22.000Z,0001,A15J25B0001,A15J25B0001,CASE-A,OK,Unknown,N/A,2
2025-10-14T04:48:58.000Z,0007,A14J25B0007,A14J25B0007,CASE-A,OK,Unknown,N/A,14
2025-10-14T04:34:19.000Z,0006,A14J25B0006,A14J25B0006,CASE-A,OK,Unknown,N/A,12
2025-10-14T04:33:47.000Z,0005,A14J25B0005,NG,CASE-A,NG,Unknown,N/A,10
2025-10-14T04:33:22.000Z,0004,A14J25B0004,NG,CASE-A,NG,Unknown,N/A,8
2025-10-14T04:09:43.000Z,0003,A14J25B0003,A14J25B0003,CASE-A,OK,Unknown,N/A,6
2025-10-14T01:53:30.000Z,0002,A14J25A0002,A14J25A0002,CASE-A,OK,Unknown,N/A,4
2025-10-14T01:49:32.000Z,0001,A14J25A0001,NG,CASE-A,NG,Unknown,N/A,2
2025-10-08T01:37:26.000Z,0009,A08J25A0009,A08J25A0009,CASE-A,OK,Unknown,N/A,2
2025-10-08T00:23:31.000Z,0008,A08J25A0008,A08J25A0008,CASE-A,OK,Unknown,N/A,62
2025-10-07T23:10:18.000Z,0007,A08J25A0007,NG,CASE-A,NG,Unknown,N/A,60
2025-10-07T23:02:01.000Z,0006,A08J25A0006,A08J25A0006,CASE-A,OK,Unknown,N/A,58
2025-10-07T22:56:39.000Z,0005,A08J25A0005,A08J25A0005,CASE-A,OK,Unknown,N/A,56
2025-10-07T22:51:10.000Z,0004,A08J25A0004,A08J25A0004,CASE-A,OK,Unknown,N/A,54
2025-10-07T22:37:49.000Z,0003,A08J25A0003,A08J25A0003,CASE-A,OK,Unknown,N/A,52
2025-10-07T22:25:17.000Z,0002,A08J25A0002,NG,CASE-A,NG,Unknown,N/A,50
2025-10-07T22:06:01.000Z,0001,A08J25A0001,A08J25A0001,CASE-A,OK,Unknown,N/A,48
2025-10-07T05:53:28.000Z,0029,A07J25B0029,NG,CASE-A,NG,Unknown,N/A,46
2025-10-07T05:25:12.000Z,0028,A07J25B0028,A07J25B0028,CASE-A,OK,Unknown,N/A,44
2025-10-07T04:56:13.000Z,0027,A07J25B0027,A07J25B0027,CASE-A,OK,Unknown,N/A,42
2025-10-07T04:55:36.000Z,0026,A07J25B0026,A07J25B0026,CASE-A,OK,Unknown,N/A,40
2025-10-07T03:58:50.000Z,0025,A07J25B0025,A07J25B0025,CASE-A,OK,Unknown,N/A,38
2025-10-07T03:50:47.000Z,0024,A07J25B0024,A07J25B0024,CASE-A,OK,Unknown,N/A,36
2025-10-07T03:46:02.000Z,0023,A07J25B0023,A07J25B0023,CASE-A,OK,Unknown,N/A,34
2025-10-07T03:30:48.000Z,0022,A07J25B0022,NG,CASE-A,NG,Unknown,N/A,32
2025-10-07T03:24:11.000Z,0021,A07J25B0021,A07J25B0021,CASE-A,OK,Unknown,N/A,30
2025-10-07T03:13:30.000Z,0020,A07J25B0020,A07J25B0020,CASE-A,OK,Unknown,N/A,28
2025-10-07T03:09:53.000Z,0019,A07J25B0019,A07J25B0019,CASE-A,OK,Unknown,N/A,26
2025-10-07T02:53:38.000Z,0018,A07J25A0018,A07J25A0018,CASE-A,OK,Unknown,N/A,24
2025-10-07T02:48:38.000Z,0017,A07J25A0017,A07J25A0017,CASE-A,OK,Unknown,N/A,22
2025-10-07T02:45:19.000Z,0016,A07J25A0016,A07J25A0016,CASE-A,OK,Unknown,N/A,20
2025-10-07T02:36:04.000Z,0015,A07J25A0015,A07J25A0015,CASE-A,OK,Unknown,N/A,18
2025-10-07T02:28:30.000Z,0014,A07J25A0014,A07J25A0014,CASE-A,OK,Unknown,N/A,16
2025-10-07T02:19:35.000Z,0013,A07J25A0013,A07J25A0013,CASE-A,OK,Unknown,N/A,14
2025-10-07T02:09:45.000Z,0012,A07J25A0012,A07J25A0012,CASE-A,OK,Unknown,N/A,12
2025-10-07T02:00:23.000Z,0011,A07J25A0011,A07J25A0011,CASE-A,OK,Unknown,N/A,10
2025-10-07T01:32:19.000Z,0010,A07J25A0010,A07J25A0010,CASE-A,OK,Unknown,N/A,8
2025-10-07T01:28:53.000Z,0009,A07J25A0009,A07J25A0009,CASE-A,OK,Unknown,N/A,6
2025-10-07T01:18:58.000Z,0008,A07J25A0008,A07J25A0008,CASE-A,OK,Unknown,N/A,4
2025-10-07T00:45:40.000Z,0007,A07J25A0007,A07J25A0007,CASE-A,OK,Unknown,N/A,2
2025-10-06T23:42:25.000Z,0006,A07J25A0006,A07J25A0006,CASE-A,OK,Unknown,N/A,22
2025-10-06T23:15:56.000Z,0005,A07J25A0005,A07J25A0005,CASE-A,OK,Unknown,N/A,20
2025-10-06T23:02:40.000Z,0004,A07J25A0004,A07J25A0004,CASE-A,OK,Unknown,N/A,18
2025-10-06T22:39:46.000Z,0003,A07J25A0003,A07J25A0003,CASE-A,OK,Unknown,N/A,16
2025-10-06T22:36:24.000Z,0002,A07J25A0002,A07J25A0002,CASE-A,OK,Unknown,N/A,14
2025-10-06T22:12:07.000Z,0001,A07J25A0001,A07J25A0001,CASE-A,OK,Unknown,N/A,12
2025-10-06T05:50:48.000Z,0021,A06J25B0021,A06J25B0021,CASE-A,OK,Unknown,N/A,10
2025-10-06T05:42:21.000Z,0020,A06J25B0020,A06J25B0020,CASE-A,OK,Unknown,N/A,8
2025-10-06T01:53:38.000Z,0019,A06J25A0019,A06J25A0019,CASE-A,OK,Unknown,N/A,6
2025-10-06T01:49:34.000Z,0018,A06J25A0018,A06J25A0018,CASE-A,OK,Unknown,N/A,4
2025-10-06T00:50:00.000Z,0017,A06J25A0017,A06J25A0017,CASE-A,OK,Unknown,N/A,2
2025-10-06T00:02:09.000Z,0016,A06J25A0016,A06J25A0016,CASE-A,OK,Unknown,N/A,32
2025-10-05T23:46:52.000Z,0015,A06J25A0015,A06J25A0015,CASE-A,OK,Unknown,N/A,30
2025-10-05T23:17:52.000Z,0014,A06J25A0014,A06J25A0014,CASE-A,OK,Unknown,N/A,28
2025-10-05T23:08:00.000Z,0013,A06J25A0013,A06J25A0013,CASE-A,OK,Unknown,N/A,26
2025-10-05T22:59:51.000Z,0012,A06J25A0012,A06J25A0012,CASE-A,OK,Unknown,N/A,24
2025-10-05T22:49:55.000Z,0011,A06J25A0011,A06J25A0011,CASE-A,OK,Unknown,N/A,22
2025-10-05T22:34:02.000Z,0010,A06J25A0010,NG,CASE-A,NG,Unknown,N/A,20
2025-10-05T22:18:46.000Z,0009,A06J25A0009,A06J25A0009,CASE-A,OK,Unknown,N/A,18
2025-10-05T22:09:37.000Z,0008,A06J25A0008,A06J25A0008,CASE-A,OK,Unknown,N/A,16
2025-10-05T21:58:57.000Z,0007,A06J25A0007,A06J25A0007,CASE-A,OK,Unknown,N/A,14
2025-10-05T21:44:56.000Z,0006,A06J25A0006,A06J25A0006,CASE-A,OK,Unknown,N/A,12
2025-10-05T21:39:21.000Z,0005,A06J25A0005,A06J25A0005,CASE-A,OK,Unknown,N/A,10
2025-10-05T21:32:31.000Z,0004,A06J25A0004,A06J25A0004,CASE-A,OK,Unknown,N/A,8
2025-10-05T21:26:59.000Z,0003,A06J25A0003,A06J25A0003,CASE-A,OK,Unknown,N/A,6
2025-10-05T21:15:25.000Z,0002,A06J25A0002,A06J25A0002,CASE-A,OK,Unknown,N/A,4
2025-10-05T21:01:41.000Z,0001,A06J25A0001,A06J25A0001,CASE-A,OK,Unknown,N/A,2
2025-10-04T00:37:26.000Z,0010,A04J25A0010,A04J25A0010,CASE-A,OK,Unknown,N/A,2
2025-10-04T00:17:20.000Z,0009,A04J25A0009,A04J25A0009,CASE-A,OK,Unknown,N/A,18
2025-10-03T22:43:27.000Z,0008,A04J25A0008,A04J25A0008,CASE-A,OK,Unknown,N/A,16
2025-10-03T22:42:41.000Z,0007,A04J25A0007,A04J25A0007,CASE-A,OK,Unknown,N/A,14
2025-10-03T22:32:17.000Z,0006,A04J25A0006,A04J25A0006,CASE-A,OK,Unknown,N/A,12
2025-10-03T22:25:30.000Z,0005,A04J25A0005,A04J25A0005,CASE-A,OK,Unknown,N/A,10
2025-10-03T22:19:37.000Z,0004,A04J25A0004,A04J25A0004,CASE-A,OK,Unknown,N/A,8
2025-10-03T21:54:56.000Z,0003,A04J25A0003,A04J25A0003,CASE-A,OK,Unknown,N/A,6
2025-10-03T21:52:03.000Z,0002,A04J25A0002,A04J25A0002,CASE-A,OK,Unknown,N/A,4
2025-10-03T21:51:18.000Z,0001,A04J25A0001,A04J25A0001,CASE-A,OK,Unknown,N/A,2
2025-10-01T02:05:27.000Z,0005,A01J25A0005,A01J25A0005,CASE-A,OK,Unknown,N/A,10
2025-10-01T01:41:40.000Z,0004,A01J25A0004,A01J25A0004,CASE-A,OK,Unknown,N/A,8
2025-10-01T01:39:29.000Z,0003,A01J25A0003,A01J25A0003,CASE-A,OK,Unknown,N/A,6
2025-10-01T01:27:25.000Z,0002,A01J25A0002,A01J25A0002,CASE-A,OK,Unknown,N/A,4
2025-10-01T01:05:15.000Z,0001,A01J25A0001,A01J25A0001,CASE-A,OK,Unknown,N/A,2
2025-09-30T05:30:01.000Z,0006,A30I25B0006,A30I25B0006,CASE-A,OK,Unknown,N/A,12
2025-09-30T05:18:37.000Z,0005,A30I25B0005,A30I25B0005,CASE-A,OK,Unknown,N/A,10
2025-09-30T04:34:57.000Z,0004,A30I25B0004,A30I25B0004,CASE-A,OK,Unknown,N/A,8
2025-09-30T03:40:22.000Z,0003,A30I25B0003,A30I25B0003,CASE-A,OK,Unknown,N/A,6
2025-09-30T03:35:43.000Z,0002,A30I25B0002,A30I25B0002,CASE-A,OK,Unknown,N/A,4
2025-09-30T03:14:17.000Z,0001,A30I25B0001,A30I25B0001,CASE-A,OK,Unknown,N/A,2
2025-09-29T01:15:13.000Z,0007,A29I25A0007,A29I25A0007,CASE-A,OK,Unknown,N/A,10
2025-09-29T01:06:14.000Z,0006,A29I25A0006,A29I25A0006,CASE-A,OK,Unknown,N/A,8
2025-09-29T00:56:27.000Z,0005,A29I25A0005,A29I25A0005,CASE-A,OK,Unknown,N/A,6
2025-09-29T00:37:43.000Z,0004,A29I25A0004,A29I25A0004,CASE-A,OK,Unknown,N/A,4
2025-09-29T00:33:19.000Z,0003,A29I25A0003,A29I25A0003,CASE-A,OK,Unknown,N/A,2
2025-09-29T00:09:49.000Z,0002,A29I25A0002,A29I25A0002,CASE-A,OK,Unknown,N/A,4
2025-09-28T23:50:45.000Z,0001,A29I25A0001,A29I25A0001,CASE-A,OK,Unknown,N/A,2
2025-09-27T05:21:38.000Z,0001,A27I25B0001,A27I25B0001,CASE-A,OK,Unknown,N/A,2
2025-09-26T03:47:57.000Z,0009,A26I25B0009,A26I25B0009,CASE-A,OK,Unknown,N/A,8
2025-09-26T03:14:50.000Z,0008,A26I25B0008,A26I25B0008,CASE-A,OK,Unknown,N/A,6
2025-09-26T00:47:56.000Z,0007,A26I25A0007,A26I25A0007,CASE-A,OK,Unknown,N/A,4
2025-09-26T00:33:57.000Z,0006,A26I25A0006,A26I25A0006,CASE-A,OK,Unknown,N/A,2
2025-09-26T00:23:05.000Z,0005,A26I25A0005,A26I25A0005,CASE-A,OK,Unknown,N/A,38
2025-09-26T00:09:44.000Z,0004,A26I25A0004,A26I25A0004,CASE-A,OK,Unknown,N/A,36
2025-09-26T00:00:24.000Z,0003,A26I25A0003,A26I25A0003,CASE-A,OK,Unknown,N/A,34
2025-09-25T23:44:28.000Z,0002,A26I25A0002,A26I25A0002,CASE-A,OK,Unknown,N/A,32
2025-09-25T23:35:45.000Z,0001,A26I25A0001,A26I25A0001,CASE-A,OK,Unknown,N/A,30
2025-09-25T06:19:34.000Z,0016,A25I25B0016,A25I25B0016,CASE-A,OK,Unknown,N/A,28
2025-09-25T06:10:28.000Z,0015,A25I25B0015,A25I25B0015,CASE-A,OK,Unknown,N/A,26
2025-09-25T05:50:52.000Z,0014,A25I25B0014,A25I25B0014,CASE-A,OK,Unknown,N/A,24
2025-09-25T05:36:45.000Z,0013,A25I25B0013,A25I25B0013,CASE-A,OK,Unknown,N/A,22
2025-09-25T05:18:37.000Z,0012,A25I25B0012,A25I25B0012,CASE-A,OK,Unknown,N/A,20
2025-09-25T05:15:49.000Z,0011,A25I25B0011,NG,CASE-A,NG,Unknown,N/A,18
2025-09-25T04:59:29.000Z,0010,A25I25B0010,A25I25B0010,CASE-A,OK,Unknown,N/A,16
2025-09-25T04:51:09.000Z,0009,A25I25B0009,A25I25B0009,CASE-A,OK,Unknown,N/A,14
2025-09-25T04:38:13.000Z,0008,A25I25B0008,A25I25B0008,CASE-A,OK,Unknown,N/A,12
2025-09-25T04:36:48.000Z,0007,A25I25B0007,A25I25B0007,CASE-A,OK,Unknown,N/A,10
2025-09-25T04:25:45.000Z,0006,A25I25B0006,A25I25B0006,CASE-A,OK,Unknown,N/A,8
2025-09-25T04:25:21.000Z,0005,A25I25B0005,NG,CASE-A,NG,Unknown,N/A,6
2025-09-25T04:25:11.000Z,0004,A25I25B0004,N/A,CASE-A,NG,Unknown,N/A,4
2025-09-25T03:46:27.000Z,0003,A25I25B0003,A25I25B0003,CASE-A,OK,Unknown,N/A,2
2025-09-25T00:04:33.000Z,0002,A25I25A0002,A25I25A0002,CASE-A,OK,Unknown,N/A,14
2025-09-24T23:28:53.000Z,0001,A25I25A0001,A25I25A0001,CASE-A,OK,Unknown,N/A,12
2025-09-24T04:47:17.000Z,0005,A24I25B0005,A24I25B0005,CASE-A,OK,Unknown,N/A,10
2025-09-24T04:12:31.000Z,0004,A24I25B0004,A24I25B0004,CASE-A,OK,Unknown,N/A,8
2025-09-24T04:00:43.000Z,0003,A24I25B0003,A24I25B0003,CASE-A,OK,Unknown,N/A,6
2025-09-24T03:44:12.000Z,0002,A24I25B0002,A24I25B0002,CASE-A,OK,Unknown,N/A,4
2025-09-24T03:26:23.000Z,0001,A24I25B0001,A24I25B0001,CASE-A,OK,Unknown,N/A,2
2025-09-23T05:53:44.000Z,0005,A23I25B0005,A23I25B0005,CASE-A,OK,Unknown,N/A,10
2025-09-23T05:53:01.000Z,0004,A23I25B0004,NG,CASE-A,NG,Unknown,N/A,8
2025-09-23T04:40:29.000Z,0003,A23I25B0003,A23I25B0003,CASE-A,OK,Unknown,N/A,6
2025-09-23T02:59:19.000Z,0002,A23I25A0002,A23I25A0002,CASE-A,OK,Unknown,N/A,4
2025-09-23T02:58:06.000Z,0001,A23I25A0001,A23I25A0001,CASE-A,OK,Unknown,N/A,2
2025-09-15T05:21:19.000Z,0006,A15I25B0006,NG,CASE-A,NG,Unknown,N/A,12
2025-09-15T05:21:15.000Z,0005,A15I25B0005,N/A,CASE-A,NG,Unknown,N/A,10
2025-09-15T05:08:56.000Z,0004,A15I25B0004,NG,CASE-A,NG,Unknown,N/A,8
2025-09-15T05:05:03.000Z,0003,A15I25B0003,A15I25B0003,CASE-A,OK,Unknown,N/A,6
2025-09-15T04:35:31.000Z,0002,A15I25B0002,A15I25B0002,CASE-A,OK,Unknown,N/A,4
2025-09-15T04:33:14.000Z,0001,A15I25B0001,NG,CASE-A,NG,Unknown,N/A,2
2025-09-13T03:46:15.000Z,0011,A13I25B0011,A13I25B0011,CASE-A,OK,Unknown,N/A,8
2025-09-13T03:35:57.000Z,0010,A13I25B0010,A13I25B0010,CASE-A,OK,Unknown,N/A,6
2025-09-13T02:56:58.000Z,0009,A13I25A0009,A13I25A0009,CASE-A,OK,Unknown,N/A,4
2025-09-13T02:56:08.000Z,0008,A13I25A0008,N/A,CASE-A,NG,Unknown,N/A,2
2025-09-13T02:01:50.000Z,0007,A13I25A0007,A13I25A0007,CASE-A,OK,Unknown,N/A,14
2025-09-13T01:47:16.000Z,0006,A13I25A0006,A13I25A0006,CASE-A,OK,Unknown,N/A,12
2025-09-13T01:33:13.000Z,0005,A13I25A0005,A13I25A0005,CASE-A,OK,Unknown,N/A,10
2025-09-13T01:32:48.000Z,0004,A13I25A0004,NG,CASE-A,NG,Unknown,N/A,8
2025-09-13T01:26:23.000Z,0003,A13I25A0003,A13I25A0003,CASE-A,OK,Unknown,N/A,6
2025-09-13T01:25:25.000Z,0002,A13I25A0002,A13I25A0002,CASE-A,OK,Unknown,N/A,4
2025-09-13T01:20:44.000Z,0001,A13I25A0001,A13I25A0001,CASE-A,OK,Unknown,N/A,2
2025-09-02T05:11:22.000Z,0002,A02I25B0002,A02I25B0002,CASE-A,OK,Unknown,N/A,4
2025-09-02T05:08:39.000Z,0001,A02I25B0001,A02I25B0001,CASE-A,OK,Unknown,N/A,2
2025-08-30T04:51:49.000Z,0009,A30H25B0009,A30H25B0009,CASE-A,OK,Unknown,N/A,18
2025-08-30T04:35:37.000Z,0008,A30H25B0008,A30H25B0008,CASE-A,OK,Unknown,N/A,16
2025-08-30T04:18:34.000Z,0007,A30H25B0007,A30H25B0007,CASE-A,OK,Unknown,N/A,14
2025-08-30T01:59:34.000Z,0006,A30H25A0006,A30H25A0006,CASE-A,OK,Unknown,N/A,12
2025-08-30T01:58:31.000Z,0005,A30H25A0005,A30H25A0005,CASE-A,OK,Unknown,N/A,10
2025-08-30T01:44:18.000Z,0004,A30H25A0004,A30H25A0004,CASE-A,OK,Unknown,N/A,8
2025-08-30T01:06:33.000Z,0003,A30H25A0003,A30H25A0003,CASE-A,OK,Unknown,N/A,6
2025-08-30T00:42:23.000Z,0002,A30H25A0002,A30H25A0002,CASE-A,OK,Unknown,N/A,4
2025-08-30T00:20:13.000Z,0001,A30H25A0001,A30H25A0001,CASE-A,OK,Unknown,N/A,2
2025-08-26T03:04:27.000Z,0008,A26H25B0008,A26H25B0008,CASE-A,OK,Unknown,N/A,16
2025-08-26T02:44:07.000Z,0007,A26H25A0007,A26H25A0007,CASE-A,OK,Unknown,N/A,14
2025-08-26T01:49:44.000Z,0006,A26H25A0006,A26H25A0006,CASE-A,OK,Unknown,N/A,12
2025-08-26T01:43:02.000Z,0005,A26H25A0005,A26H25A0005,CASE-A,OK,Unknown,N/A,10
2025-08-26T01:37:31.000Z,0004,A26H25A0004,A26H25A0004,CASE-A,OK,Unknown,N/A,8
2025-08-26T00:53:51.000Z,0003,A26H25A0003,A26H25A0003,CASE-A,OK,Unknown,N/A,6
2025-08-26T00:43:17.000Z,0002,A26H25A0002,A26H25A0002,CASE-A,OK,Unknown,N/A,4
2025-08-26T00:02:37.000Z,0001,A26H25A0001,A26H25A0001,CASE-A,OK,Unknown,N/A,2
2025-08-25T03:26:57.000Z,0003,A25H25B0003,A25H25B0003,CASE-A,OK,Unknown,N/A,2
2025-08-25T01:28:51.000Z,0002,A25H25A0002,A25H25A0002,CASE-A,OK,Unknown,N/A,4
2025-08-25T00:08:43.000Z,0001,A25H25A0001,A25H25A0001,CASE-A,OK,Unknown,N/A,2
2025-08-22T04:23:20.000Z,0004,A22H25B0004,A22H25B0004,CASE-A,OK,Unknown,N/A,8
2025-08-22T04:13:41.000Z,0003,A22H25B0003,A22H25B0003,CASE-A,OK,Unknown,N/A,6
2025-08-22T04:01:21.000Z,0002,A22H25B0002,A22H25B0002,CASE-A,OK,Unknown,N/A,4
2025-08-22T03:57:13.000Z,0001,A22H25B0001,NG,CASE-A,NG,Unknown,N/A,2
2025-08-21T05:39:35.000Z,0009,A21H25B0009,A21H25B0009,CASE-A,OK,Unknown,N/A,18
2025-08-21T05:29:23.000Z,0008,A21H25B0008,A21H25B0008,CASE-A,OK,Unknown,N/A,16
2025-08-21T05:21:39.000Z,0007,A21H25B0007,A21H25B0007,CASE-A,OK,Unknown,N/A,14
2025-08-21T05:19:58.000Z,0006,A21H25B0006,A21H25B0006,CASE-A,OK,Unknown,N/A,12
2025-08-21T04:40:19.000Z,0005,A21H25B0005,A21H25B0005,CASE-A,OK,Unknown,N/A,10
2025-08-21T04:34:59.000Z,0004,A21H25B0004,A21H25B0004,CASE-A,OK,Unknown,N/A,8
2025-08-21T04:32:10.000Z,0003,A21H25B0003,A21H25B0003,CASE-A,OK,Unknown,N/A,6
2025-08-21T04:21:34.000Z,0002,A21H25B0002,A21H25B0002,CASE-A,OK,Unknown,N/A,4
2025-08-21T04:21:08.000Z,0001,A21H25B0001,NG,CASE-A,NG,Unknown,N/A,2
2025-08-19T03:51:18.000Z,0013,A19H25B0013,A19H25B0013,CASE-A,OK,Unknown,N/A,24
2025-08-19T03:46:01.000Z,0012,A19H25B0012,A19H25B0012,CASE-A,OK,Unknown,N/A,22
2025-08-19T03:41:40.000Z,0011,A19H25B0011,A19H25B0011,CASE-A,OK,Unknown,N/A,20
2025-08-19T03:41:05.000Z,0010,A19H25B0010,A19H25B0010,CASE-A,OK,Unknown,N/A,18
2025-08-19T03:40:18.000Z,0009,A19H25B0009,A19H25B0009,CASE-A,OK,Unknown,N/A,16
2025-08-19T03:39:54.000Z,0008,A19H25B0008,A19H25B0008,CASE-A,OK,Unknown,N/A,14
2025-08-19T03:39:28.000Z,0007,A19H25B0007,A19H25B0007,CASE-A,OK,Unknown,N/A,12
2025-08-19T03:39:02.000Z,0006,A19H25B0006,A19H25B0006,CASE-A,OK,Unknown,N/A,10
2025-08-19T03:38:16.000Z,0005,A19H25B0005,N/A,CASE-A,NG,Unknown,N/A,8
2025-08-19T03:37:59.000Z,0004,A19H25B0004,A19H25B0004,CASE-A,OK,Unknown,N/A,6
2025-08-19T03:33:03.000Z,0003,A19H25B0003,A19H25B0003,CASE-A,OK,Unknown,N/A,4
2025-08-19T03:32:37.000Z,0002,A19H25B0002,NG,CASE-A,NG,Unknown,N/A,2
2025-08-19T03:25:10.000Z,0001,A19H25B0001,A19H25B0001,CASE-A,OK,Unknown,N/A,2
2025-08-19T02:54:20.000Z,008,A19H25A008,A19H25A008,CASE-A,OK,Unknown,N/A,12
2025-08-19T02:53:11.000Z,007,A19H25A007,A19H25A007,CASE-A,OK,Unknown,N/A,10
2025-08-19T02:49:32.000Z,006,A19H25A006,A19H25A006,CASE-A,OK,Unknown,N/A,8
2025-08-19T02:49:04.000Z,005,A19H25A005,NG,CASE-A,NG,Unknown,N/A,6
2025-08-19T02:48:58.000Z,004,A19H25A004,N/A,CASE-A,NG,Unknown,N/A,4
2025-08-19T02:32:39.000Z,003,A19H25A003,A19H25A003,CASE-A,OK,Unknown,N/A,2
2025-08-19T02:04:06.000Z,002,A19H25A002,NG,CASE-A,NG,Unknown,N/A,4
2025-08-19T02:03:37.000Z,001,A19H25A001,NG,CASE-A,NG,Unknown,N/A,2
2025-08-19T02:02:38.000Z,011,A19H25A011,N/A,CASE-A,N/A,Unknown,N/A,1
2025-08-19T01:58:45.000Z,010,A19H25A010,A19H25A010,CASE-A,OK,Unknown,N/A,2
2025-08-19T01:35:51.000Z,009,A19H25A009,A19H25A009,CASE-A,OK,Unknown,N/A,6
2025-08-19T00:21:03.000Z,006,A190825A006,N/A,CASE-A,NG,Unknown,N/A,12
2025-08-19T00:07:08.000Z,005,A190825A005,N/A,CASE-A,NG,Unknown,N/A,10
2025-08-19T00:01:43.000Z,004,A190825A004,N/A,CASE-A,NG,Unknown,N/A,8
2025-08-19T00:01:27.000Z,003,A190825A003,N/A,CASE-A,NG,Unknown,N/A,6
2025-08-19T00:01:18.000Z,002,A190825A002,N/A,CASE-A,NG,Unknown,N/A,4
2025-08-19T00:00:20.000Z,001,A190825A001,NG,CASE-A,NG,Unknown,N/A,2
2025-07-08T02:15:41.000Z,006,080725A006,080725A006,CASE-A,OK,Unknown,N/A,12
2025-07-08T02:10:01.000Z,005,080725A005,NG,CASE-A,NG,Unknown,N/A,10
2025-07-08T02:09:21.000Z,004,080725A004,080725A004,CASE-A,OK,Unknown,N/A,8
2025-07-08T02:08:43.000Z,003,080725A003,080725A003,CASE-A,OK,Unknown,N/A,6
2025-07-08T02:07:14.000Z,002,080725A002,"080725A002,F",CASE-A,NG,Unknown,N/A,4
2025-07-08T02:05:53.000Z,001,080725A001,N/A,CASE-A,NG,Unknown,N/A,2
2025-07-01T06:30:58.000Z,003,010725B003,NG,CASE-A,NG,Unknown,N/A,6
2025-07-01T06:30:33.000Z,002,010725B002,N/A,CASE-A,NG,Unknown,N/A,4
2025-07-01T06:30:29.000Z,001,010725B001,N/A,CASE-A,NG,Unknown,N/A,2
2025-06-24T23:10:17.000Z,003,250625A003,250625A003,CASE-A,OK,Unknown,N/A,2
2025-06-24T22:45:04.000Z,002,250625A002,N/A,CASE-A,N/A,Unknown,N/A,3
2025-06-24T22:44:45.000Z,001,250625A001,N/A,CASE-A,NG,Unknown,N/A,2
2025-06-24T03:43:52.000Z,002,240625B002,N/A,CASE-A,NG,Unknown,N/A,4
2025-06-24T03:40:31.000Z,001,240625B001,NG,CASE-A,NG,Unknown,N/A,2
2025-06-23T06:21:17.000Z,004,230625B004,N/A,CASE-A,NG,Unknown,N/A,8
2025-06-23T06:20:08.000Z,003,230625B003,NG,CASE-A,NG,Unknown,N/A,6
2025-06-23T04:07:06.000Z,002,230625B002,NG,CASE-A,NG,Unknown,N/A,4
2025-06-23T04:06:42.000Z,001,230625B001,NG,CASE-A,NG,Unknown,N/A,2
2025-06-21T09:11:24.000Z,032,210625B032,NG,CASE-A,NG,Unknown,N/A,2
2025-06-21T08:14:43.000Z,031,210625B031,NG,CASE-A,NG,Unknown,N/A,14
2025-06-21T08:14:17.000Z,030,210625B030,N/A,CASE-A,NG,Unknown,N/A,12
2025-06-21T08:08:12.000Z,029,210625B029,NG,CASE-A,NG,Unknown,N/A,10
2025-06-21T07:34:32.000Z,028,210625B028,NG,CASE-A,NG,Unknown,N/A,8
2025-06-21T07:33:16.000Z,027,210625B027,NG,CASE-A,NG,Unknown,N/A,6
2025-06-21T07:32:31.000Z,026,210625B026,NG,CASE-A,NG,Unknown,N/A,4
2025-06-21T07:32:07.000Z,025,210625B025,NG,CASE-A,NG,Unknown,N/A,2
2025-06-21T07:14:33.000Z,024,210625B024,NG,CASE-A,NG,Unknown,N/A,28
2025-06-21T07:08:56.000Z,023,210625B023,NG,CASE-A,NG,Unknown,N/A,26
2025-06-21T07:08:33.000Z,022,210625B022,NG,CASE-A,NG,Unknown,N/A,24
2025-06-21T07:07:19.000Z,021,210625B021,NG,CASE-A,NG,Unknown,N/A,22
2025-06-21T07:04:43.000Z,020,210625B020,NG,CASE-A,NG,Unknown,N/A,20
2025-06-21T07:01:46.000Z,019,210625B019,NG,CASE-A,NG,Unknown,N/A,18
2025-06-21T06:59:23.000Z,018,210625B018,210625B018,CASE-A,OK,Unknown,N/A,16
2025-06-21T06:58:59.000Z,017,210625B017,NG,CASE-A,NG,Unknown,N/A,14
2025-06-21T06:58:43.000Z,016,210625B016,NG,CASE-A,NG,Unknown,N/A,12
2025-06-21T06:58:39.000Z,015,210625B015,N/A,CASE-A,NG,Unknown,N/A,10
2025-06-21T06:58:32.000Z,014,210625B014,N/A,CASE-A,NG,Unknown,N/A,8
2025-06-21T06:57:30.000Z,013,210625B013,NG,CASE-A,NG,Unknown,N/A,6
2025-06-21T06:55:21.000Z,012,210625B012,210625B012,CASE-A,OK,Unknown,N/A,4
2025-06-21T06:54:01.000Z,011,210625B011,210625B010,CASE-A,NG,Unknown,N/A,2
2025-06-21T06:51:27.000Z,010,210625B010,NG,CASE-A,NG,Unknown,N/A,18
2025-06-21T06:51:20.000Z,009,210625B009,N/A,CASE-A,NG,Unknown,N/A,16
2025-06-21T06:50:08.000Z,008,210625B008,NG,CASE-A,NG,Unknown,N/A,14
2025-06-21T06:49:14.000Z,007,210625B007,NG,CASE-A,NG,Unknown,N/A,12
2025-06-21T06:48:50.000Z,006,210625B006,NG,CASE-A,NG,Unknown,N/A,10
2025-06-21T06:48:26.000Z,005,210625B005,NG,CASE-A,NG,Unknown,N/A,8
2025-06-21T06:48:02.000Z,004,210625B004,NG,CASE-A,NG,Unknown,N/A,6
2025-06-21T06:47:39.000Z,003,210625B003,NG,CASE-A,NG,Unknown,N/A,4
2025-06-21T06:46:47.000Z,002,210625B002,NG,CASE-A,NG,Unknown,N/A,2
2025-06-21T06:10:46.000Z,001,210625A001,NG,CASE-A,NG,Unknown,N/A,4
