2024-10-25T03:35:44.272Z [info]: Processed line: 87397600804101298240081
2024-10-25T03:35:45.280Z [info]: Processing data from queue: 87397600804101298240081
2024-10-25T04:01:16.706Z [info]: Processed line: NG
2024-10-25T04:01:17.719Z [info]: Processing data from queue: NG
2024-10-25T04:01:30.410Z [info]: Processed line: NG
2024-10-25T04:01:31.413Z [info]: Processing data from queue: NG
2024-10-25T04:01:33.945Z [info]: Processed line: NG
2024-10-25T04:01:34.954Z [info]: Processing data from queue: NG
2024-10-25T04:08:07.565Z [info]: Processed line: NG
2024-10-25T04:08:08.573Z [info]: Processing data from queue: NG
2024-10-25T04:08:17.401Z [info]: Processed line: NG
2024-10-25T04:08:18.416Z [info]: Processing data from queue: NG
2024-10-25T04:08:19.201Z [info]: Processed line: NG
2024-10-25T04:08:20.204Z [info]: Processing data from queue: NG
2024-10-25T04:10:07.276Z [info]: Processed line: NG
2024-10-25T04:10:08.278Z [info]: Processing data from queue: NG
2024-10-25T04:10:18.279Z [info]: Processed line: NG
2024-10-25T04:10:19.289Z [info]: Processing data from queue: NG
2024-10-25T04:11:12.165Z [info]: Processed line: NG
2024-10-25T04:11:13.173Z [info]: Processing data from queue: NG
2024-10-25T04:11:23.194Z [info]: Processed line: 873976000704101299240006
2024-10-25T04:11:24.204Z [info]: Processing data from queue: 873976000704101299240006
2024-10-25T04:11:36.689Z [info]: Processed line: NG
2024-10-25T04:11:37.701Z [info]: Processing data from queue: NG
2024-10-25T04:11:47.255Z [info]: Processed line: 873976000704101299240007
2024-10-25T04:11:48.269Z [info]: Processing data from queue: 873976000704101299240007
2024-10-25T04:13:32.049Z [info]: Processed line: NG
2024-10-25T04:13:33.066Z [info]: Processing data from queue: NG
2024-10-25T04:13:42.387Z [info]: Processed line: 873976000704101299240008
2024-10-25T04:13:43.392Z [info]: Processing data from queue: 873976000704101299240008
2024-10-25T04:14:00.012Z [info]: Processed line: NG
2024-10-25T04:14:01.020Z [info]: Processing data from queue: NG
2024-10-25T04:14:11.102Z [info]: Processed line: 873976000704101299240009
2024-10-25T04:14:12.110Z [info]: Processing data from queue: 873976000704101299240009
2024-10-25T04:14:32.738Z [info]: Processed line: NG
2024-10-25T04:14:33.748Z [info]: Processing data from queue: NG
2024-10-25T04:14:43.000Z [info]: Processed line: 873976000704101299240010
2024-10-25T04:14:44.007Z [info]: Processing data from queue: 873976000704101299240010
2024-10-25T04:15:08.353Z [info]: Processed line: NG
2024-10-25T04:15:09.360Z [info]: Processing data from queue: NG
2024-10-25T04:15:19.482Z [info]: Processed line: 873976000704101299240011
2024-10-25T04:15:20.483Z [info]: Processing data from queue: 873976000704101299240011
2024-10-25T04:16:29.464Z [info]: Processed line: NG
2024-10-25T04:16:30.480Z [info]: Processing data from queue: NG
2024-10-25T04:16:39.844Z [info]: Processed line: 873976000704101299240012
2024-10-25T04:16:40.858Z [info]: Processing data from queue: 873976000704101299240012
2024-10-25T04:17:24.885Z [info]: Processed line: NG
2024-10-25T04:17:25.892Z [info]: Processing data from queue: NG
2024-10-25T04:17:38.639Z [info]: Processed line: NG
2024-10-25T04:17:39.645Z [info]: Processing data from queue: NG
2024-10-25T04:17:42.156Z [info]: Processed line: NG
2024-10-25T04:17:43.157Z [info]: Processing data from queue: NG
2024-10-25T04:17:48.033Z [info]: Processed line: 873976000704101299240013
2024-10-25T04:17:49.045Z [info]: Processing data from queue: 873976000704101299240013
2024-10-25T04:17:49.426Z [info]: Processed line: 873976000704101299240013
2024-10-25T04:17:50.430Z [info]: Processing data from queue: 873976000704101299240013
2024-10-25T04:18:16.438Z [info]: Processed line: NG
2024-10-25T04:18:17.450Z [info]: Processing data from queue: NG
2024-10-25T04:18:26.774Z [info]: Processed line: 873976000704101299240015
2024-10-25T04:18:27.775Z [info]: Processing data from queue: 873976000704101299240015
2024-10-25T04:18:40.411Z [info]: Processed line: NG
2024-10-25T04:18:41.427Z [info]: Processing data from queue: NG
2024-10-25T04:18:50.989Z [info]: Processed line: 873976000704101299240016
2024-10-25T04:18:51.999Z [info]: Processing data from queue: 873976000704101299240016
2024-10-25T04:19:04.473Z [info]: Processed line: NG
2024-10-25T04:19:05.480Z [info]: Processing data from queue: NG
2024-10-25T04:19:14.713Z [info]: Processed line: 873976000704101299240017
2024-10-25T04:19:15.722Z [info]: Processing data from queue: 873976000704101299240017
2024-10-25T04:19:44.601Z [info]: Processed line: NG
2024-10-25T04:19:45.610Z [info]: Processing data from queue: NG
2024-10-25T04:19:58.772Z [info]: Processed line: NG
2024-10-25T04:19:59.784Z [info]: Processing data from queue: NG
2024-10-25T04:20:00.863Z [info]: Processed line: 873976000704101299240018
2024-10-25T04:20:01.878Z [info]: Processing data from queue: 873976000704101299240018
2024-10-25T04:20:40.022Z [info]: Processed line: NG
2024-10-25T04:20:41.027Z [info]: Processing data from queue: NG
2024-10-25T04:20:51.522Z [info]: Processed line: 873976000704101299240019
2024-10-25T04:20:52.528Z [info]: Processing data from queue: 873976000704101299240019
2024-10-25T04:21:15.037Z [info]: Processed line: NG
2024-10-25T04:21:16.039Z [info]: Processing data from queue: NG
2024-10-25T04:21:25.819Z [info]: Processed line: 873976000704101299240020
2024-10-25T04:21:26.830Z [info]: Processing data from queue: 873976000704101299240020
2024-10-25T04:21:43.061Z [info]: Processed line: NG
2024-10-25T04:21:44.069Z [info]: Processing data from queue: NG
2024-10-25T04:21:57.199Z [info]: Processed line: NG
2024-10-25T04:21:58.213Z [info]: Processing data from queue: NG
2024-10-25T04:22:00.817Z [info]: Processed line: NG
2024-10-25T04:22:01.825Z [info]: Processing data from queue: NG
2024-10-25T04:22:34.998Z [info]: Processed line: NG
2024-10-25T04:22:36.012Z [info]: Processing data from queue: NG
2024-10-25T04:22:46.749Z [info]: Processed line: 873976000704101299240023
2024-10-25T04:22:47.755Z [info]: Processing data from queue: 873976000704101299240023
2024-10-25T04:23:03.073Z [info]: Processed line: NG
2024-10-25T04:23:04.086Z [info]: Processing data from queue: NG
2024-10-25T04:23:16.630Z [info]: Processed line: 873976000704101299240024
2024-10-25T04:23:17.633Z [info]: Processing data from queue: 873976000704101299240024
2024-10-25T04:23:56.308Z [info]: Processed line: NG
2024-10-25T04:23:57.319Z [info]: Processing data from queue: NG
2024-10-25T04:24:07.351Z [info]: Processed line: 873976000704101299240025
2024-10-25T04:24:08.366Z [info]: Processing data from queue: 873976000704101299240025
2024-10-25T04:24:22.270Z [info]: Processed line: NG
2024-10-25T04:24:23.282Z [info]: Processing data from queue: NG
2024-10-25T04:24:34.061Z [info]: Processed line: 873976000704101299240026
2024-10-25T04:24:35.063Z [info]: Processing data from queue: 873976000704101299240026
2024-10-25T04:24:48.494Z [info]: Processed line: NG
2024-10-25T04:24:49.496Z [info]: Processing data from queue: NG
2024-10-25T04:24:59.150Z [info]: Processed line: 873976000704101299240027
2024-10-25T04:25:00.153Z [info]: Processing data from queue: 873976000704101299240027
2024-10-25T04:25:13.522Z [info]: Processed line: NG
2024-10-25T04:25:14.527Z [info]: Processing data from queue: NG
2024-10-25T04:25:27.592Z [info]: Processed line: NG
2024-10-25T04:25:28.597Z [info]: Processing data from queue: NG
2024-10-25T04:25:31.143Z [info]: Processed line: NG
2024-10-25T04:25:32.158Z [info]: Processing data from queue: NG
2024-10-25T04:25:56.767Z [info]: Processed line: NG
2024-10-25T04:25:57.775Z [info]: Processing data from queue: NG
2024-10-25T04:26:07.892Z [info]: Processed line: 873976000704101299240030
2024-10-25T04:26:08.894Z [info]: Processing data from queue: 873976000704101299240030
2024-10-25T04:26:47.285Z [info]: Processed line: NG
2024-10-25T04:26:48.291Z [info]: Processing data from queue: NG
2024-10-25T04:26:58.767Z [info]: Processed line: 873976000704101299240031
2024-10-25T04:26:59.769Z [info]: Processing data from queue: 873976000704101299240031
2024-10-25T04:27:19.799Z [info]: Processed line: NG
2024-10-25T04:27:20.807Z [info]: Processing data from queue: NG
2024-10-25T04:27:30.272Z [info]: Processed line: 873976000704101299240032
2024-10-25T04:27:31.285Z [info]: Processing data from queue: 873976000704101299240032
2024-10-25T04:28:57.130Z [info]: Processed line: NG
2024-10-25T04:28:58.141Z [info]: Processing data from queue: NG
2024-10-25T04:29:08.138Z [info]: Processed line: 873976000704101299240033
2024-10-25T04:29:09.140Z [info]: Processing data from queue: 873976000704101299240033
2024-10-25T04:29:21.707Z [info]: Processed line: NG
2024-10-25T04:29:22.717Z [info]: Processing data from queue: NG
2024-10-25T04:29:32.912Z [info]: Processed line: 873976000704101299240034
2024-10-25T04:29:33.925Z [info]: Processing data from queue: 873976000704101299240034
2024-10-25T04:29:48.081Z [info]: Processed line: NG
2024-10-25T04:29:49.095Z [info]: Processing data from queue: NG
2024-10-25T04:29:58.320Z [info]: Processed line: 873976000704101299240035
2024-10-25T04:29:59.336Z [info]: Processing data from queue: 873976000704101299240035
2024-10-25T04:30:16.694Z [info]: Processed line: NG
2024-10-25T04:30:17.699Z [info]: Processing data from queue: NG
2024-10-25T04:30:30.047Z [info]: Processed line: NG
2024-10-25T04:30:31.051Z [info]: Processing data from queue: NG
2024-10-25T04:30:33.648Z [info]: Processed line: NG
2024-10-25T04:30:34.665Z [info]: Processing data from queue: NG
2024-10-25T04:30:50.670Z [info]: Processed line: NG
2024-10-25T04:30:51.673Z [info]: Processing data from queue: NG
2024-10-25T04:31:01.166Z [info]: Processed line: 873976000704101299240038
2024-10-25T04:31:02.170Z [info]: Processing data from queue: 873976000704101299240038
2024-10-25T04:31:14.781Z [info]: Processed line: NG
2024-10-25T04:31:15.796Z [info]: Processing data from queue: NG
2024-10-25T04:31:25.450Z [info]: Processed line: 873976000704101299240039
2024-10-25T04:31:26.465Z [info]: Processing data from queue: 873976000704101299240039
2024-10-25T04:31:39.954Z [info]: Processed line: NG
2024-10-25T04:31:40.959Z [info]: Processing data from queue: NG
2024-10-25T04:31:50.508Z [info]: Processed line: 873976000704101299240040
2024-10-25T04:31:51.519Z [info]: Processing data from queue: 873976000704101299240040
2024-10-25T04:32:05.762Z [info]: Processed line: NG
2024-10-25T04:32:06.772Z [info]: Processing data from queue: NG
2024-10-25T04:32:16.614Z [info]: Processed line: 873976000704101299240041
2024-10-25T04:32:17.626Z [info]: Processing data from queue: 873976000704101299240041
2024-10-25T04:32:30.189Z [info]: Processed line: NG
2024-10-25T04:32:31.203Z [info]: Processing data from queue: NG
2024-10-25T04:32:40.840Z [info]: Processed line: 873976000704101299240042
2024-10-25T04:32:41.848Z [info]: Processing data from queue: 873976000704101299240042
2024-10-25T04:32:55.296Z [info]: Processed line: NG
2024-10-25T04:32:56.309Z [info]: Processing data from queue: NG
2024-10-25T04:33:06.060Z [info]: Processed line: 873976000704101299240043
2024-10-25T04:33:07.066Z [info]: Processing data from queue: 873976000704101299240043
2024-10-25T04:33:21.074Z [info]: Processed line: NG
2024-10-25T04:33:22.090Z [info]: Processing data from queue: NG
2024-10-25T04:33:31.507Z [info]: Processed line: 873976000704101299240044
2024-10-25T04:33:32.508Z [info]: Processing data from queue: 873976000704101299240044
2024-10-25T04:33:47.982Z [info]: Processed line: NG
2024-10-25T04:33:48.988Z [info]: Processing data from queue: NG
2024-10-25T04:33:59.117Z [info]: Processed line: 873976000704101299240045
2024-10-25T04:34:00.130Z [info]: Processing data from queue: 873976000704101299240045
2024-10-25T04:34:23.280Z [info]: Processed line: NG
2024-10-25T04:34:24.289Z [info]: Processing data from queue: NG
2024-10-25T04:34:34.152Z [info]: Processed line: 873976000704101299240046
2024-10-25T04:34:35.168Z [info]: Processing data from queue: 873976000704101299240046
2024-10-25T04:34:50.353Z [info]: Processed line: NG
2024-10-25T04:34:51.362Z [info]: Processing data from queue: NG
2024-10-25T04:35:01.820Z [info]: Processed line: 873976000704101299240047
2024-10-25T04:35:02.832Z [info]: Processing data from queue: 873976000704101299240047
2024-10-25T04:35:19.232Z [info]: Processed line: NG
2024-10-25T04:35:20.247Z [info]: Processing data from queue: NG
2024-10-25T04:35:33.303Z [info]: Processed line: NG
2024-10-25T04:35:34.312Z [info]: Processing data from queue: NG
2024-10-25T04:35:36.183Z [info]: Processed line: 873976000704101299240048
2024-10-25T04:35:37.190Z [info]: Processing data from queue: 873976000704101299240048
2024-10-25T04:35:50.057Z [info]: Processed line: NG
2024-10-25T04:35:51.069Z [info]: Processing data from queue: NG
2024-10-25T04:36:01.041Z [info]: Processed line: 873976000704101299240049
2024-10-25T04:36:02.054Z [info]: Processing data from queue: 873976000704101299240049
2024-10-25T04:36:19.420Z [info]: Processed line: NG
2024-10-25T04:36:20.431Z [info]: Processing data from queue: NG
2024-10-25T04:36:29.654Z [info]: Processed line: 873976000704101299240050
2024-10-25T04:36:30.664Z [info]: Processing data from queue: 873976000704101299240050
2024-10-25T04:36:45.660Z [info]: Processed line: NG
2024-10-25T04:36:46.665Z [info]: Processing data from queue: NG
2024-10-25T04:36:57.694Z [info]: Processed line: 873976000704101299240051
2024-10-25T04:36:58.702Z [info]: Processing data from queue: 873976000704101299240051
2024-10-25T04:37:12.588Z [info]: Processed line: NG
2024-10-25T04:37:13.593Z [info]: Processing data from queue: NG
2024-10-25T04:37:26.009Z [info]: Processed line: NG
2024-10-25T04:37:27.012Z [info]: Processing data from queue: NG
2024-10-25T04:37:29.443Z [info]: Processed line: NG
2024-10-25T04:37:30.446Z [info]: Processing data from queue: NG
2024-10-25T04:37:48.782Z [info]: Processed line: NG
2024-10-25T04:37:49.789Z [info]: Processing data from queue: NG
2024-10-25T04:37:59.099Z [info]: Processed line: 873976000704101299240054
2024-10-25T04:38:00.113Z [info]: Processing data from queue: 873976000704101299240054
2024-10-25T04:38:28.715Z [info]: Processed line: NG
2024-10-25T04:38:29.723Z [info]: Processing data from queue: NG
2024-10-25T04:38:39.392Z [info]: Processed line: 873976000704101299240055
2024-10-25T04:38:40.406Z [info]: Processing data from queue: 873976000704101299240055
2024-10-25T04:38:56.505Z [info]: Processed line: NG
2024-10-25T04:38:57.515Z [info]: Processing data from queue: NG
2024-10-25T04:39:07.392Z [info]: Processed line: 873976000704101299240056
2024-10-25T04:39:08.407Z [info]: Processing data from queue: 873976000704101299240056
2024-10-25T04:39:23.317Z [info]: Processed line: NG
2024-10-25T04:39:24.330Z [info]: Processing data from queue: NG
2024-10-25T04:39:34.851Z [info]: Processed line: 873976000704101299240057
2024-10-25T04:39:35.866Z [info]: Processing data from queue: 873976000704101299240057
2024-10-25T04:39:51.391Z [info]: Processed line: NG
2024-10-25T04:39:52.408Z [info]: Processing data from queue: NG
2024-10-25T04:40:02.063Z [info]: Processed line: 873976000704101299240058
2024-10-25T04:40:03.075Z [info]: Processing data from queue: 873976000704101299240058
2024-10-25T04:59:15.261Z [info]: Processed line: NG
2024-10-25T04:59:16.267Z [info]: Processing data from queue: NG
2024-10-25T04:59:26.137Z [info]: Processed line: 873976000704101299240059
2024-10-25T04:59:27.148Z [info]: Processing data from queue: 873976000704101299240059
2024-10-25T04:59:47.207Z [info]: Processed line: NG
2024-10-25T04:59:48.213Z [info]: Processing data from queue: NG
2024-10-25T04:59:57.779Z [info]: Processed line: 873976000704101299240060
2024-10-25T04:59:58.789Z [info]: Processing data from queue: 873976000704101299240060
2024-10-25T05:00:12.363Z [info]: Processed line: NG
2024-10-25T05:00:13.371Z [info]: Processing data from queue: NG
2024-10-25T05:00:23.680Z [info]: Processed line: 873976000704101299240061
2024-10-25T05:00:24.693Z [info]: Processing data from queue: 873976000704101299240061
2024-10-25T05:00:37.823Z [info]: Processed line: NG
2024-10-25T05:00:38.824Z [info]: Processing data from queue: NG
2024-10-25T05:00:48.511Z [info]: Processed line: 873976000704101299240062
2024-10-25T05:00:49.519Z [info]: Processing data from queue: 873976000704101299240062
2024-10-25T05:03:51.352Z [info]: Processed line: NG
2024-10-25T05:03:52.369Z [info]: Processing data from queue: NG
2024-10-25T05:04:01.912Z [info]: Processed line: 873976000704101299240063
2024-10-25T05:04:02.922Z [info]: Processing data from queue: 873976000704101299240063
2024-10-25T05:04:19.860Z [info]: Processed line: NG
2024-10-25T05:04:20.867Z [info]: Processing data from queue: NG
2024-10-25T05:04:30.961Z [info]: Processed line: 873976000704101299240064
2024-10-25T05:04:31.977Z [info]: Processing data from queue: 873976000704101299240064
2024-10-25T05:04:45.236Z [info]: Processed line: NG
2024-10-25T05:04:46.242Z [info]: Processing data from queue: NG
2024-10-25T05:04:56.752Z [info]: Processed line: 873976000704101299240065
2024-10-25T05:04:57.766Z [info]: Processing data from queue: 873976000704101299240065
2024-10-25T05:05:17.713Z [info]: Processed line: NG
2024-10-25T05:05:18.718Z [info]: Processing data from queue: NG
2024-10-25T05:05:29.131Z [info]: Processed line: 873976000704101299240066
2024-10-25T05:05:30.143Z [info]: Processing data from queue: 873976000704101299240066
2024-10-25T05:05:46.256Z [info]: Processed line: NG
2024-10-25T05:05:47.274Z [info]: Processing data from queue: NG
2024-10-25T05:05:56.582Z [info]: Processed line: 873976000704101299240067
2024-10-25T05:05:57.584Z [info]: Processing data from queue: 873976000704101299240067
2024-10-25T05:06:14.614Z [info]: Processed line: NG
2024-10-25T05:06:15.629Z [info]: Processing data from queue: NG
2024-10-25T05:06:25.743Z [info]: Processed line: 873976000704101299240068
2024-10-25T05:06:26.751Z [info]: Processing data from queue: 873976000704101299240068
2024-10-25T05:06:40.008Z [info]: Processed line: NG
2024-10-25T05:06:41.021Z [info]: Processing data from queue: NG
2024-10-25T05:06:50.569Z [info]: Processed line: 873976000704101299240069
2024-10-25T05:06:51.575Z [info]: Processing data from queue: 873976000704101299240069
2024-10-25T05:07:05.865Z [info]: Processed line: NG
2024-10-25T05:07:06.868Z [info]: Processing data from queue: NG
2024-10-25T05:07:16.654Z [info]: Processed line: 873976000704101299240070
2024-10-25T05:07:17.655Z [info]: Processing data from queue: 873976000704101299240070
2024-10-25T05:07:31.541Z [info]: Processed line: NG
2024-10-25T05:07:32.548Z [info]: Processing data from queue: NG
2024-10-25T05:07:42.591Z [info]: Processed line: 873976000704101299240071
2024-10-25T05:07:43.608Z [info]: Processing data from queue: 873976000704101299240071
2024-10-25T05:07:59.083Z [info]: Processed line: NG
2024-10-25T05:08:00.088Z [info]: Processing data from queue: NG
2024-10-25T05:08:09.972Z [info]: Processed line: 873976000704101299240072
2024-10-25T05:08:10.986Z [info]: Processing data from queue: 873976000704101299240072
2024-10-25T05:09:01.719Z [info]: Processed line: NG
2024-10-25T05:09:02.727Z [info]: Processing data from queue: NG
2024-10-25T05:09:12.621Z [info]: Processed line: 873976000704101299240073
2024-10-25T05:09:13.624Z [info]: Processing data from queue: 873976000704101299240073
2024-10-25T05:09:31.330Z [info]: Processed line: NG
2024-10-25T05:09:32.342Z [info]: Processing data from queue: NG
2024-10-25T05:09:42.150Z [info]: Processed line: 873976000704101299240074
2024-10-25T05:09:43.157Z [info]: Processing data from queue: 873976000704101299240074
2024-10-25T05:09:57.805Z [info]: Processed line: NG
2024-10-25T05:09:58.817Z [info]: Processing data from queue: NG
2024-10-25T05:10:08.355Z [info]: Processed line: 873976000704101299240075
2024-10-25T05:10:09.367Z [info]: Processing data from queue: 873976000704101299240075
2024-10-25T05:10:23.028Z [info]: Processed line: NG
2024-10-25T05:10:24.037Z [info]: Processing data from queue: NG
2024-10-25T05:10:33.815Z [info]: Processed line: 873976000704101299240076
2024-10-25T05:10:34.826Z [info]: Processing data from queue: 873976000704101299240076
2024-10-25T05:10:48.305Z [info]: Processed line: NG
2024-10-25T05:10:49.313Z [info]: Processing data from queue: NG
2024-10-25T05:10:59.196Z [info]: Processed line: 873976000704101299240077
2024-10-25T05:11:00.211Z [info]: Processing data from queue: 873976000704101299240077
2024-10-25T05:11:22.664Z [info]: Processed line: NG
2024-10-25T05:11:23.669Z [info]: Processing data from queue: NG
2024-10-25T05:11:33.551Z [info]: Processed line: 873976000704101299240078
2024-10-25T05:11:34.564Z [info]: Processing data from queue: 873976000704101299240078
2024-10-25T05:12:17.465Z [info]: Processed line: NG
2024-10-25T05:12:18.471Z [info]: Processing data from queue: NG
2024-10-25T05:12:28.143Z [info]: Processed line: 873976000704101299240079
2024-10-25T05:12:29.146Z [info]: Processing data from queue: 873976000704101299240079
2024-10-25T05:12:47.109Z [info]: Processed line: NG
2024-10-25T05:12:48.122Z [info]: Processing data from queue: NG
2024-10-25T05:12:57.799Z [info]: Processed line: 873976000704101299240080
2024-10-25T05:12:58.802Z [info]: Processing data from queue: 873976000704101299240080
2024-10-25T05:13:13.833Z [info]: Processed line: NG
2024-10-25T05:13:14.845Z [info]: Processing data from queue: NG
2024-10-25T05:13:24.513Z [info]: Processed line: 873976000704101299240081
2024-10-25T05:13:25.516Z [info]: Processing data from queue: 873976000704101299240081
2024-10-25T05:13:39.076Z [info]: Processed line: NG
2024-10-25T05:13:40.084Z [info]: Processing data from queue: NG
2024-10-25T05:13:50.260Z [info]: Processed line: 873976000704101299240082
2024-10-25T05:13:51.275Z [info]: Processing data from queue: 873976000704101299240082
2024-10-25T05:14:11.336Z [info]: Processed line: NG
2024-10-25T05:14:12.341Z [info]: Processing data from queue: NG
2024-10-25T05:14:24.722Z [info]: Processed line: NG
2024-10-25T05:14:25.734Z [info]: Processing data from queue: NG
2024-10-25T05:14:28.273Z [info]: Processed line: NG
2024-10-25T05:14:29.282Z [info]: Processing data from queue: NG
2024-10-25T05:14:50.099Z [info]: Processed line: NG
2024-10-25T05:14:51.111Z [info]: Processing data from queue: NG
2024-10-25T05:15:03.853Z [info]: Processed line: NG
2024-10-25T05:15:04.864Z [info]: Processing data from queue: NG
2024-10-25T05:15:07.404Z [info]: Processed line: NG
2024-10-25T05:15:08.419Z [info]: Processing data from queue: NG
2024-10-25T05:15:31.210Z [info]: Processed line: NG
2024-10-25T05:15:32.216Z [info]: Processing data from queue: NG
2024-10-25T05:15:41.880Z [info]: Processed line: 873976000704101299240087
2024-10-25T05:15:42.884Z [info]: Processing data from queue: 873976000704101299240087
2024-10-25T05:16:02.455Z [info]: Processed line: NG
2024-10-25T05:16:03.468Z [info]: Processing data from queue: NG
2024-10-25T05:16:13.555Z [info]: Processed line: 873976000704101299240088
2024-10-25T05:16:14.562Z [info]: Processing data from queue: 873976000704101299240088
2024-10-25T05:16:28.728Z [info]: Processed line: NG
2024-10-25T05:16:29.733Z [info]: Processing data from queue: NG
2024-10-25T05:16:39.344Z [info]: Processed line: 873976000704101299240089
2024-10-25T05:16:40.356Z [info]: Processing data from queue: 873976000704101299240089
2024-10-25T05:16:52.838Z [info]: Processed line: NG
2024-10-25T05:16:53.843Z [info]: Processing data from queue: NG
2024-10-25T05:17:02.988Z [info]: Processed line: 873976000704101299240090
2024-10-25T05:17:03.995Z [info]: Processing data from queue: 873976000704101299240090
2024-10-25T05:17:17.478Z [info]: Processed line: NG
2024-10-25T05:17:18.486Z [info]: Processing data from queue: NG
2024-10-25T05:17:28.360Z [info]: Processed line: 873976000704101299240091
2024-10-25T05:17:29.374Z [info]: Processing data from queue: 873976000704101299240091
2024-10-25T05:17:44.704Z [info]: Processed line: NG
2024-10-25T05:17:45.715Z [info]: Processing data from queue: NG
2024-10-25T05:17:56.026Z [info]: Processed line: 873976000704101299240092
2024-10-25T05:17:57.031Z [info]: Processing data from queue: 873976000704101299240092
2024-10-25T05:18:11.229Z [info]: Processed line: NG
2024-10-25T05:18:12.236Z [info]: Processing data from queue: NG
2024-10-25T05:18:22.362Z [info]: Processed line: 873976000704101299240093
2024-10-25T05:18:23.365Z [info]: Processing data from queue: 873976000704101299240093
2024-10-25T05:20:16.718Z [info]: Processed line: NG
2024-10-25T05:20:17.731Z [info]: Processing data from queue: NG
2024-10-25T05:20:26.700Z [info]: Processed line: 873976000704101299240094
2024-10-25T05:20:27.705Z [info]: Processing data from queue: 873976000704101299240094
2024-10-25T05:21:03.867Z [info]: Processed line: NG
2024-10-25T05:21:04.877Z [info]: Processing data from queue: NG
2024-10-25T05:21:15.101Z [info]: Processed line: 873976000704101299240095
2024-10-25T05:21:16.105Z [info]: Processing data from queue: 873976000704101299240095
2024-10-25T05:21:34.842Z [info]: Processed line: NG
2024-10-25T05:21:35.860Z [info]: Processing data from queue: NG
2024-10-25T05:21:45.024Z [info]: Processed line: 873976000704101299240096
2024-10-25T05:21:46.030Z [info]: Processing data from queue: 873976000704101299240096
2024-10-25T05:28:35.109Z [info]: Processed line: NG
2024-10-25T05:28:36.121Z [info]: Processing data from queue: NG
2024-10-25T05:28:46.320Z [info]: Processed line: 873976000704101299240097
2024-10-25T05:28:47.329Z [info]: Processing data from queue: 873976000704101299240097
2024-10-25T05:28:59.935Z [info]: Processed line: NG
2024-10-25T05:29:00.951Z [info]: Processing data from queue: NG
2024-10-25T05:29:11.441Z [info]: Processed line: 873976000704101299240098
2024-10-25T05:29:12.444Z [info]: Processing data from queue: 873976000704101299240098
2024-10-25T05:29:25.059Z [info]: Processed line: NG
2024-10-25T05:29:26.063Z [info]: Processing data from queue: NG
2024-10-25T05:29:38.379Z [info]: Processed line: NG
2024-10-25T05:29:39.382Z [info]: Processing data from queue: NG
2024-10-25T05:29:41.849Z [info]: Processed line: NG
2024-10-25T05:29:42.858Z [info]: Processing data from queue: NG
2024-10-25T05:30:05.122Z [info]: Processed line: NG
2024-10-25T05:30:06.139Z [info]: Processing data from queue: NG
2024-10-25T05:30:15.929Z [info]: Processed line: 873976000704101299240101
2024-10-25T05:30:16.939Z [info]: Processing data from queue: 873976000704101299240101
2024-10-25T05:30:29.729Z [info]: Processed line: NG
2024-10-25T05:30:30.742Z [info]: Processing data from queue: NG
2024-10-25T05:30:41.464Z [info]: Processed line: 873976000704101299240102
2024-10-25T05:30:42.473Z [info]: Processing data from queue: 873976000704101299240102
2024-10-25T05:30:55.105Z [info]: Processed line: NG
2024-10-25T05:30:56.106Z [info]: Processing data from queue: NG
2024-10-25T05:31:06.006Z [info]: Processed line: 873976000704101299240103
2024-10-25T05:31:07.010Z [info]: Processing data from queue: 873976000704101299240103
2024-10-25T05:31:19.545Z [info]: Processed line: NG
2024-10-25T05:31:20.555Z [info]: Processing data from queue: NG
2024-10-25T05:31:30.778Z [info]: Processed line: 873976000704101299240104
2024-10-25T05:31:31.782Z [info]: Processing data from queue: 873976000704101299240104
2024-10-25T05:31:52.872Z [info]: Processed line: NG
2024-10-25T05:31:53.886Z [info]: Processing data from queue: NG
2024-10-25T05:32:03.535Z [info]: Processed line: 873976000704101299240105
2024-10-25T05:32:04.540Z [info]: Processing data from queue: 873976000704101299240105
2024-10-25T05:32:22.831Z [info]: Processed line: NG
2024-10-25T05:32:23.832Z [info]: Processing data from queue: NG
2024-10-25T05:32:33.980Z [info]: Processed line: 873976000704101299240106
2024-10-25T05:32:34.990Z [info]: Processing data from queue: 873976000704101299240106
2024-10-25T05:32:48.691Z [info]: Processed line: NG
2024-10-25T05:32:49.707Z [info]: Processing data from queue: NG
2024-10-25T05:32:59.462Z [info]: Processed line: 873976000704101299240107
2024-10-25T05:33:00.472Z [info]: Processing data from queue: 873976000704101299240107
2024-10-25T05:33:12.931Z [info]: Processed line: NG
2024-10-25T05:33:13.932Z [info]: Processing data from queue: NG
2024-10-25T05:33:23.817Z [info]: Processed line: 873976000704101299240108
2024-10-25T05:33:24.830Z [info]: Processing data from queue: 873976000704101299240108
2024-10-25T05:33:41.122Z [info]: Processed line: NG
2024-10-25T05:33:42.134Z [info]: Processing data from queue: NG
2024-10-25T05:33:52.228Z [info]: Processed line: 873976000704101299240109
2024-10-25T05:33:53.234Z [info]: Processing data from queue: 873976000704101299240109
2024-10-25T05:40:09.060Z [info]: Processed line: 873976000704101299240083
2024-10-25T05:40:10.073Z [info]: Processing data from queue: 873976000704101299240083
2024-10-25T05:40:10.302Z [info]: Processed line: 873976000704101299240083
2024-10-25T05:40:11.305Z [info]: Processing data from queue: 873976000704101299240083
2024-10-25T05:40:11.382Z [info]: Processed line: 873976000704101299240083
2024-10-25T05:40:11.963Z [info]: Processed line: 873976000704101299240083
2024-10-25T05:40:12.397Z [info]: Processing data from queue: 873976000704101299240083
2024-10-25T05:40:12.571Z [info]: Processed line: 873976000704101299240083
2024-10-25T05:40:12.974Z [info]: Processing data from queue: 873976000704101299240083
2024-10-25T05:40:13.298Z [info]: Processed line: 873976000704101299240083
2024-10-25T05:40:13.580Z [info]: Processing data from queue: 873976000704101299240083
2024-10-25T05:40:13.780Z [info]: Processed line: 873976000704101299240083
2024-10-25T05:40:14.301Z [info]: Processing data from queue: 873976000704101299240083
2024-10-25T05:40:14.331Z [info]: Processed line: 873976000704101299240083
2024-10-25T05:40:14.793Z [info]: Processing data from queue: 873976000704101299240083
2024-10-25T05:40:14.929Z [info]: Processed line: 873976000704101299240083
2024-10-25T05:40:15.339Z [info]: Processing data from queue: 873976000704101299240083
2024-10-25T05:40:15.641Z [info]: Processed line: 873976000704101299240083
2024-10-25T05:40:15.931Z [info]: Processing data from queue: 873976000704101299240083
2024-10-25T05:40:16.373Z [info]: Processed line: 873976000704101299240083
2024-10-25T05:40:16.644Z [info]: Processing data from queue: 873976000704101299240083
2024-10-25T05:40:17.040Z [info]: Processed line: 873976000704101299240083
2024-10-25T05:40:17.375Z [info]: Processing data from queue: 873976000704101299240083
2024-10-25T05:40:17.652Z [info]: Processed line: 873976000704101299240083
2024-10-25T05:40:18.044Z [info]: Processing data from queue: 873976000704101299240083
2024-10-25T05:40:18.410Z [info]: Processed line: 873976000704101299240083
2024-10-25T05:40:18.653Z [info]: Processing data from queue: 873976000704101299240083
2024-10-25T05:40:19.134Z [info]: Processed line: 873976000704101299240083
2024-10-25T05:40:19.417Z [info]: Processing data from queue: 873976000704101299240083
2024-10-25T05:40:19.684Z [info]: Processed line: 873976000704101299240083
2024-10-25T05:40:20.147Z [info]: Processing data from queue: 873976000704101299240083
2024-10-25T05:40:20.319Z [info]: Processed line: 873976000704101299240083
2024-10-25T05:40:20.692Z [info]: Processing data from queue: 873976000704101299240083
2024-10-25T05:40:20.880Z [info]: Processed line: 873976000704101299240083
2024-10-25T05:40:21.330Z [info]: Processing data from queue: 873976000704101299240083
2024-10-25T05:40:21.634Z [info]: Processed line: 873976000704101299240083
2024-10-25T05:40:21.891Z [info]: Processing data from queue: 873976000704101299240083
2024-10-25T05:40:22.197Z [info]: Processed line: 873976000704101299240083
2024-10-25T05:40:22.641Z [info]: Processing data from queue: 873976000704101299240083
2024-10-25T05:40:22.937Z [info]: Processed line: 873976000704101299240083
2024-10-25T05:40:23.200Z [info]: Processing data from queue: 873976000704101299240083
2024-10-25T05:40:23.535Z [info]: Processed line: 873976000704101299240083
2024-10-25T05:40:23.947Z [info]: Processing data from queue: 873976000704101299240083
2024-10-25T05:40:24.149Z [info]: Processed line: 873976000704101299240083
2024-10-25T05:40:24.538Z [info]: Processing data from queue: 873976000704101299240083
2024-10-25T05:40:25.149Z [info]: Processing data from queue: 873976000704101299240083
2024-10-25T05:40:25.150Z [info]: Processed line: 873976000704101299240083
2024-10-25T05:40:25.875Z [info]: Processed line: 873976000704101299240083
2024-10-25T05:40:26.156Z [info]: Processing data from queue: 873976000704101299240083
2024-10-25T05:40:26.360Z [info]: Processed line: 873976000704101299240083
2024-10-25T05:40:26.876Z [info]: Processing data from queue: 873976000704101299240083
2024-10-25T05:40:26.888Z [info]: Processed line: 873976000704101299240083
2024-10-25T05:40:27.371Z [info]: Processing data from queue: 873976000704101299240083
2024-10-25T05:40:27.465Z [info]: Processed line: 873976000704101299240083
2024-10-25T05:40:27.900Z [info]: Processing data from queue: 873976000704101299240083
2024-10-25T05:40:27.961Z [info]: Processed line: 873976000704101299240083
2024-10-25T05:40:28.448Z [info]: Processed line: 873976000704101299240083
2024-10-25T05:40:28.477Z [info]: Processing data from queue: 873976000704101299240083
2024-10-25T05:40:28.973Z [info]: Processing data from queue: 873976000704101299240083
2024-10-25T05:40:29.211Z [info]: Processed line: 873976000704101299240083
2024-10-25T05:40:29.489Z [info]: Processing data from queue: 873976000704101299240083
2024-10-25T05:40:29.946Z [info]: Processed line: 873976000704101299240083
2024-10-25T05:40:30.226Z [info]: Processing data from queue: 873976000704101299240083
2024-10-25T05:40:30.816Z [info]: Processed line: 873976000704101299240083
2024-10-25T05:40:30.956Z [info]: Processing data from queue: 873976000704101299240083
2024-10-25T05:40:31.239Z [info]: Processed line: 873976000704101299240083
2024-10-25T05:40:31.829Z [info]: Processing data from queue: 873976000704101299240083
2024-10-25T05:40:31.946Z [info]: Processed line: 873976000704101299240083
2024-10-25T05:40:32.251Z [info]: Processing data from queue: 873976000704101299240083
2024-10-25T05:40:32.392Z [info]: Processed line: 873976000704101299240083
2024-10-25T05:40:32.896Z [info]: Processed line: 873976000704101299240083
2024-10-25T05:40:32.953Z [info]: Processing data from queue: 873976000704101299240083
2024-10-25T05:40:33.405Z [info]: Processing data from queue: 873976000704101299240083
2024-10-25T05:40:33.461Z [info]: Processed line: 873976000704101299240083
2024-10-25T05:40:33.954Z [info]: Processing data from queue: 873976000704101299240083
2024-10-25T05:40:33.971Z [info]: Processed line: 873976000704101299240083
2024-10-25T05:40:34.463Z [info]: Processing data from queue: 873976000704101299240083
2024-10-25T05:40:34.505Z [info]: Processed line: 873976000704101299240083
2024-10-25T05:40:34.979Z [info]: Processing data from queue: 873976000704101299240083
2024-10-25T05:40:35.325Z [info]: Processed line: 873976000704101299240083
2024-10-25T05:40:35.509Z [info]: Processing data from queue: 873976000704101299240083
2024-10-25T05:40:36.332Z [info]: Processing data from queue: 873976000704101299240083
2024-10-25T06:34:51.385Z [info]: Processed line: NG
2024-10-25T06:34:52.389Z [info]: Processing data from queue: NG
2024-10-25T06:35:01.935Z [info]: Processed line: 873976000704101299240110
2024-10-25T06:35:02.937Z [info]: Processing data from queue: 873976000704101299240110
2024-10-25T06:35:15.576Z [info]: Processed line: NG
2024-10-25T06:35:16.583Z [info]: Processing data from queue: NG
2024-10-25T06:35:26.350Z [info]: Processed line: 873976000704101299240111
2024-10-25T06:35:27.362Z [info]: Processing data from queue: 873976000704101299240111
2024-10-25T06:35:42.268Z [info]: Processed line: NG
2024-10-25T06:35:43.277Z [info]: Processing data from queue: NG
2024-10-25T06:35:52.602Z [info]: Processed line: 873976000704101299240112
2024-10-25T06:35:53.613Z [info]: Processing data from queue: 873976000704101299240112
2024-10-25T06:36:06.124Z [info]: Processed line: NG
2024-10-25T06:36:07.127Z [info]: Processing data from queue: NG
2024-10-25T06:36:17.054Z [info]: Processed line: 873976000704101299240113
2024-10-25T06:36:18.063Z [info]: Processing data from queue: 873976000704101299240113
2024-10-25T06:36:31.082Z [info]: Processed line: NG
2024-10-25T06:36:32.097Z [info]: Processing data from queue: NG
2024-10-25T06:36:41.879Z [info]: Processed line: 873976000704101299240114
2024-10-25T06:36:42.887Z [info]: Processing data from queue: 873976000704101299240114
2024-10-25T06:36:55.372Z [info]: Processed line: NG
2024-10-25T06:36:56.376Z [info]: Processing data from queue: NG
2024-10-25T06:37:05.823Z [info]: Processed line: 873976000704101299240115
2024-10-25T06:37:06.836Z [info]: Processing data from queue: 873976000704101299240115
2024-10-25T06:37:19.430Z [info]: Processed line: NG
2024-10-25T06:37:20.436Z [info]: Processing data from queue: NG
2024-10-25T06:37:30.328Z [info]: Processed line: 873976000704101299240116
2024-10-25T06:37:31.338Z [info]: Processing data from queue: 873976000704101299240116
2024-10-25T06:37:43.887Z [info]: Processed line: NG
2024-10-25T06:37:44.891Z [info]: Processing data from queue: NG
2024-10-25T06:37:54.020Z [info]: Processed line: 873976000704101299240117
2024-10-25T06:37:55.024Z [info]: Processing data from queue: 873976000704101299240117
2024-10-25T06:38:07.560Z [info]: Processed line: NG
2024-10-25T06:38:08.574Z [info]: Processing data from queue: NG
2024-10-25T06:38:18.097Z [info]: Processed line: 873976000704101299240118
2024-10-25T06:38:19.112Z [info]: Processing data from queue: 873976000704101299240118
2024-10-25T06:38:31.702Z [info]: Processed line: NG
2024-10-25T06:38:32.713Z [info]: Processing data from queue: NG
2024-10-25T06:38:42.931Z [info]: Processed line: 873976000704101299240119
2024-10-25T06:38:43.932Z [info]: Processing data from queue: 873976000704101299240119
2024-10-25T06:38:56.425Z [info]: Processed line: NG
2024-10-25T06:38:57.437Z [info]: Processing data from queue: NG
2024-10-25T06:39:07.438Z [info]: Processed line: 873976000704101299240120
2024-10-25T06:39:08.442Z [info]: Processing data from queue: 873976000704101299240120
2024-10-25T06:39:21.051Z [info]: Processed line: NG
2024-10-25T06:39:22.064Z [info]: Processing data from queue: NG
2024-10-25T06:39:32.303Z [info]: Processed line: 873976000704101299240121
2024-10-25T06:39:33.320Z [info]: Processing data from queue: 873976000704101299240121
2024-10-25T06:39:45.958Z [info]: Processed line: NG
2024-10-25T06:39:46.973Z [info]: Processing data from queue: NG
2024-10-25T06:39:56.954Z [info]: Processed line: 873976000704101299240122
2024-10-25T06:39:57.957Z [info]: Processing data from queue: 873976000704101299240122
2024-10-25T06:40:10.549Z [info]: Processed line: NG
2024-10-25T06:40:11.550Z [info]: Processing data from queue: NG
2024-10-25T06:40:21.123Z [info]: Processed line: 873976000704101299240123
2024-10-25T06:40:22.125Z [info]: Processing data from queue: 873976000704101299240123
2024-10-25T06:42:14.003Z [info]: Processed line: NG
2024-10-25T06:42:15.018Z [info]: Processing data from queue: NG
2024-10-25T06:42:24.870Z [info]: Processed line: 873976000704101299240124
2024-10-25T06:42:25.884Z [info]: Processing data from queue: 873976000704101299240124
2024-10-25T06:42:37.760Z [info]: Processed line: NG
2024-10-25T06:42:38.770Z [info]: Processing data from queue: NG
2024-10-25T06:42:48.823Z [info]: Processed line: 873976000704101299240125
2024-10-25T06:42:49.830Z [info]: Processing data from queue: 873976000704101299240125
2024-10-25T06:43:02.450Z [info]: Processed line: NG
2024-10-25T06:43:03.460Z [info]: Processing data from queue: NG
2024-10-25T06:43:13.209Z [info]: Processed line: 873976000704101299240126
2024-10-25T06:43:14.216Z [info]: Processing data from queue: 873976000704101299240126
2024-10-25T06:43:32.243Z [info]: Processed line: NG
2024-10-25T06:43:33.254Z [info]: Processing data from queue: NG
2024-10-25T06:43:42.871Z [info]: Processed line: 873976000704101299240127
2024-10-25T06:43:43.874Z [info]: Processing data from queue: 873976000704101299240127
2024-10-25T06:43:59.818Z [info]: Processed line: NG
2024-10-25T06:44:00.832Z [info]: Processing data from queue: NG
2024-10-25T06:44:11.889Z [info]: Processed line: 873976000704101299240128
2024-10-25T06:44:12.905Z [info]: Processing data from queue: 873976000704101299240128
2024-10-25T06:44:27.943Z [info]: Processed line: NG
2024-10-25T06:44:28.958Z [info]: Processing data from queue: NG
2024-10-25T06:44:39.045Z [info]: Processed line: 873976000704101299240129
2024-10-25T06:44:40.056Z [info]: Processing data from queue: 873976000704101299240129
2024-10-25T06:44:55.718Z [info]: Processed line: NG
2024-10-25T06:44:56.735Z [info]: Processing data from queue: NG
2024-10-25T06:45:06.282Z [info]: Processed line: 873976000704101299240130
2024-10-25T06:45:07.283Z [info]: Processing data from queue: 873976000704101299240130
2024-10-25T06:45:19.859Z [info]: Processed line: NG
2024-10-25T06:45:20.861Z [info]: Processing data from queue: NG
2024-10-25T06:45:33.680Z [info]: Processed line: NG
2024-10-25T06:45:34.690Z [info]: Processing data from queue: NG
2024-10-25T06:45:37.231Z [info]: Processed line: NG
2024-10-25T06:45:38.239Z [info]: Processing data from queue: NG
2024-10-25T06:46:04.288Z [info]: Processed line: NG
2024-10-25T06:46:05.304Z [info]: Processing data from queue: NG
2024-10-25T06:46:15.506Z [info]: Processed line: 873976000704101299240133
2024-10-25T06:46:16.517Z [info]: Processing data from queue: 873976000704101299240133
2024-10-25T06:46:33.932Z [info]: Processed line: NG
2024-10-25T06:46:34.941Z [info]: Processing data from queue: NG
2024-10-25T06:46:45.040Z [info]: Processed line: 873976000704101299240134
2024-10-25T06:46:46.053Z [info]: Processing data from queue: 873976000704101299240134
2024-10-25T06:47:12.726Z [info]: Processed line: NG
2024-10-25T06:47:13.735Z [info]: Processing data from queue: NG
2024-10-25T06:47:23.734Z [info]: Processed line: 873976000704101299240135
2024-10-25T06:47:24.737Z [info]: Processing data from queue: 873976000704101299240135
2024-10-25T06:47:38.851Z [info]: Processed line: NG
2024-10-25T06:47:39.852Z [info]: Processing data from queue: NG
2024-10-25T06:47:49.227Z [info]: Processed line: 873976000704101299240136
2024-10-25T06:47:50.230Z [info]: Processing data from queue: 873976000704101299240136
2024-10-25T06:48:02.774Z [info]: Processed line: NG
2024-10-25T06:48:03.789Z [info]: Processing data from queue: NG
2024-10-25T06:48:13.671Z [info]: Processed line: 873976000704101299240137
2024-10-25T06:48:14.688Z [info]: Processing data from queue: 873976000704101299240137
2024-10-25T06:48:28.733Z [info]: Processed line: NG
2024-10-25T06:48:29.750Z [info]: Processing data from queue: NG
2024-10-25T06:48:39.736Z [info]: Processed line: 873976000704101299240138
2024-10-25T06:48:40.738Z [info]: Processing data from queue: 873976000704101299240138
2024-10-25T06:49:01.925Z [info]: Processed line: NG
2024-10-25T06:49:02.930Z [info]: Processing data from queue: NG
2024-10-25T06:49:12.914Z [info]: Processed line: 873976000704101299240139
2024-10-25T06:49:13.928Z [info]: Processing data from queue: 873976000704101299240139
2024-10-25T06:49:28.384Z [info]: Processed line: NG
2024-10-25T06:49:29.387Z [info]: Processing data from queue: NG
2024-10-25T06:49:39.380Z [info]: Processed line: 873976000704101299240140
2024-10-25T06:49:40.388Z [info]: Processing data from queue: 873976000704101299240140
2024-10-25T06:49:55.091Z [info]: Processed line: NG
2024-10-25T06:49:56.105Z [info]: Processing data from queue: NG
2024-10-25T06:50:08.511Z [info]: Processed line: NG
2024-10-25T06:50:09.520Z [info]: Processing data from queue: NG
2024-10-25T06:50:12.096Z [info]: Processed line: NG
2024-10-25T06:50:13.108Z [info]: Processing data from queue: NG
2024-10-25T06:50:40.590Z [info]: Processed line: NG
2024-10-25T06:50:41.598Z [info]: Processing data from queue: NG
2024-10-25T06:50:51.478Z [info]: Processed line: 873976000704101299240143
2024-10-25T06:50:52.488Z [info]: Processing data from queue: 873976000704101299240143
2024-10-25T06:51:18.035Z [info]: Processed line: NG
2024-10-25T06:51:19.049Z [info]: Processing data from queue: NG
2024-10-25T06:51:29.054Z [info]: Processed line: 873976000704101299240144
2024-10-25T06:51:30.057Z [info]: Processing data from queue: 873976000704101299240144
2024-10-25T06:51:45.693Z [info]: Processed line: NG
2024-10-25T06:51:46.703Z [info]: Processing data from queue: NG
2024-10-25T06:51:57.158Z [info]: Processed line: 873976000704101299240145
2024-10-25T06:51:58.163Z [info]: Processing data from queue: 873976000704101299240145
2024-10-25T06:52:15.000Z [info]: Processed line: NG
2024-10-25T06:52:16.007Z [info]: Processing data from queue: NG
2024-10-25T06:52:26.591Z [info]: Processed line: 873976000704101299240146
2024-10-25T06:52:27.598Z [info]: Processing data from queue: 873976000704101299240146
2024-10-25T06:52:44.227Z [info]: Processed line: NG
2024-10-25T06:52:45.234Z [info]: Processing data from queue: NG
2024-10-25T06:52:55.127Z [info]: Processed line: 873976000704101299240147
2024-10-25T06:52:56.140Z [info]: Processing data from queue: 873976000704101299240147
2024-10-25T06:53:25.023Z [info]: Processed line: NG
2024-10-25T06:53:26.026Z [info]: Processing data from queue: NG
2024-10-25T06:53:36.337Z [info]: Processed line: 873976000704101299240148
2024-10-25T06:53:37.353Z [info]: Processing data from queue: 873976000704101299240148
2024-10-25T06:53:50.447Z [info]: Processed line: NG
2024-10-25T06:53:51.455Z [info]: Processing data from queue: NG
2024-10-25T06:54:01.319Z [info]: Processed line: 873976000704101299240149
2024-10-25T06:54:02.332Z [info]: Processing data from queue: 873976000704101299240149
2024-10-25T06:54:29.425Z [info]: Processed line: NG
2024-10-25T06:54:30.441Z [info]: Processing data from queue: NG
2024-10-25T06:54:40.414Z [info]: Processed line: 873976000704101299240150
2024-10-25T06:54:41.422Z [info]: Processing data from queue: 873976000704101299240150
2024-10-25T06:56:19.343Z [info]: Processed line: NG
2024-10-25T06:56:20.349Z [info]: Processing data from queue: NG
2024-10-25T06:56:30.451Z [info]: Processed line: 873976000704101299240151
2024-10-25T06:56:31.452Z [info]: Processing data from queue: 873976000704101299240151
2024-10-25T06:56:45.350Z [info]: Processed line: NG
2024-10-25T06:56:46.359Z [info]: Processing data from queue: NG
2024-10-25T06:56:56.242Z [info]: Processed line: 873976000704101299240152
2024-10-25T06:56:57.251Z [info]: Processing data from queue: 873976000704101299240152
2024-10-25T06:57:11.356Z [info]: Processed line: NG
2024-10-25T06:57:12.367Z [info]: Processing data from queue: NG
2024-10-25T06:57:22.732Z [info]: Processed line: 873976000704101299240153
2024-10-25T06:57:23.743Z [info]: Processing data from queue: 873976000704101299240153
2024-10-25T06:57:37.999Z [info]: Processed line: NG
2024-10-25T06:57:39.011Z [info]: Processing data from queue: NG
2024-10-25T06:57:48.140Z [info]: Processed line: 873976000704101299240154
2024-10-25T06:57:49.142Z [info]: Processing data from queue: 873976000704101299240154
2024-10-25T06:58:01.706Z [info]: Processed line: NG
2024-10-25T06:58:02.712Z [info]: Processing data from queue: NG
2024-10-25T06:58:12.708Z [info]: Processed line: 873976000704101299240155
2024-10-25T06:58:13.714Z [info]: Processing data from queue: 873976000704101299240155
2024-10-25T06:58:26.314Z [info]: Processed line: NG
2024-10-25T06:58:27.324Z [info]: Processing data from queue: NG
2024-10-25T06:58:36.864Z [info]: Processed line: 873976000704101299240156
2024-10-25T06:58:37.877Z [info]: Processing data from queue: 873976000704101299240156
2024-10-25T06:58:50.821Z [info]: Processed line: NG
2024-10-25T06:58:51.827Z [info]: Processing data from queue: NG
2024-10-25T06:59:01.298Z [info]: Processed line: 873976000704101299240157
2024-10-25T06:59:02.308Z [info]: Processing data from queue: 873976000704101299240157
2024-10-25T06:59:14.812Z [info]: Processed line: NG
2024-10-25T06:59:15.824Z [info]: Processing data from queue: NG
2024-10-25T06:59:24.950Z [info]: Processed line: 873976000704101299240158
2024-10-25T06:59:25.962Z [info]: Processing data from queue: 873976000704101299240158
2024-10-25T06:59:38.702Z [info]: Processed line: NG
2024-10-25T06:59:39.718Z [info]: Processing data from queue: NG
2024-10-25T06:59:49.498Z [info]: Processed line: 873976000704101299240159
2024-10-25T06:59:50.510Z [info]: Processing data from queue: 873976000704101299240159
2024-10-25T07:25:32.438Z [info]: Processed line: NG
2024-10-25T07:25:33.448Z [info]: Processing data from queue: NG
2024-10-25T07:25:43.676Z [info]: Processed line: 873976000704101299240160
2024-10-25T07:25:44.681Z [info]: Processing data from queue: 873976000704101299240160
2024-10-25T07:26:02.163Z [info]: Processed line: NG
2024-10-25T07:26:03.172Z [info]: Processing data from queue: NG
2024-10-25T07:26:13.723Z [info]: Processed line: 873976000704101299240161
2024-10-25T07:26:14.730Z [info]: Processing data from queue: 873976000704101299240161
2024-10-25T07:26:31.822Z [info]: Processed line: NG
2024-10-25T07:26:32.839Z [info]: Processing data from queue: NG
2024-10-25T07:26:44.092Z [info]: Processed line: 873976000704101299240162
2024-10-25T07:26:45.107Z [info]: Processing data from queue: 873976000704101299240162
2024-10-25T07:26:57.596Z [info]: Processed line: NG
2024-10-25T07:26:58.606Z [info]: Processing data from queue: NG
2024-10-25T07:27:08.030Z [info]: Processed line: 873976000704101299240163
2024-10-25T07:27:09.037Z [info]: Processing data from queue: 873976000704101299240163
2024-10-25T07:27:21.537Z [info]: Processed line: NG
2024-10-25T07:27:22.545Z [info]: Processing data from queue: NG
2024-10-25T07:27:32.538Z [info]: Processed line: 873976000704101299240164
2024-10-25T07:27:33.545Z [info]: Processing data from queue: 873976000704101299240164
2024-10-25T07:27:47.628Z [info]: Processed line: NG
2024-10-25T07:27:48.634Z [info]: Processing data from queue: NG
2024-10-25T07:27:58.647Z [info]: Processed line: 873976000704101299240165
2024-10-25T07:27:59.663Z [info]: Processing data from queue: 873976000704101299240165
2024-10-25T07:28:12.168Z [info]: Processed line: NG
2024-10-25T07:28:13.175Z [info]: Processing data from queue: NG
2024-10-25T07:28:22.952Z [info]: Processed line: 873976000704101299240166
2024-10-25T07:28:23.958Z [info]: Processing data from queue: 873976000704101299240166
2024-10-25T07:28:36.493Z [info]: Processed line: NG
2024-10-25T07:28:37.505Z [info]: Processing data from queue: NG
2024-10-25T07:28:46.848Z [info]: Processed line: 873976000704101299240167
2024-10-25T07:28:47.861Z [info]: Processing data from queue: 873976000704101299240167
2024-10-25T07:29:01.033Z [info]: Processed line: NG
2024-10-25T07:29:02.035Z [info]: Processing data from queue: NG
2024-10-25T07:29:14.668Z [info]: Processed line: 873976000704101299240168
2024-10-25T07:29:15.679Z [info]: Processing data from queue: 873976000704101299240168
2024-10-25T07:29:18.238Z [info]: Processed line: NG
2024-10-25T07:29:19.249Z [info]: Processing data from queue: NG
2024-10-25T07:29:32.358Z [info]: Processed line: NG
2024-10-25T07:29:33.372Z [info]: Processing data from queue: NG
2024-10-25T07:29:42.798Z [info]: Processed line: 873976000704101299240170
2024-10-25T07:29:43.810Z [info]: Processing data from queue: 873976000704101299240170
2024-10-25T07:29:56.299Z [info]: Processed line: NG
2024-10-25T07:29:57.308Z [info]: Processing data from queue: NG
2024-10-25T07:30:06.679Z [info]: Processed line: 873976000704101299240171
2024-10-25T07:30:07.693Z [info]: Processing data from queue: 873976000704101299240171
2024-10-25T07:30:20.206Z [info]: Processed line: NG
2024-10-25T07:30:21.214Z [info]: Processing data from queue: NG
2024-10-25T07:30:30.966Z [info]: Processed line: 873976000704101299240172
2024-10-25T07:30:31.983Z [info]: Processing data from queue: 873976000704101299240172
2024-10-25T07:30:45.148Z [info]: Processed line: NG
2024-10-25T07:30:46.158Z [info]: Processing data from queue: NG
2024-10-25T07:30:55.905Z [info]: Processed line: 873976000704101299240173
2024-10-25T07:30:56.914Z [info]: Processing data from queue: 873976000704101299240173
2024-10-25T07:31:27.443Z [info]: Processed line: NG
2024-10-25T07:31:28.449Z [info]: Processing data from queue: NG
2024-10-25T07:31:38.019Z [info]: Processed line: 873976000704101299240174
2024-10-25T07:31:39.023Z [info]: Processing data from queue: 873976000704101299240174
2024-10-25T07:31:52.335Z [info]: Processed line: NG
2024-10-25T07:31:53.346Z [info]: Processing data from queue: NG
2024-10-25T07:32:03.178Z [info]: Processed line: 873976000704101299240175
2024-10-25T07:32:04.193Z [info]: Processing data from queue: 873976000704101299240175
2024-10-25T07:32:17.525Z [info]: Processed line: NG
2024-10-25T07:32:18.533Z [info]: Processing data from queue: NG
2024-10-25T07:32:28.525Z [info]: Processed line: 873976000704101299240176
2024-10-25T07:32:29.530Z [info]: Processing data from queue: 873976000704101299240176
2024-10-25T07:32:44.284Z [info]: Processed line: NG
2024-10-25T07:32:45.299Z [info]: Processing data from queue: NG
2024-10-25T07:32:55.492Z [info]: Processed line: 873976000704101299240177
2024-10-25T07:32:56.497Z [info]: Processing data from queue: 873976000704101299240177
2024-10-25T07:33:09.708Z [info]: Processed line: NG
2024-10-25T07:33:10.710Z [info]: Processing data from queue: NG
2024-10-25T07:33:20.052Z [info]: Processed line: 873976000704101299240178
2024-10-25T07:33:21.065Z [info]: Processing data from queue: 873976000704101299240178
2024-10-25T07:33:35.983Z [info]: Processed line: NG
2024-10-25T07:33:36.985Z [info]: Processing data from queue: NG
2024-10-25T07:33:46.976Z [info]: Processed line: 873976000704101299240179
2024-10-25T07:33:47.987Z [info]: Processing data from queue: 873976000704101299240179
2024-10-25T07:34:10.009Z [info]: Processed line: NG
2024-10-25T07:34:11.019Z [info]: Processing data from queue: NG
2024-10-25T07:34:20.561Z [info]: Processed line: 873976000704101299240180
2024-10-25T07:34:21.573Z [info]: Processing data from queue: 873976000704101299240180
2024-10-25T07:34:52.773Z [info]: Processed line: NG
2024-10-25T07:34:53.783Z [info]: Processing data from queue: NG
2024-10-25T07:35:03.664Z [info]: Processed line: 873976000704101299240181
2024-10-25T07:35:04.665Z [info]: Processing data from queue: 873976000704101299240181
2024-10-25T07:35:31.951Z [info]: Processed line: NG
2024-10-25T07:35:32.954Z [info]: Processing data from queue: NG
2024-10-25T07:35:43.042Z [info]: Processed line: 873976000704101299240182
2024-10-25T07:35:44.048Z [info]: Processing data from queue: 873976000704101299240182
2024-10-25T07:35:56.675Z [info]: Processed line: NG
2024-10-25T07:35:57.687Z [info]: Processing data from queue: NG
2024-10-25T07:36:07.389Z [info]: Processed line: 873976000704101299240183
2024-10-25T07:36:08.406Z [info]: Processing data from queue: 873976000704101299240183
2024-10-25T07:36:32.401Z [info]: Processed line: NG
2024-10-25T07:36:33.405Z [info]: Processing data from queue: NG
2024-10-25T07:36:45.990Z [info]: Processed line: NG
2024-10-25T07:36:46.999Z [info]: Processing data from queue: NG
2024-10-25T07:36:49.591Z [info]: Processed line: NG
2024-10-25T07:36:50.599Z [info]: Processing data from queue: NG
2024-10-25T07:37:23.251Z [info]: Processed line: NG
2024-10-25T07:37:24.265Z [info]: Processing data from queue: NG
2024-10-25T07:37:34.465Z [info]: Processed line: 873976000704101299240186
2024-10-25T07:37:35.470Z [info]: Processing data from queue: 873976000704101299240186
2024-10-25T07:37:48.008Z [info]: Processed line: NG
2024-10-25T07:37:49.011Z [info]: Processing data from queue: NG
2024-10-25T07:37:58.909Z [info]: Processed line: 873976000704101299240187
2024-10-25T07:37:59.923Z [info]: Processing data from queue: 873976000704101299240187
2024-10-25T07:38:12.398Z [info]: Processed line: NG
2024-10-25T07:38:13.410Z [info]: Processing data from queue: NG
2024-10-25T07:38:23.719Z [info]: Processed line: 873976000704101299240188
2024-10-25T07:38:24.724Z [info]: Processing data from queue: 873976000704101299240188
2024-10-25T07:38:35.672Z [info]: Processed line: NG
2024-10-25T07:38:36.674Z [info]: Processing data from queue: NG
2024-10-25T07:38:36.990Z [info]: Processed line: NG
2024-10-25T07:38:37.890Z [info]: Processed line: NG
2024-10-25T07:38:38.001Z [info]: Processing data from queue: NG
2024-10-25T07:38:38.904Z [info]: Processing data from queue: NG
2024-10-25T07:38:40.957Z [info]: Processed line: NG
2024-10-25T07:38:41.963Z [info]: Processing data from queue: NG
2024-10-25T07:38:43.925Z [info]: Processed line: NG
2024-10-25T07:38:44.927Z [info]: Processing data from queue: NG
2024-10-25T07:38:46.375Z [info]: Processed line: NG
2024-10-25T07:38:47.384Z [info]: Processing data from queue: NG
2024-10-25T07:38:48.593Z [info]: Processed line: NG
2024-10-25T07:38:49.598Z [info]: Processing data from queue: NG
2024-10-25T07:38:51.178Z [info]: Processed line: NG
2024-10-25T07:38:52.182Z [info]: Processing data from queue: NG
2024-10-25T07:38:54.211Z [info]: Processed line: NG
2024-10-25T07:38:55.220Z [info]: Processing data from queue: NG
2024-10-25T07:38:59.562Z [info]: Processed line: NG
2024-10-25T07:39:00.577Z [info]: Processing data from queue: NG
2024-10-25T07:39:10.948Z [info]: Processed line: 873976000704101299240189
2024-10-25T07:39:11.966Z [info]: Processing data from queue: 873976000704101299240189
2024-10-25T07:39:24.603Z [info]: Processed line: NG
2024-10-25T07:39:25.611Z [info]: Processing data from queue: NG
2024-10-25T07:39:35.657Z [info]: Processed line: 873976000704101299240190
2024-10-25T07:39:36.663Z [info]: Processing data from queue: 873976000704101299240190
2024-10-25T07:39:49.145Z [info]: Processed line: NG
2024-10-25T07:39:50.155Z [info]: Processing data from queue: NG
2024-10-25T07:40:00.280Z [info]: Processed line: 873976000704101299240191
2024-10-25T07:40:01.290Z [info]: Processing data from queue: 873976000704101299240191
2024-10-25T07:40:14.452Z [info]: Processed line: NG
2024-10-25T07:40:15.466Z [info]: Processing data from queue: NG
2024-10-25T07:40:25.341Z [info]: Processed line: 873976000704101299240192
2024-10-25T07:40:26.346Z [info]: Processing data from queue: 873976000704101299240192
2024-10-25T07:40:38.977Z [info]: Processed line: NG
2024-10-25T07:40:39.991Z [info]: Processing data from queue: NG
2024-10-25T07:40:49.848Z [info]: Processed line: 873976000704101299240193
2024-10-25T07:40:50.849Z [info]: Processing data from queue: 873976000704101299240193
2024-10-25T07:41:03.483Z [info]: Processed line: NG
2024-10-25T07:41:04.490Z [info]: Processing data from queue: NG
2024-10-25T07:41:14.671Z [info]: Processed line: 873976000704101299240194
2024-10-25T07:41:15.676Z [info]: Processing data from queue: 873976000704101299240194
2024-10-25T07:41:28.157Z [info]: Processed line: NG
2024-10-25T07:41:29.163Z [info]: Processing data from queue: NG
2024-10-25T07:41:39.521Z [info]: Processed line: 873976000704101299240195
2024-10-25T07:41:40.522Z [info]: Processing data from queue: 873976000704101299240195
2024-10-25T07:42:12.320Z [info]: Processed line: NG
2024-10-25T07:42:13.323Z [info]: Processing data from queue: NG
2024-10-25T07:42:23.364Z [info]: Processed line: 873976000704101299240196
2024-10-25T07:42:24.375Z [info]: Processing data from queue: 873976000704101299240196
2024-10-25T07:42:35.394Z [info]: Processed line: NG
2024-10-25T07:42:36.407Z [info]: Processing data from queue: NG
2024-10-25T07:42:46.200Z [info]: Processed line: 873976000704101299240197
2024-10-25T07:42:47.213Z [info]: Processing data from queue: 873976000704101299240197
2024-10-25T07:43:00.052Z [info]: Processed line: NG
2024-10-25T07:43:01.061Z [info]: Processing data from queue: NG
2024-10-25T07:43:10.862Z [info]: Processed line: 873976000704101299240198
2024-10-25T07:43:11.612Z [info]: Processed line: 873976000704101299240198
2024-10-25T07:43:11.870Z [info]: Processing data from queue: 873976000704101299240198
2024-10-25T07:43:12.621Z [info]: Processing data from queue: 873976000704101299240198
2024-10-25T07:43:21.458Z [info]: Processed line: NG
2024-10-25T07:43:22.459Z [info]: Processing data from queue: NG
2024-10-25T07:43:32.828Z [info]: Processed line: NG
2024-10-25T07:43:33.837Z [info]: Processing data from queue: NG
2024-10-25T07:43:34.378Z [info]: Processed line: NG
2024-10-25T07:43:35.394Z [info]: Processing data from queue: NG
2024-10-25T07:44:24.811Z [info]: Processed line: NG
2024-10-25T07:44:25.827Z [info]: Processing data from queue: NG
2024-10-25T07:44:35.392Z [info]: Processed line: 873976000704101299240201
2024-10-25T07:44:36.138Z [info]: Processed line: 873976000704101299240201
2024-10-25T07:44:36.400Z [info]: Processing data from queue: 873976000704101299240201
2024-10-25T07:44:37.147Z [info]: Processing data from queue: 873976000704101299240201
2024-10-25T07:44:45.333Z [info]: Processed line: NG
2024-10-25T07:44:46.337Z [info]: Processing data from queue: NG
2024-10-25T07:44:55.821Z [info]: Processed line: 873976000704101299240202
2024-10-25T07:44:56.570Z [info]: Processed line: 873976000704101299240202
2024-10-25T07:44:56.825Z [info]: Processing data from queue: 873976000704101299240202
2024-10-25T07:44:57.575Z [info]: Processing data from queue: 873976000704101299240202
2024-10-25T07:45:06.989Z [info]: Processed line: NG
2024-10-25T07:45:07.998Z [info]: Processing data from queue: NG
2024-10-25T07:45:17.989Z [info]: Processed line: 873976000704101299240203
2024-10-25T07:45:19.003Z [info]: Processing data from queue: 873976000704101299240203
2024-10-25T07:45:19.106Z [info]: Processed line: 873976000704101299240203
2024-10-25T07:45:20.109Z [info]: Processing data from queue: 873976000704101299240203
2024-10-25T07:45:37.665Z [info]: Processed line: NG
2024-10-25T07:45:38.674Z [info]: Processing data from queue: NG
2024-10-25T07:45:48.254Z [info]: Processed line: 873976000704101299240204
2024-10-25T07:45:49.030Z [info]: Processed line: 873976000704101299240204
2024-10-25T07:45:49.255Z [info]: Processing data from queue: 873976000704101299240204
2024-10-25T07:45:50.040Z [info]: Processing data from queue: 873976000704101299240204
2024-10-25T07:45:59.022Z [info]: Processed line: NG
2024-10-25T07:46:00.023Z [info]: Processing data from queue: NG
2024-10-25T07:46:09.593Z [info]: Processed line: 873976000704101299240205
2024-10-25T07:46:10.326Z [info]: Processed line: 873976000704101299240205
2024-10-25T07:46:10.599Z [info]: Processing data from queue: 873976000704101299240205
2024-10-25T07:46:11.333Z [info]: Processing data from queue: 873976000704101299240205
2024-10-25T07:46:21.211Z [info]: Processed line: NG
2024-10-25T07:46:22.213Z [info]: Processing data from queue: NG
2024-10-25T07:46:32.453Z [info]: Processed line: 873976000704101299240206
2024-10-25T07:46:33.236Z [info]: Processed line: 873976000704101299240206
2024-10-25T07:46:33.454Z [info]: Processing data from queue: 873976000704101299240206
2024-10-25T07:46:34.243Z [info]: Processing data from queue: 873976000704101299240206
2024-10-25T07:46:44.103Z [info]: Processed line: NG
2024-10-25T07:46:45.117Z [info]: Processing data from queue: NG
2024-10-25T07:46:54.340Z [info]: Processed line: 873976000704101299240207
2024-10-25T07:46:55.084Z [info]: Processed line: 873976000704101299240207
2024-10-25T07:46:55.344Z [info]: Processing data from queue: 873976000704101299240207
2024-10-25T07:46:56.095Z [info]: Processing data from queue: 873976000704101299240207
2024-10-25T07:47:11.244Z [info]: Processed line: NG
2024-10-25T07:47:12.251Z [info]: Processing data from queue: NG
2024-10-25T07:47:22.388Z [info]: Processed line: 873976000704101299240208
2024-10-25T07:47:23.129Z [info]: Processed line: 873976000704101299240208
2024-10-25T07:47:23.403Z [info]: Processing data from queue: 873976000704101299240208
2024-10-25T07:47:24.140Z [info]: Processing data from queue: 873976000704101299240208
2024-10-25T07:47:36.468Z [info]: Processed line: NG
2024-10-25T07:47:37.478Z [info]: Processing data from queue: NG
2024-10-25T07:47:46.950Z [info]: Processed line: 873976000704101299240209
2024-10-25T07:47:47.704Z [info]: Processed line: 873976000704101299240209
2024-10-25T07:47:47.960Z [info]: Processing data from queue: 873976000704101299240209
2024-10-25T07:47:48.709Z [info]: Processing data from queue: 873976000704101299240209
2024-10-25T07:48:01.326Z [info]: Processed line: NG
2024-10-25T07:48:02.335Z [info]: Processing data from queue: NG
2024-10-25T07:48:12.219Z [info]: Processed line: 873976000704101299240210
2024-10-25T07:48:12.970Z [info]: Processed line: 873976000704101299240210
2024-10-25T07:48:13.223Z [info]: Processing data from queue: 873976000704101299240210
2024-10-25T07:48:13.972Z [info]: Processing data from queue: 873976000704101299240210
2024-10-25T07:53:44.833Z [info]: Port opened successfully
2024-10-25T07:55:51.735Z [info]: Processed line: NG
2024-10-25T07:55:52.744Z [info]: Processing data from queue: NG
2024-10-25T07:56:03.253Z [info]: Processed line: NG
2024-10-25T07:56:04.264Z [info]: Processing data from queue: NG
2024-10-25T07:56:04.787Z [info]: Processed line: NG
2024-10-25T07:56:05.797Z [info]: Processing data from queue: NG
2024-10-25T08:27:39.106Z [info]: Processed line: NG
2024-10-25T08:27:40.124Z [info]: Processing data from queue: NG
2024-10-25T08:27:50.118Z [info]: Processed line: 873976000704101299240213
2024-10-25T08:27:50.907Z [info]: Processed line: 873976000704101299240213
2024-10-25T08:27:51.127Z [info]: Processing data from queue: 873976000704101299240213
2024-10-25T08:27:51.923Z [info]: Processing data from queue: 873976000704101299240213
2024-10-25T08:28:02.397Z [info]: Processed line: NG
2024-10-25T08:28:03.409Z [info]: Processing data from queue: NG
2024-10-25T08:28:12.766Z [info]: Processed line: 873976000704101299240214
2024-10-25T08:28:13.541Z [info]: Processed line: 873976000704101299240214
2024-10-25T08:28:13.767Z [info]: Processing data from queue: 873976000704101299240214
2024-10-25T08:28:14.554Z [info]: Processing data from queue: 873976000704101299240214
2024-10-25T08:28:22.771Z [info]: Processed line: NG
2024-10-25T08:28:23.777Z [info]: Processing data from queue: NG
2024-10-25T08:28:34.130Z [info]: Processed line: 873976000704101299240215
2024-10-25T08:28:34.886Z [info]: Processed line: 873976000704101299240215
2024-10-25T08:28:35.131Z [info]: Processing data from queue: 873976000704101299240215
2024-10-25T08:28:35.891Z [info]: Processing data from queue: 873976000704101299240215
2024-10-25T08:28:45.008Z [info]: Processed line: NG
2024-10-25T08:28:46.022Z [info]: Processing data from queue: NG
2024-10-25T08:28:56.253Z [info]: Processed line: 873976000704101299240216
2024-10-25T08:28:57.025Z [info]: Processed line: 873976000704101299240216
2024-10-25T08:28:57.254Z [info]: Processing data from queue: 873976000704101299240216
2024-10-25T08:28:58.032Z [info]: Processing data from queue: 873976000704101299240216
2024-10-25T08:29:05.915Z [info]: Processed line: NG
2024-10-25T08:29:06.929Z [info]: Processing data from queue: NG
2024-10-25T08:29:17.718Z [info]: Processed line: NG
2024-10-25T08:29:18.501Z [info]: Processed line: 873976000704101299240217
2024-10-25T08:29:18.719Z [info]: Processing data from queue: NG
2024-10-25T08:29:19.507Z [info]: Processing data from queue: 873976000704101299240217
2024-10-25T08:29:43.792Z [info]: Processed line: NG
2024-10-25T08:29:44.808Z [info]: Processing data from queue: NG
2024-10-25T08:29:55.296Z [info]: Processed line: NG
2024-10-25T08:29:56.300Z [info]: Processing data from queue: NG
2024-10-25T08:29:56.880Z [info]: Processed line: NG
2024-10-25T08:29:57.892Z [info]: Processing data from queue: NG
2024-10-25T08:30:22.321Z [info]: Processed line: NG
2024-10-25T08:30:23.332Z [info]: Processing data from queue: NG
2024-10-25T08:30:33.721Z [info]: Processed line: 873976000704101299240220
2024-10-25T08:30:34.519Z [info]: Processed line: 873976000704101299240220
2024-10-25T08:30:34.725Z [info]: Processing data from queue: 873976000704101299240220
2024-10-25T08:30:35.535Z [info]: Processing data from queue: 873976000704101299240220
2024-10-25T08:30:42.793Z [info]: Processed line: NG
2024-10-25T08:30:43.808Z [info]: Processing data from queue: NG
2024-10-25T08:30:53.265Z [info]: Processed line: 873976000704101299240221
2024-10-25T08:30:54.066Z [info]: Processed line: 873976000704101299240221
2024-10-25T08:30:54.278Z [info]: Processing data from queue: 873976000704101299240221
2024-10-25T08:30:55.071Z [info]: Processing data from queue: 873976000704101299240221
2024-10-25T08:31:06.335Z [info]: Processed line: NG
2024-10-25T08:31:07.335Z [info]: Processing data from queue: NG
2024-10-25T08:31:17.907Z [info]: Processed line: 873976000704101299240222
2024-10-25T08:31:18.921Z [info]: Processing data from queue: 873976000704101299240222
2024-10-25T08:31:19.322Z [info]: Processed line: NG
2024-10-25T08:31:20.330Z [info]: Processing data from queue: NG
2024-10-25T08:31:40.511Z [info]: Processed line: NG
2024-10-25T08:31:41.523Z [info]: Processing data from queue: NG
2024-10-25T08:31:52.014Z [info]: Processed line: NG
2024-10-25T08:31:53.022Z [info]: Processing data from queue: NG
2024-10-25T08:31:53.414Z [info]: Processed line: NG
2024-10-25T08:31:54.427Z [info]: Processing data from queue: NG
2024-10-25T08:32:15.855Z [info]: Processed line: NG
2024-10-25T08:32:16.866Z [info]: Processing data from queue: NG
2024-10-25T08:32:26.419Z [info]: Processed line: 873976000704101299240226
2024-10-25T08:32:27.194Z [info]: Processed line: 873976000704101299240226
2024-10-25T08:32:27.421Z [info]: Processing data from queue: 873976000704101299240226
2024-10-25T08:32:28.202Z [info]: Processing data from queue: 873976000704101299240226
2024-10-25T08:32:39.028Z [info]: Processed line: NG
2024-10-25T08:32:40.038Z [info]: Processing data from queue: NG
2024-10-25T08:32:49.746Z [info]: Processed line: 873976000704101299240227
2024-10-25T08:32:50.523Z [info]: Processed line: 873976000704101299240227
2024-10-25T08:32:50.747Z [info]: Processing data from queue: 873976000704101299240227
2024-10-25T08:32:51.527Z [info]: Processing data from queue: 873976000704101299240227
2024-10-25T08:33:00.701Z [info]: Processed line: NG
2024-10-25T08:33:01.710Z [info]: Processing data from queue: NG
2024-10-25T08:33:11.616Z [info]: Processed line: 873976000704101299240228
2024-10-25T08:33:12.396Z [info]: Processed line: 873976000704101299240228
2024-10-25T08:33:12.619Z [info]: Processing data from queue: 873976000704101299240228
2024-10-25T08:33:13.400Z [info]: Processing data from queue: 873976000704101299240228
2024-10-25T08:33:32.528Z [info]: Processed line: NG
2024-10-25T08:33:33.535Z [info]: Processing data from queue: NG
2024-10-25T08:33:43.679Z [info]: Processed line: 873976000704101299240229
2024-10-25T08:33:44.695Z [info]: Processing data from queue: 873976000704101299240229
2024-10-25T08:33:45.426Z [info]: Processed line: 873976000704101299240229
2024-10-25T08:33:46.427Z [info]: Processing data from queue: 873976000704101299240229
2024-10-25T08:33:55.568Z [info]: Processed line: NG
2024-10-25T08:33:56.579Z [info]: Processing data from queue: NG
2024-10-25T08:34:06.468Z [info]: Processed line: 873976000704101299240230
2024-10-25T08:34:07.249Z [info]: Processed line: 873976000704101299240230
2024-10-25T08:34:07.469Z [info]: Processing data from queue: 873976000704101299240230
2024-10-25T08:34:08.264Z [info]: Processing data from queue: 873976000704101299240230
2024-10-25T08:34:18.410Z [info]: Processed line: NG
2024-10-25T08:34:19.425Z [info]: Processing data from queue: NG
2024-10-25T08:34:29.629Z [info]: Processed line: NG
2024-10-25T08:34:30.632Z [info]: Processing data from queue: NG
2024-10-25T08:34:31.230Z [info]: Processed line: NG
2024-10-25T08:34:32.244Z [info]: Processing data from queue: NG
2024-10-25T08:34:46.751Z [info]: Processed line: NG
2024-10-25T08:34:47.768Z [info]: Processing data from queue: NG
2024-10-25T08:34:58.413Z [info]: Processed line: 873976000704101299240233
2024-10-25T08:34:59.162Z [info]: Processed line: 873976000704101299240233
2024-10-25T08:34:59.414Z [info]: Processing data from queue: 873976000704101299240233
2024-10-25T08:35:00.175Z [info]: Processing data from queue: 873976000704101299240233
2024-10-25T08:35:09.357Z [info]: Processed line: NG
2024-10-25T08:35:10.372Z [info]: Processing data from queue: NG
2024-10-25T08:35:19.921Z [info]: Processed line: 873976000704101299240234
2024-10-25T08:35:20.870Z [info]: Processed line: 873976000704101299240234
2024-10-25T08:35:20.923Z [info]: Processing data from queue: 873976000704101299240234
2024-10-25T08:35:21.871Z [info]: Processing data from queue: 873976000704101299240234
2024-10-25T08:35:30.947Z [info]: Processed line: NG
2024-10-25T08:35:31.961Z [info]: Processing data from queue: NG
2024-10-25T08:35:42.483Z [info]: Processed line: NG
2024-10-25T08:35:43.486Z [info]: Processing data from queue: NG
2024-10-25T08:35:43.884Z [info]: Processed line: NG
2024-10-25T08:35:44.892Z [info]: Processing data from queue: NG
2024-10-25T08:35:59.239Z [info]: Processed line: NG
2024-10-25T08:36:00.248Z [info]: Processing data from queue: NG
2024-10-25T08:36:10.076Z [info]: Processed line: 873976000704101299240237
2024-10-25T08:36:10.854Z [info]: Processed line: 873976000704101299240237
2024-10-25T08:36:11.077Z [info]: Processing data from queue: 873976000704101299240237
2024-10-25T08:36:11.863Z [info]: Processing data from queue: 873976000704101299240237
2024-10-25T08:36:21.279Z [info]: Processed line: NG
2024-10-25T08:36:22.295Z [info]: Processing data from queue: NG
2024-10-25T08:36:33.333Z [info]: Processed line: NG
2024-10-25T08:36:34.335Z [info]: Processing data from queue: NG
2024-10-25T08:36:34.933Z [info]: Processed line: NG
2024-10-25T08:36:35.942Z [info]: Processing data from queue: NG
2024-10-25T08:36:50.470Z [info]: Processed line: NG
2024-10-25T08:36:51.473Z [info]: Processing data from queue: NG
2024-10-25T08:37:01.546Z [info]: Processed line: 873976000704101299240240
2024-10-25T08:37:02.284Z [info]: Processed line: 873976000704101299240240
2024-10-25T08:37:02.549Z [info]: Processing data from queue: 873976000704101299240240
2024-10-25T08:37:03.288Z [info]: Processing data from queue: 873976000704101299240240
2024-10-25T08:38:40.587Z [info]: Processed line: NG
2024-10-25T08:38:41.603Z [info]: Processing data from queue: NG
2024-10-25T08:38:51.918Z [info]: Processed line: 873976000704101299240241
2024-10-25T08:38:52.933Z [info]: Processing data from queue: 873976000704101299240241
2024-10-25T08:38:53.014Z [info]: Processed line: 873976000704101299240241
2024-10-25T08:38:54.023Z [info]: Processing data from queue: 873976000704101299240241
2024-10-25T08:39:14.381Z [info]: Processed line: NG
2024-10-25T08:39:15.394Z [info]: Processing data from queue: NG
2024-10-25T08:39:25.021Z [info]: Processed line: 873976000704101299240242
2024-10-25T08:39:25.778Z [info]: Processed line: 873976000704101299240242
2024-10-25T08:39:26.021Z [info]: Processing data from queue: 873976000704101299240242
2024-10-25T08:39:26.787Z [info]: Processing data from queue: 873976000704101299240242
2024-10-25T08:40:40.457Z [info]: Processed line: NG
2024-10-25T08:40:41.466Z [info]: Processing data from queue: NG
2024-10-25T08:40:51.908Z [info]: Processed line: 873976000704101299240243
2024-10-25T08:40:52.660Z [info]: Processed line: 873976000704101299240243
2024-10-25T08:40:52.913Z [info]: Processing data from queue: 873976000704101299240243
2024-10-25T08:40:53.667Z [info]: Processing data from queue: 873976000704101299240243
2024-10-25T08:41:30.439Z [info]: Processed line: NG
2024-10-25T08:41:31.452Z [info]: Processing data from queue: NG
2024-10-25T08:41:41.140Z [info]: Processed line: 873976000704101299240244
2024-10-25T08:41:41.901Z [info]: Processed line: 873976000704101299240244
2024-10-25T08:41:42.140Z [info]: Processing data from queue: 873976000704101299240244
2024-10-25T08:41:42.910Z [info]: Processing data from queue: 873976000704101299240244
2024-10-25T08:41:50.945Z [info]: Processed line: NG
2024-10-25T08:41:51.953Z [info]: Processing data from queue: NG
2024-10-25T08:42:01.956Z [info]: Processed line: 873976000704101299240245
2024-10-25T08:42:02.725Z [info]: Processed line: 873976000704101299240245
2024-10-25T08:42:02.957Z [info]: Processing data from queue: 873976000704101299240245
2024-10-25T08:42:03.741Z [info]: Processing data from queue: 873976000704101299240245
2024-10-25T08:42:11.368Z [info]: Processed line: NG
2024-10-25T08:42:12.383Z [info]: Processing data from queue: NG
2024-10-25T08:42:22.893Z [info]: Processed line: 873976000704101299240246
2024-10-25T08:42:23.900Z [info]: Processing data from queue: 873976000704101299240246
2024-10-25T08:42:24.304Z [info]: Processed line: NG
2024-10-25T08:42:25.306Z [info]: Processing data from queue: NG
2024-10-25T08:42:35.275Z [info]: Processed line: NG
2024-10-25T08:42:36.285Z [info]: Processing data from queue: NG
2024-10-25T08:42:45.983Z [info]: Processed line: 873976000704101299240248
2024-10-25T08:42:46.957Z [info]: Processed line: 873976000704101299240248
2024-10-25T08:42:46.998Z [info]: Processing data from queue: 873976000704101299240248
2024-10-25T08:42:47.963Z [info]: Processing data from queue: 873976000704101299240248
2024-10-25T08:43:08.550Z [info]: Processed line: NG
2024-10-25T08:43:09.561Z [info]: Processing data from queue: NG
2024-10-25T08:43:18.934Z [info]: Processed line: 873976000704101299240249
2024-10-25T08:43:19.756Z [info]: Processed line: 873976000704101299240249
2024-10-25T08:43:19.942Z [info]: Processing data from queue: 873976000704101299240249
2024-10-25T08:43:20.769Z [info]: Processing data from queue: 873976000704101299240249
2024-10-25T08:43:30.058Z [info]: Processed line: NG
2024-10-25T08:43:31.061Z [info]: Processing data from queue: NG
2024-10-25T08:43:41.080Z [info]: Processed line: 873976000704101299240250
2024-10-25T08:43:42.082Z [info]: Processing data from queue: 873976000704101299240250
2024-10-25T08:43:42.477Z [info]: Processed line: NG
2024-10-25T08:43:43.482Z [info]: Processing data from queue: NG
2024-10-25T08:44:02.083Z [info]: Processed line: NG
2024-10-25T08:44:03.098Z [info]: Processing data from queue: NG
2024-10-25T08:44:12.710Z [info]: Processed line: 873976000704101299240252
2024-10-25T08:44:13.491Z [info]: Processed line: 873976000704101299240252
2024-10-25T08:44:13.713Z [info]: Processing data from queue: 873976000704101299240252
2024-10-25T08:44:14.498Z [info]: Processing data from queue: 873976000704101299240252
2024-10-25T08:44:26.374Z [info]: Processed line: NG
2024-10-25T08:44:27.389Z [info]: Processing data from queue: NG
2024-10-25T08:44:38.093Z [info]: Processed line: NG
2024-10-25T08:44:39.107Z [info]: Processing data from queue: NG
2024-10-25T08:44:39.693Z [info]: Processed line: NG
2024-10-25T08:44:40.701Z [info]: Processing data from queue: NG
2024-10-25T08:44:56.482Z [info]: Processed line: NG
2024-10-25T08:44:57.484Z [info]: Processing data from queue: NG
2024-10-25T08:45:08.535Z [info]: Processed line: NG
2024-10-25T08:45:09.288Z [info]: Processed line: 873976000704101299240255
2024-10-25T08:45:09.537Z [info]: Processing data from queue: NG
2024-10-25T08:45:10.305Z [info]: Processing data from queue: 873976000704101299240255
2024-10-25T08:45:25.925Z [info]: Processed line: NG
2024-10-25T08:45:26.941Z [info]: Processing data from queue: NG
2024-10-25T08:45:36.967Z [info]: Processed line: 873976000704101299240256
2024-10-25T08:45:37.976Z [info]: Processing data from queue: 873976000704101299240256
2024-10-25T08:45:37.999Z [info]: Processed line: 873976000704101299240256
2024-10-25T08:45:39.007Z [info]: Processing data from queue: 873976000704101299240256
2024-10-25T08:45:48.331Z [info]: Processed line: NG
2024-10-25T08:45:49.336Z [info]: Processing data from queue: NG
2024-10-25T08:46:00.712Z [info]: Processed line: 873976000704101299240257
2024-10-25T08:46:01.472Z [info]: Processed line: 873976000704101299240257
2024-10-25T08:46:01.713Z [info]: Processing data from queue: 873976000704101299240257
2024-10-25T08:46:02.481Z [info]: Processing data from queue: 873976000704101299240257
2024-10-25T08:46:12.339Z [info]: Processed line: NG
2024-10-25T08:46:13.352Z [info]: Processing data from queue: NG
2024-10-25T08:46:23.259Z [info]: Processed line: NG
2024-10-25T08:46:24.272Z [info]: Processing data from queue: NG
2024-10-25T08:46:24.876Z [info]: Processed line: NG
2024-10-25T08:46:25.878Z [info]: Processing data from queue: NG
2024-10-25T08:46:39.047Z [info]: Processed line: NG
2024-10-25T08:46:40.057Z [info]: Processing data from queue: NG
2024-10-25T08:46:50.360Z [info]: Processed line: 873976000704101299240260
2024-10-25T08:46:51.352Z [info]: Processed line: 873976000704101299240260
2024-10-25T08:46:51.370Z [info]: Processing data from queue: 873976000704101299240260
2024-10-25T08:46:52.353Z [info]: Processing data from queue: 873976000704101299240260
2024-10-25T08:47:02.236Z [info]: Processed line: NG
2024-10-25T08:47:03.249Z [info]: Processing data from queue: NG
2024-10-25T08:47:13.239Z [info]: Processed line: 873976000704101299240261
2024-10-25T08:47:14.186Z [info]: Processed line: 873976000704101299240261
2024-10-25T08:47:14.247Z [info]: Processing data from queue: 873976000704101299240261
2024-10-25T08:47:15.196Z [info]: Processing data from queue: 873976000704101299240261
2024-10-25T08:47:24.811Z [info]: Processed line: NG
2024-10-25T08:47:25.818Z [info]: Processing data from queue: NG
2024-10-25T08:47:36.877Z [info]: Processed line: 873976000704101299240262
2024-10-25T08:47:37.672Z [info]: Processed line: 873976000704101299240262
2024-10-25T08:47:37.888Z [info]: Processing data from queue: 873976000704101299240262
2024-10-25T08:47:38.674Z [info]: Processing data from queue: 873976000704101299240262
2024-10-25T08:47:49.468Z [info]: Processed line: NG
2024-10-25T08:47:50.480Z [info]: Processing data from queue: NG
2024-10-25T08:48:00.157Z [info]: Processed line: 873976000704101299240263
2024-10-25T08:48:00.905Z [info]: Processed line: 873976000704101299240263
2024-10-25T08:48:01.160Z [info]: Processing data from queue: 873976000704101299240263
2024-10-25T08:48:01.909Z [info]: Processing data from queue: 873976000704101299240263
2024-10-25T08:48:12.943Z [info]: Processed line: NG
2024-10-25T08:48:13.958Z [info]: Processing data from queue: NG
2024-10-25T08:48:24.329Z [info]: Processed line: NG
2024-10-25T08:48:25.334Z [info]: Processing data from queue: NG
2024-10-25T08:48:25.746Z [info]: Processed line: NG
2024-10-25T08:48:26.760Z [info]: Processing data from queue: NG
2024-10-25T08:48:54.570Z [info]: Processed line: NG
2024-10-25T08:48:55.576Z [info]: Processing data from queue: NG
2024-10-25T08:49:05.930Z [info]: Processed line: 873976000704101299240266
2024-10-25T08:49:06.694Z [info]: Processed line: 873976000704101299240266
2024-10-25T08:49:06.931Z [info]: Processing data from queue: 873976000704101299240266
2024-10-25T08:49:07.704Z [info]: Processing data from queue: 873976000704101299240266
2024-10-25T08:49:17.979Z [info]: Processed line: NG
2024-10-25T08:49:18.996Z [info]: Processing data from queue: NG
2024-10-25T08:49:29.282Z [info]: Processed line: NG
2024-10-25T08:49:30.292Z [info]: Processing data from queue: NG
2024-10-25T08:49:30.698Z [info]: Processed line: 873976000704101299240267
2024-10-25T08:49:31.705Z [info]: Processing data from queue: 873976000704101299240267
2024-10-25T08:50:04.975Z [info]: Processed line: NG
2024-10-25T08:50:05.987Z [info]: Processing data from queue: NG
2024-10-25T08:50:16.896Z [info]: Processed line: NG
2024-10-25T08:50:17.848Z [info]: Processed line: 873976000704101299240268
2024-10-25T08:50:17.907Z [info]: Processing data from queue: NG
2024-10-25T08:50:18.857Z [info]: Processing data from queue: 873976000704101299240268
2024-10-25T08:50:22.731Z [info]: Processed line: NG
2024-10-25T08:50:23.737Z [info]: Processing data from queue: NG
2024-10-25T08:50:24.435Z [info]: Processed line: 873976000704101299240268
2024-10-25T08:50:25.440Z [info]: Processing data from queue: 873976000704101299240268
2024-10-25T08:50:25.832Z [info]: Processed line: NG
2024-10-25T08:50:26.834Z [info]: Processing data from queue: NG
2024-10-25T08:50:26.840Z [info]: Processed line: 873976000704101299240268
2024-10-25T08:50:27.847Z [info]: Processing data from queue: 873976000704101299240268
2024-10-25T08:50:31.889Z [info]: Processed line: 873976000704101299240268
2024-10-25T08:50:32.892Z [info]: Processing data from queue: 873976000704101299240268
2024-10-25T08:50:33.655Z [info]: Processed line: 873976000704101299240268
2024-10-25T08:50:34.664Z [info]: Processing data from queue: 873976000704101299240268
2024-10-25T08:50:37.269Z [info]: Processed line: NG
2024-10-25T08:50:38.284Z [info]: Processing data from queue: NG
2024-10-25T08:50:42.550Z [info]: Processed line: 873976000704101299240268
2024-10-25T08:50:43.559Z [info]: Processing data from queue: 873976000704101299240268
2024-10-25T08:50:43.657Z [info]: Processed line: 873976000704101299240268
2024-10-25T08:50:44.661Z [info]: Processing data from queue: 873976000704101299240268
2024-10-25T08:50:45.094Z [info]: Processed line: 873976000704101299240268
2024-10-25T08:50:46.088Z [info]: Processed line: NG
2024-10-25T08:50:46.108Z [info]: Processing data from queue: 873976000704101299240268
2024-10-25T08:50:47.073Z [info]: Processed line: 873976000704101299240268
2024-10-25T08:50:47.102Z [info]: Processing data from queue: NG
2024-10-25T08:50:47.725Z [info]: Processed line: 873976000704101299240268
2024-10-25T08:50:48.081Z [info]: Processing data from queue: 873976000704101299240268
2024-10-25T08:50:48.734Z [info]: Processing data from queue: 873976000704101299240268
2024-10-25T08:50:48.888Z [info]: Processed line: NG
2024-10-25T08:50:49.826Z [info]: Processed line: 873976000704101299240268
2024-10-25T08:50:49.903Z [info]: Processing data from queue: NG
2024-10-25T08:50:50.832Z [info]: Processing data from queue: 873976000704101299240268
2024-10-25T08:50:51.035Z [info]: Processed line: 873976000704101299240268
2024-10-25T08:50:52.036Z [info]: Processing data from queue: 873976000704101299240268
2024-10-25T08:50:52.579Z [info]: Processed line: 873976000704101299240268
2024-10-25T08:50:53.581Z [info]: Processing data from queue: 873976000704101299240268
2024-10-25T08:50:54.240Z [info]: Processed line: NG
2024-10-25T08:50:55.255Z [info]: Processing data from queue: NG
2024-10-25T08:50:55.676Z [info]: Processed line: 873976000704101299240268
2024-10-25T08:50:56.687Z [info]: Processing data from queue: 873976000704101299240268
2024-10-25T08:51:01.563Z [info]: Processed line: 873976000704101299240268
2024-10-25T08:51:02.579Z [info]: Processing data from queue: 873976000704101299240268
2024-10-25T08:51:02.771Z [info]: Processed line: 873976000704101299240268
2024-10-25T08:51:03.567Z [info]: Processed line: 873976000704101299240268
2024-10-25T08:51:03.772Z [info]: Processing data from queue: 873976000704101299240268
2024-10-25T08:51:04.450Z [info]: Processed line: 873976000704101299240268
2024-10-25T08:51:04.578Z [info]: Processing data from queue: 873976000704101299240268
2024-10-25T08:51:05.303Z [info]: Processed line: 873976000704101299240268
2024-10-25T08:51:05.451Z [info]: Processing data from queue: 873976000704101299240268
2024-10-25T08:51:06.205Z [info]: Processed line: 873976000704101299240268
2024-10-25T08:51:06.318Z [info]: Processing data from queue: 873976000704101299240268
2024-10-25T08:51:07.017Z [info]: Processed line: 873976000704101299240268
2024-10-25T08:51:07.221Z [info]: Processing data from queue: 873976000704101299240268
2024-10-25T08:51:08.032Z [info]: Processing data from queue: 873976000704101299240268
2024-10-25T08:51:08.178Z [info]: Processed line: NG
2024-10-25T08:51:09.036Z [info]: Processed line: 873976000704101299240268
2024-10-25T08:51:09.186Z [info]: Processing data from queue: NG
2024-10-25T08:51:10.044Z [info]: Processing data from queue: 873976000704101299240268
2024-10-25T08:51:11.400Z [info]: Processed line: 873976000704101299240268
2024-10-25T08:51:12.409Z [info]: Processing data from queue: 873976000704101299240268
2024-10-25T08:51:12.545Z [info]: Processed line: NG
2024-10-25T08:51:13.548Z [info]: Processing data from queue: NG
2024-10-25T08:51:14.076Z [info]: Processed line: 873976000704101299240268
2024-10-25T08:51:15.078Z [info]: Processing data from queue: 873976000704101299240268
2024-10-25T08:51:15.647Z [info]: Processed line: NG
2024-10-25T08:51:16.659Z [info]: Processing data from queue: NG
2024-10-25T08:51:16.828Z [info]: Processed line: 873976000704101299240268
2024-10-25T08:51:17.841Z [info]: Processing data from queue: 873976000704101299240268
2024-10-25T08:51:17.906Z [info]: Processed line: 873976000704101299240268
2024-10-25T08:51:18.756Z [info]: Processed line: 873976000704101299240268
2024-10-25T08:51:18.915Z [info]: Processing data from queue: 873976000704101299240268
2024-10-25T08:51:19.765Z [info]: Processing data from queue: 873976000704101299240268
2024-10-25T08:51:31.035Z [info]: Processed line: NG
2024-10-25T08:51:32.039Z [info]: Processing data from queue: NG
2024-10-25T08:51:42.704Z [info]: Processed line: NG
2024-10-25T08:51:43.709Z [info]: Processing data from queue: NG
2024-10-25T08:51:44.122Z [info]: Processed line: NG
2024-10-25T08:51:45.127Z [info]: Processing data from queue: NG
2024-10-25T08:51:49.908Z [info]: Processed line: NG
2024-10-25T08:51:50.914Z [info]: Processing data from queue: NG
2024-10-25T08:52:16.215Z [info]: Processed line: NG
2024-10-25T08:52:17.218Z [info]: Processing data from queue: NG
2024-10-25T08:52:27.351Z [info]: Processed line: NG
2024-10-25T08:52:28.361Z [info]: Processing data from queue: NG
2024-10-25T08:52:28.768Z [info]: Processed line: NG
2024-10-25T08:52:29.775Z [info]: Processing data from queue: NG
2024-10-25T08:53:01.044Z [info]: Processed line: NG
2024-10-25T08:53:02.053Z [info]: Processing data from queue: NG
2024-10-25T08:53:11.304Z [info]: Processed line: 873976000704101299240273
2024-10-25T08:53:12.090Z [info]: Processed line: 873976000704101299240273
2024-10-25T08:53:12.307Z [info]: Processing data from queue: 873976000704101299240273
2024-10-25T08:53:13.102Z [info]: Processing data from queue: 873976000704101299240273
2024-10-25T08:59:18.496Z [info]: Port opened successfully
2024-10-25T08:59:43.949Z [info]: Processed line: NG
2024-10-25T08:59:44.955Z [info]: Processing data from queue: NG
2024-10-25T08:59:55.220Z [info]: Processed line: NG
2024-10-25T08:59:56.222Z [info]: Processing data from queue: NG
2024-10-25T08:59:56.670Z [info]: Processed line: NG
2024-10-25T08:59:57.679Z [info]: Processing data from queue: NG
2024-10-25T09:01:33.883Z [info]: Processed line: NG
2024-10-25T09:01:34.892Z [info]: Processing data from queue: NG
2024-10-25T09:01:45.652Z [info]: Processed line: NG
2024-10-25T09:01:46.669Z [info]: Processing data from queue: NG
2024-10-25T09:01:47.103Z [info]: Processed line: NG
2024-10-25T09:01:48.118Z [info]: Processing data from queue: NG
2024-10-25T09:02:49.002Z [info]: Port opened successfully
2024-10-25T09:04:32.576Z [info]: Port opened successfully
2024-10-25T09:05:16.815Z [info]: Processed line: NG
2024-10-25T09:05:17.824Z [info]: Processing data from queue: NG
2024-10-25T09:05:28.701Z [info]: Processed line: NG
2024-10-25T09:05:29.709Z [info]: Processing data from queue: NG
2024-10-25T09:05:30.151Z [info]: Processed line: NG
2024-10-25T09:05:31.157Z [info]: Processing data from queue: NG
2024-10-25T09:12:18.458Z [info]: Processed line: NG
2024-10-25T09:12:19.462Z [info]: Processing data from queue: NG
2024-10-25T09:12:29.548Z [info]: Processed line: 873976000704101299240279
2024-10-25T09:12:30.299Z [info]: Processed line: 873976000704101299240279
2024-10-25T09:12:30.552Z [info]: Processing data from queue: 873976000704101299240279
2024-10-25T09:12:31.314Z [info]: Processing data from queue: 873976000704101299240279
2024-10-25T09:16:29.919Z [info]: Port opened successfully
2024-10-25T09:16:47.089Z [info]: Processed line: NG
2024-10-25T09:16:48.095Z [info]: Processing data from queue: NG
2024-10-25T09:16:59.926Z [info]: Processed line: NG
2024-10-25T09:17:00.941Z [info]: Processing data from queue: NG
2024-10-25T09:17:01.343Z [info]: Processed line: NG
2024-10-25T09:17:02.347Z [info]: Processing data from queue: NG
2024-10-25T09:17:04.539Z [info]: Processed line: 873976000704101299240280
2024-10-25T09:17:05.364Z [info]: Processed line: 873976000704101299240280
2024-10-25T09:17:05.552Z [info]: Processing data from queue: 873976000704101299240280
2024-10-25T09:17:06.112Z [info]: Processed line: 873976000704101299240280
2024-10-25T09:17:06.365Z [info]: Processing data from queue: 873976000704101299240280
2024-10-25T09:17:06.523Z [info]: Processed line: 873976000704101299240280
2024-10-25T09:17:07.130Z [info]: Processing data from queue: 873976000704101299240280
2024-10-25T09:17:07.536Z [info]: Processing data from queue: 873976000704101299240280
2024-10-25T09:17:29.550Z [info]: Processed line: NG
2024-10-25T09:17:30.558Z [info]: Processing data from queue: NG
2024-10-25T09:17:39.869Z [info]: Processed line: 873976000704101299240282
2024-10-25T09:17:40.852Z [info]: Processed line: 873976000704101299240282
2024-10-25T09:17:40.872Z [info]: Processing data from queue: 873976000704101299240282
2024-10-25T09:17:41.865Z [info]: Processing data from queue: 873976000704101299240282
2024-10-25T09:17:53.675Z [info]: Processed line: NG
2024-10-25T09:17:54.679Z [info]: Processing data from queue: NG
2024-10-25T09:18:05.262Z [info]: Processed line: NG
2024-10-25T09:18:06.269Z [info]: Processing data from queue: NG
2024-10-25T09:18:06.696Z [info]: Processed line: NG
2024-10-25T09:18:07.711Z [info]: Processing data from queue: NG
2024-10-25T09:18:10.718Z [info]: Processed line: 873976000704101299240283
2024-10-25T09:18:11.723Z [info]: Processing data from queue: 873976000704101299240283
2024-10-25T09:19:02.179Z [info]: Processed line: NG
2024-10-25T09:19:03.187Z [info]: Processing data from queue: NG
2024-10-25T09:19:12.720Z [info]: Processed line: 873976000704101299240285
2024-10-25T09:19:13.536Z [info]: Processed line: 873976000704101299240285
2024-10-25T09:19:13.731Z [info]: Processing data from queue: 873976000704101299240285
2024-10-25T09:19:14.541Z [info]: Processing data from queue: 873976000704101299240285
2024-10-25T09:19:24.001Z [info]: Processed line: NG
2024-10-25T09:19:25.003Z [info]: Processing data from queue: NG
2024-10-25T09:19:34.896Z [info]: Processed line: 873976000704101299240286
2024-10-25T09:19:35.675Z [info]: Processed line: 873976000704101299240286
2024-10-25T09:19:35.899Z [info]: Processing data from queue: 873976000704101299240286
2024-10-25T09:19:36.683Z [info]: Processing data from queue: 873976000704101299240286
2024-10-25T09:19:44.875Z [info]: Processed line: NG
2024-10-25T09:19:45.883Z [info]: Processing data from queue: NG
2024-10-25T09:19:55.506Z [info]: Processed line: 873976000704101299240287
2024-10-25T09:19:56.514Z [info]: Processing data from queue: 873976000704101299240287
2024-10-25T09:20:27.954Z [info]: Processed line: NG
2024-10-25T09:20:28.968Z [info]: Processing data from queue: NG
2024-10-25T09:20:39.152Z [info]: Processed line: 873976000704101299240288
2024-10-25T09:20:40.132Z [info]: Processed line: 873976000704101299240288
2024-10-25T09:20:40.160Z [info]: Processing data from queue: 873976000704101299240288
2024-10-25T09:20:41.141Z [info]: Processing data from queue: 873976000704101299240288
2024-10-25T09:20:54.579Z [info]: Processed line: NG
2024-10-25T09:20:55.591Z [info]: Processing data from queue: NG
2024-10-25T09:21:05.504Z [info]: Processed line: 873976000704101299240289
2024-10-25T09:21:06.271Z [info]: Processed line: 873976000704101299240289
2024-10-25T09:21:06.504Z [info]: Processing data from queue: 873976000704101299240289
2024-10-25T09:21:07.277Z [info]: Processing data from queue: 873976000704101299240289
2024-10-25T09:21:16.368Z [info]: Processed line: NG
2024-10-25T09:21:17.371Z [info]: Processing data from queue: NG
2024-10-25T09:21:27.173Z [info]: Processed line: 873976000704101299240290
2024-10-25T09:21:27.937Z [info]: Processed line: 873976000704101299240290
2024-10-25T09:21:28.174Z [info]: Processing data from queue: 873976000704101299240290
2024-10-25T09:21:28.948Z [info]: Processing data from queue: 873976000704101299240290
2024-10-25T09:21:37.459Z [info]: Processed line: NG
2024-10-25T09:21:38.469Z [info]: Processing data from queue: NG
2024-10-25T09:21:48.326Z [info]: Processed line: 873976000704101299240291
2024-10-25T09:21:49.330Z [info]: Processing data from queue: 873976000704101299240291
2024-10-25T09:21:49.664Z [info]: Processed line: 873976000704101299240291
2024-10-25T09:21:50.669Z [info]: Processing data from queue: 873976000704101299240291
2024-10-25T09:21:58.948Z [info]: Processed line: NG
2024-10-25T09:21:59.954Z [info]: Processing data from queue: NG
2024-10-25T09:22:10.278Z [info]: Processed line: 873976000704101299240292
2024-10-25T09:22:11.043Z [info]: Processed line: 873976000704101299240292
2024-10-25T09:22:11.280Z [info]: Processing data from queue: 873976000704101299240292
2024-10-25T09:22:12.049Z [info]: Processing data from queue: 873976000704101299240292
2024-10-25T09:22:20.254Z [info]: Processed line: NG
2024-10-25T09:22:21.257Z [info]: Processing data from queue: NG
2024-10-25T09:22:30.897Z [info]: Processed line: 873976000704101299240293
2024-10-25T09:22:31.629Z [info]: Processed line: 873976000704101299240293
2024-10-25T09:22:31.900Z [info]: Processing data from queue: 873976000704101299240293
2024-10-25T09:22:32.636Z [info]: Processing data from queue: 873976000704101299240293
2024-10-25T09:22:43.329Z [info]: Processed line: NG
2024-10-25T09:22:44.332Z [info]: Processing data from queue: NG
2024-10-25T09:22:54.483Z [info]: Processed line: 873976000704101299240294
2024-10-25T09:22:55.431Z [info]: Processed line: 873976000704101299240294
2024-10-25T09:22:55.485Z [info]: Processing data from queue: 873976000704101299240294
2024-10-25T09:22:56.433Z [info]: Processing data from queue: 873976000704101299240294
2024-10-25T09:23:05.118Z [info]: Processed line: NG
2024-10-25T09:23:06.123Z [info]: Processing data from queue: NG
2024-10-25T09:23:16.792Z [info]: Processed line: 873976000704101299240295
2024-10-25T09:23:17.540Z [info]: Processed line: 873976000704101299240295
2024-10-25T09:23:17.796Z [info]: Processing data from queue: 873976000704101299240295
2024-10-25T09:23:18.546Z [info]: Processing data from queue: 873976000704101299240295
2024-10-25T09:23:27.257Z [info]: Processed line: NG
2024-10-25T09:23:28.260Z [info]: Processing data from queue: NG
2024-10-25T09:23:38.332Z [info]: Processed line: 873976000704101299240296
2024-10-25T09:23:39.086Z [info]: Processed line: 873976000704101299240296
2024-10-25T09:23:39.332Z [info]: Processing data from queue: 873976000704101299240296
2024-10-25T09:23:40.100Z [info]: Processing data from queue: 873976000704101299240296
2024-10-25T09:23:50.515Z [info]: Processed line: NG
2024-10-25T09:23:51.517Z [info]: Processing data from queue: NG
2024-10-25T09:24:01.035Z [info]: Processed line: 873976000704101299240297
2024-10-25T09:24:01.779Z [info]: Processed line: 873976000704101299240297
2024-10-25T09:24:02.044Z [info]: Processing data from queue: 873976000704101299240297
2024-10-25T09:24:02.792Z [info]: Processing data from queue: 873976000704101299240297
2024-10-25T09:24:12.455Z [info]: Processed line: NG
2024-10-25T09:24:13.457Z [info]: Processing data from queue: NG
2024-10-25T09:24:23.221Z [info]: Processed line: 873976000704101299240298
2024-10-25T09:24:23.975Z [info]: Processed line: 873976000704101299240298
2024-10-25T09:24:24.232Z [info]: Processing data from queue: 873976000704101299240298
2024-10-25T09:24:24.978Z [info]: Processing data from queue: 873976000704101299240298
2024-10-25T09:24:33.995Z [info]: Processed line: NG
2024-10-25T09:24:35.001Z [info]: Processing data from queue: NG
2024-10-25T09:24:45.425Z [info]: Processed line: 873976000704101299240299
2024-10-25T09:24:46.178Z [info]: Processed line: 873976000704101299240299
2024-10-25T09:24:46.434Z [info]: Processing data from queue: 873976000704101299240299
2024-10-25T09:24:47.182Z [info]: Processing data from queue: 873976000704101299240299
2024-10-25T09:24:55.518Z [info]: Processed line: NG
2024-10-25T09:24:56.521Z [info]: Processing data from queue: NG
2024-10-25T09:25:07.122Z [info]: Processed line: NG
2024-10-25T09:25:08.136Z [info]: Processing data from queue: NG
2024-10-25T09:25:08.571Z [info]: Processed line: NG
2024-10-25T09:25:09.574Z [info]: Processing data from queue: NG
2024-10-25T09:25:24.993Z [info]: Processed line: NG
2024-10-25T09:25:25.997Z [info]: Processing data from queue: NG
2024-10-25T09:25:36.292Z [info]: Processed line: 873976000704101299240302
2024-10-25T09:25:37.292Z [info]: Processing data from queue: 873976000704101299240302
2024-10-25T09:25:37.305Z [info]: Processed line: 873976000704101299240302
2024-10-25T09:25:38.308Z [info]: Processing data from queue: 873976000704101299240302
2024-10-25T09:25:46.218Z [info]: Processed line: NG
2024-10-25T09:25:47.221Z [info]: Processing data from queue: NG
2024-10-25T09:25:56.906Z [info]: Processed line: 873976000704101299240303
2024-10-25T09:25:57.678Z [info]: Processed line: 873976000704101299240303
2024-10-25T09:25:57.908Z [info]: Processing data from queue: 873976000704101299240303
2024-10-25T09:25:58.690Z [info]: Processing data from queue: 873976000704101299240303
2024-10-25T09:26:07.940Z [info]: Processed line: NG
2024-10-25T09:26:08.948Z [info]: Processing data from queue: NG
2024-10-25T09:26:19.020Z [info]: Processed line: 873976000704101299240304
2024-10-25T09:26:19.773Z [info]: Processed line: 873976000704101299240304
2024-10-25T09:26:20.032Z [info]: Processing data from queue: 873976000704101299240304
2024-10-25T09:26:20.786Z [info]: Processing data from queue: 873976000704101299240304
2024-10-25T09:26:29.695Z [info]: Processed line: NG
2024-10-25T09:26:30.696Z [info]: Processing data from queue: NG
2024-10-25T09:26:40.131Z [info]: Processed line: 873976000704101299240305
2024-10-25T09:26:40.880Z [info]: Processed line: 873976000704101299240305
2024-10-25T09:26:41.132Z [info]: Processing data from queue: 873976000704101299240305
2024-10-25T09:26:41.894Z [info]: Processing data from queue: 873976000704101299240305
2024-10-25T09:48:51.231Z [info]: Processed line: NG
2024-10-25T09:48:52.244Z [info]: Processing data from queue: NG
2024-10-25T09:49:02.322Z [info]: Processed line: 873976000704101299240306
2024-10-25T09:49:03.087Z [info]: Processed line: 873976000704101299240306
2024-10-25T09:49:03.324Z [info]: Processing data from queue: 873976000704101299240306
2024-10-25T09:49:04.098Z [info]: Processing data from queue: 873976000704101299240306
2024-10-25T09:49:16.939Z [info]: Processed line: NG
2024-10-25T09:49:17.951Z [info]: Processing data from queue: NG
2024-10-25T09:49:27.876Z [info]: Processed line: 873976000704101299240307
2024-10-25T09:49:28.645Z [info]: Processed line: 873976000704101299240307
2024-10-25T09:49:28.879Z [info]: Processing data from queue: 873976000704101299240307
2024-10-25T09:49:29.648Z [info]: Processing data from queue: 873976000704101299240307
2024-10-25T09:49:42.931Z [info]: Processed line: NG
2024-10-25T09:49:43.933Z [info]: Processing data from queue: NG
2024-10-25T09:49:54.417Z [info]: Processed line: NG
2024-10-25T09:49:55.431Z [info]: Processing data from queue: NG
2024-10-25T09:49:55.834Z [info]: Processed line: NG
2024-10-25T09:49:56.837Z [info]: Processing data from queue: NG
2024-10-25T09:50:10.238Z [info]: Processed line: NG
2024-10-25T09:50:11.240Z [info]: Processing data from queue: NG
2024-10-25T09:50:21.210Z [info]: Processed line: 873976000704101299240310
2024-10-25T09:50:21.977Z [info]: Processed line: 873976000704101299240310
2024-10-25T09:50:22.214Z [info]: Processing data from queue: 873976000704101299240310
2024-10-25T09:50:22.987Z [info]: Processing data from queue: 873976000704101299240310
2024-10-25T09:50:33.828Z [info]: Processed line: NG
2024-10-25T09:50:34.837Z [info]: Processing data from queue: NG
2024-10-25T09:50:44.584Z [info]: Processed line: 873976000704101299240311
2024-10-25T09:50:45.349Z [info]: Processed line: 873976000704101299240311
2024-10-25T09:50:45.584Z [info]: Processing data from queue: 873976000704101299240311
2024-10-25T09:50:46.352Z [info]: Processing data from queue: 873976000704101299240311
2024-10-25T09:51:40.814Z [info]: Processed line: NG
2024-10-25T09:51:41.824Z [info]: Processing data from queue: NG
2024-10-25T09:51:51.901Z [info]: Processed line: 873976000704101299240312
2024-10-25T09:51:52.701Z [info]: Processed line: 873976000704101299240312
2024-10-25T09:51:52.908Z [info]: Processing data from queue: 873976000704101299240312
2024-10-25T09:51:53.704Z [info]: Processing data from queue: 873976000704101299240312
2024-10-25T09:52:05.389Z [info]: Processed line: NG
2024-10-25T09:52:06.390Z [info]: Processing data from queue: NG
2024-10-25T09:52:16.095Z [info]: Processed line: 873976000704101299240313
2024-10-25T09:52:16.894Z [info]: Processed line: 873976000704101299240313
2024-10-25T09:52:17.098Z [info]: Processing data from queue: 873976000704101299240313
2024-10-25T09:52:17.903Z [info]: Processing data from queue: 873976000704101299240313
2024-10-25T09:52:33.447Z [info]: Processed line: NG
2024-10-25T09:52:34.450Z [info]: Processing data from queue: NG
2024-10-25T09:52:43.913Z [info]: Processed line: 873976000704101299240314
2024-10-25T09:52:44.726Z [info]: Processed line: 873976000704101299240314
2024-10-25T09:52:44.914Z [info]: Processing data from queue: 873976000704101299240314
2024-10-25T09:52:45.742Z [info]: Processing data from queue: 873976000704101299240314
2024-10-25T09:52:58.855Z [info]: Processed line: NG
2024-10-25T09:52:59.857Z [info]: Processing data from queue: NG
2024-10-25T09:53:10.337Z [info]: Processed line: 873976000704101299240315
2024-10-25T09:53:11.343Z [info]: Processing data from queue: 873976000704101299240315
2024-10-25T09:53:11.768Z [info]: Processed line: 873976000704101299240315
2024-10-25T09:53:12.777Z [info]: Processing data from queue: 873976000704101299240315
2024-10-25T09:53:22.629Z [info]: Processed line: NG
2024-10-25T09:53:23.630Z [info]: Processing data from queue: NG
2024-10-25T09:53:33.218Z [info]: Processed line: 873976000704101299240316
2024-10-25T09:53:33.982Z [info]: Processed line: 873976000704101299240316
2024-10-25T09:53:34.218Z [info]: Processing data from queue: 873976000704101299240316
2024-10-25T09:53:34.984Z [info]: Processing data from queue: 873976000704101299240316
2024-10-25T09:53:49.087Z [info]: Processed line: NG
2024-10-25T09:53:50.096Z [info]: Processing data from queue: NG
2024-10-25T09:54:01.007Z [info]: Processed line: NG
2024-10-25T09:54:02.022Z [info]: Processing data from queue: NG
2024-10-25T09:54:02.624Z [info]: Processed line: NG
2024-10-25T09:54:03.627Z [info]: Processing data from queue: NG
2024-10-25T10:06:27.549Z [info]: Port opened successfully
2024-10-25T10:07:32.354Z [info]: Processed line: NG
2024-10-25T10:07:33.361Z [info]: Processing data from queue: NG
2024-10-25T10:07:42.679Z [info]: Processed line: 873976000704101299240318
2024-10-25T10:07:43.690Z [info]: Processing data from queue: 873976000704101299240318
2024-10-25T10:07:44.304Z [info]: Processed line: 873976000704101299240318
2024-10-25T10:07:45.314Z [info]: Processing data from queue: 873976000704101299240318
2024-10-25T10:07:54.743Z [info]: Processed line: NG
2024-10-25T10:07:55.755Z [info]: Processing data from queue: NG
2024-10-25T10:08:16.083Z [info]: Processed line: NG
2024-10-25T10:08:17.087Z [info]: Processing data from queue: NG
2024-10-25T10:08:32.973Z [info]: Processed line: NG
2024-10-25T10:08:33.978Z [info]: Processing data from queue: NG
2024-10-25T10:08:43.676Z [info]: Processed line: 873976000704101299240321
2024-10-25T10:08:44.447Z [info]: Processed line: 873976000704101299240321
2024-10-25T10:08:44.681Z [info]: Processing data from queue: 873976000704101299240321
2024-10-25T10:08:45.449Z [info]: Processing data from queue: 873976000704101299240321
2024-10-25T10:08:59.379Z [info]: Processed line: NG
2024-10-25T10:09:00.382Z [info]: Processing data from queue: NG
2024-10-25T10:09:10.683Z [info]: Processed line: 873976000704101299240322
2024-10-25T10:09:11.441Z [info]: Processed line: 873976000704101299240322
2024-10-25T10:09:11.687Z [info]: Processing data from queue: 873976000704101299240322
2024-10-25T10:09:12.449Z [info]: Processing data from queue: 873976000704101299240322
2024-10-25T10:09:23.186Z [info]: Processed line: NG
2024-10-25T10:09:24.201Z [info]: Processing data from queue: NG
2024-10-25T10:09:34.376Z [info]: Processed line: 873976000704101299240323
2024-10-25T10:09:35.295Z [info]: Processed line: 873976000704101299240323
2024-10-25T10:09:35.386Z [info]: Processing data from queue: 873976000704101299240323
2024-10-25T10:09:36.297Z [info]: Processing data from queue: 873976000704101299240323
2024-10-25T10:09:46.660Z [info]: Processed line: NG
2024-10-25T10:09:47.664Z [info]: Processing data from queue: NG
2024-10-25T10:09:57.520Z [info]: Processed line: 873976000704101299240324
2024-10-25T10:09:58.272Z [info]: Processed line: 873976000704101299240324
2024-10-25T10:09:58.521Z [info]: Processing data from queue: 873976000704101299240324
2024-10-25T10:09:59.276Z [info]: Processing data from queue: 873976000704101299240324
2024-10-25T10:10:26.955Z [info]: Processed line: NG
2024-10-25T10:10:27.961Z [info]: Processing data from queue: NG
2024-10-25T10:10:36.118Z [info]: Processed line: 873976000704101299240325
2024-10-25T10:10:36.867Z [info]: Processed line: 873976000704101299240325
2024-10-25T10:10:37.119Z [info]: Processing data from queue: 873976000704101299240325
2024-10-25T10:10:37.873Z [info]: Processing data from queue: 873976000704101299240325
2024-10-25T10:10:48.379Z [info]: Processed line: NG
2024-10-25T10:10:49.382Z [info]: Processing data from queue: NG
2024-10-25T10:10:57.436Z [info]: Processed line: 873976000704101299240326
2024-10-25T10:10:58.206Z [info]: Processed line: 873976000704101299240326
2024-10-25T10:10:58.441Z [info]: Processing data from queue: 873976000704101299240326
2024-10-25T10:10:59.208Z [info]: Processing data from queue: 873976000704101299240326
2024-10-25T10:11:09.518Z [info]: Processed line: NG
2024-10-25T10:11:10.534Z [info]: Processing data from queue: NG
2024-10-25T10:11:17.655Z [info]: Processed line: 873976000704101299240327
2024-10-25T10:11:18.396Z [info]: Processed line: 873976000704101299240327
2024-10-25T10:11:18.667Z [info]: Processing data from queue: 873976000704101299240327
2024-10-25T10:11:19.401Z [info]: Processing data from queue: 873976000704101299240327
2024-10-25T10:11:59.234Z [info]: Processed line: NG
2024-10-25T10:12:00.243Z [info]: Processing data from queue: NG
2024-10-25T10:12:07.271Z [info]: Processed line: 873976000704101299240328
2024-10-25T10:12:08.060Z [info]: Processed line: 873976000704101299240328
2024-10-25T10:12:08.285Z [info]: Processing data from queue: 873976000704101299240328
2024-10-25T10:12:09.075Z [info]: Processing data from queue: 873976000704101299240328
2024-10-25T10:12:32.560Z [info]: Processed line: NG
2024-10-25T10:12:33.563Z [info]: Processing data from queue: NG
2024-10-25T10:12:42.137Z [info]: Processed line: 873976000704101299240329
2024-10-25T10:12:42.887Z [info]: Processed line: 873976000704101299240329
2024-10-25T10:12:43.139Z [info]: Processing data from queue: 873976000704101299240329
2024-10-25T10:12:43.899Z [info]: Processing data from queue: 873976000704101299240329
2024-10-25T10:12:58.318Z [info]: Processed line: NG
2024-10-25T10:12:59.328Z [info]: Processing data from queue: NG
2024-10-25T10:13:08.061Z [info]: Processed line: 873976000704101299240330
2024-10-25T10:13:08.811Z [info]: Processed line: 873976000704101299240330
2024-10-25T10:13:09.064Z [info]: Processing data from queue: 873976000704101299240330
2024-10-25T10:13:09.818Z [info]: Processing data from queue: 873976000704101299240330
2024-10-25T10:13:22.391Z [info]: Processed line: NG
2024-10-25T10:13:23.396Z [info]: Processing data from queue: NG
2024-10-25T10:13:31.410Z [info]: Processed line: 873976000704101299240331
2024-10-25T10:13:32.194Z [info]: Processed line: 873976000704101299240331
2024-10-25T10:13:32.420Z [info]: Processing data from queue: 873976000704101299240331
2024-10-25T10:13:33.200Z [info]: Processing data from queue: 873976000704101299240331
2024-10-25T10:14:35.814Z [info]: Processed line: NG
2024-10-25T10:14:36.824Z [info]: Processing data from queue: NG
2024-10-25T10:14:44.731Z [info]: Processed line: 873976000704101299240332
2024-10-25T10:14:45.491Z [info]: Processed line: 873976000704101299240332
2024-10-25T10:14:45.735Z [info]: Processing data from queue: 873976000704101299240332
2024-10-25T10:14:46.494Z [info]: Processing data from queue: 873976000704101299240332
2024-10-25T10:15:01.121Z [info]: Processed line: NG
2024-10-25T10:15:02.123Z [info]: Processing data from queue: NG
2024-10-25T10:15:10.265Z [info]: Processed line: 873976000704101299240333
2024-10-25T10:15:11.016Z [info]: Processed line: 873976000704101299240333
2024-10-25T10:15:11.271Z [info]: Processing data from queue: 873976000704101299240333
2024-10-25T10:15:12.025Z [info]: Processing data from queue: 873976000704101299240333
2024-10-25T10:15:27.945Z [info]: Processed line: NG
2024-10-25T10:15:28.950Z [info]: Processing data from queue: NG
2024-10-25T10:15:37.207Z [info]: Processed line: 873976000704101299240334
2024-10-25T10:15:37.959Z [info]: Processed line: 873976000704101299240334
2024-10-25T10:15:38.209Z [info]: Processing data from queue: 873976000704101299240334
2024-10-25T10:15:38.963Z [info]: Processing data from queue: 873976000704101299240334
2024-10-25T10:15:48.919Z [info]: Processed line: NG
2024-10-25T10:15:49.924Z [info]: Processing data from queue: NG
2024-10-25T10:15:58.524Z [info]: Processed line: 873976000704101299240335
2024-10-25T10:15:59.306Z [info]: Processed line: 873976000704101299240335
2024-10-25T10:15:59.526Z [info]: Processing data from queue: 873976000704101299240335
2024-10-25T10:16:00.310Z [info]: Processing data from queue: 873976000704101299240335
2024-10-25T10:16:19.344Z [info]: Processed line: NG
2024-10-25T10:16:20.353Z [info]: Processing data from queue: NG
2024-10-25T10:16:28.903Z [info]: Processed line: 873976000704101299240336
2024-10-25T10:16:29.663Z [info]: Processed line: 873976000704101299240336
2024-10-25T10:16:29.909Z [info]: Processing data from queue: 873976000704101299240336
2024-10-25T10:16:30.669Z [info]: Processing data from queue: 873976000704101299240336
2024-10-25T10:16:45.719Z [info]: Processed line: NG
2024-10-25T10:16:46.723Z [info]: Processing data from queue: NG
2024-10-25T10:16:55.510Z [info]: Processed line: 873976000704101299240337
2024-10-25T10:16:56.273Z [info]: Processed line: 873976000704101299240337
2024-10-25T10:16:56.512Z [info]: Processing data from queue: 873976000704101299240337
2024-10-25T10:16:57.282Z [info]: Processing data from queue: 873976000704101299240337
2024-10-25T10:17:08.092Z [info]: Processed line: NG
2024-10-25T10:17:09.095Z [info]: Processing data from queue: NG
2024-10-25T10:17:17.225Z [info]: Processed line: 873976000704101299240338
2024-10-25T10:17:17.969Z [info]: Processed line: 873976000704101299240338
2024-10-25T10:17:18.237Z [info]: Processing data from queue: 873976000704101299240338
2024-10-25T10:17:18.980Z [info]: Processing data from queue: 873976000704101299240338
2024-10-25T10:17:33.601Z [info]: Processed line: NG
2024-10-25T10:17:34.607Z [info]: Processing data from queue: NG
2024-10-25T10:17:43.302Z [info]: Processed line: 873976000704101299240339
2024-10-25T10:17:44.039Z [info]: Processed line: 873976000704101299240339
2024-10-25T10:17:44.313Z [info]: Processing data from queue: 873976000704101299240339
2024-10-25T10:17:45.043Z [info]: Processing data from queue: 873976000704101299240339
2024-10-25T10:17:58.808Z [info]: Processed line: NG
2024-10-25T10:17:59.811Z [info]: Processing data from queue: NG
2024-10-25T10:18:08.360Z [info]: Processed line: NG
2024-10-25T10:18:09.367Z [info]: Processing data from queue: NG
2024-10-25T10:18:09.944Z [info]: Processed line: NG
2024-10-25T10:18:10.947Z [info]: Processing data from queue: NG
2024-10-25T10:18:28.882Z [info]: Processed line: NG
2024-10-25T10:18:29.893Z [info]: Processing data from queue: NG
2024-10-25T10:18:37.796Z [info]: Processed line: 873976000704101299240342
2024-10-25T10:18:38.544Z [info]: Processed line: 873976000704101299240342
2024-10-25T10:18:38.797Z [info]: Processing data from queue: 873976000704101299240342
2024-10-25T10:18:39.552Z [info]: Processing data from queue: 873976000704101299240342
2024-10-25T10:19:06.161Z [info]: Processed line: NG
2024-10-25T10:19:07.163Z [info]: Processing data from queue: NG
2024-10-25T10:19:16.822Z [info]: Processed line: 873976000704101299240343
2024-10-25T10:19:17.572Z [info]: Processed line: 873976000704101299240343
2024-10-25T10:19:17.832Z [info]: Processing data from queue: 873976000704101299240343
2024-10-25T10:19:18.578Z [info]: Processing data from queue: 873976000704101299240343
2024-10-25T10:19:27.884Z [info]: Processed line: NG
2024-10-25T10:19:28.890Z [info]: Processing data from queue: NG
2024-10-25T10:19:37.033Z [info]: Processed line: 873976000704101299240344
2024-10-25T10:19:37.797Z [info]: Processed line: 873976000704101299240344
2024-10-25T10:19:38.035Z [info]: Processing data from queue: 873976000704101299240344
2024-10-25T10:19:38.805Z [info]: Processing data from queue: 873976000704101299240344
2024-10-25T10:19:54.292Z [info]: Processed line: NG
2024-10-25T10:19:55.298Z [info]: Processing data from queue: NG
2024-10-25T10:20:03.969Z [info]: Processed line: 873976000704101299240345
2024-10-25T10:20:04.705Z [info]: Processed line: 873976000704101299240345
2024-10-25T10:20:04.970Z [info]: Processing data from queue: 873976000704101299240345
2024-10-25T10:20:05.712Z [info]: Processing data from queue: 873976000704101299240345
2024-10-25T10:20:30.202Z [info]: Processed line: NG
2024-10-25T10:20:31.211Z [info]: Processing data from queue: NG
2024-10-25T10:20:39.424Z [info]: Processed line: 873976000704101299240346
2024-10-25T10:20:40.157Z [info]: Processed line: 873976000704101299240346
2024-10-25T10:20:40.431Z [info]: Processing data from queue: 873976000704101299240346
2024-10-25T10:20:41.160Z [info]: Processing data from queue: 873976000704101299240346
2024-10-25T10:20:52.443Z [info]: Processed line: NG
2024-10-25T10:20:53.444Z [info]: Processing data from queue: NG
2024-10-25T10:21:01.469Z [info]: Processed line: 873976000704101299240347
2024-10-25T10:21:02.219Z [info]: Processed line: 873976000704101299240347
2024-10-25T10:21:02.480Z [info]: Processing data from queue: 873976000704101299240347
2024-10-25T10:21:03.221Z [info]: Processing data from queue: 873976000704101299240347
2024-10-25T10:21:18.717Z [info]: Processed line: NG
2024-10-25T10:21:19.723Z [info]: Processing data from queue: NG
2024-10-25T10:21:28.155Z [info]: Processed line: 873976000704101299240348
2024-10-25T10:21:28.928Z [info]: Processed line: 873976000704101299240348
2024-10-25T10:21:29.159Z [info]: Processing data from queue: 873976000704101299240348
2024-10-25T10:21:29.936Z [info]: Processing data from queue: 873976000704101299240348
2024-10-25T10:21:43.208Z [info]: Processed line: NG
2024-10-25T10:21:44.216Z [info]: Processing data from queue: NG
2024-10-25T10:21:52.346Z [info]: Processed line: 873976000704101299240349
2024-10-25T10:21:53.103Z [info]: Processed line: 873976000704101299240349
2024-10-25T10:21:53.351Z [info]: Processing data from queue: 873976000704101299240349
2024-10-25T10:21:54.111Z [info]: Processing data from queue: 873976000704101299240349
2024-10-25T10:22:16.250Z [info]: Processed line: NG
2024-10-25T10:22:17.254Z [info]: Processing data from queue: NG
2024-10-25T10:22:25.827Z [info]: Processed line: 873976000704101299240350
2024-10-25T10:22:26.577Z [info]: Processed line: 873976000704101299240350
2024-10-25T10:22:26.829Z [info]: Processing data from queue: 873976000704101299240350
2024-10-25T10:22:27.580Z [info]: Processing data from queue: 873976000704101299240350
2024-10-25T10:22:37.508Z [info]: Processed line: NG
2024-10-25T10:22:38.511Z [info]: Processing data from queue: NG
2024-10-25T10:22:46.751Z [info]: Processed line: 873976000704101299240351
2024-10-25T10:22:47.502Z [info]: Processed line: 873976000704101299240351
2024-10-25T10:22:47.760Z [info]: Processing data from queue: 873976000704101299240351
2024-10-25T10:22:48.503Z [info]: Processing data from queue: 873976000704101299240351
2024-10-25T10:22:59.364Z [info]: Processed line: NG
2024-10-25T10:23:00.374Z [info]: Processing data from queue: NG
2024-10-25T10:23:08.713Z [info]: Processed line: 873976000704101299240352
2024-10-25T10:23:09.477Z [info]: Processed line: 873976000704101299240352
2024-10-25T10:23:09.716Z [info]: Processing data from queue: 873976000704101299240352
2024-10-25T10:23:10.485Z [info]: Processing data from queue: 873976000704101299240352
2024-10-25T10:23:29.639Z [info]: Processed line: NG
2024-10-25T10:23:30.654Z [info]: Processing data from queue: NG
2024-10-25T10:23:39.210Z [info]: Processed line: 873976000704101299240353
2024-10-25T10:23:39.961Z [info]: Processed line: 873976000704101299240353
2024-10-25T10:23:40.211Z [info]: Processing data from queue: 873976000704101299240353
2024-10-25T10:23:40.976Z [info]: Processing data from queue: 873976000704101299240353
2024-10-25T10:24:01.166Z [info]: Processed line: NG
2024-10-25T10:24:02.168Z [info]: Processing data from queue: NG
2024-10-25T10:24:10.493Z [info]: Processed line: 873976000704101299240354
2024-10-25T10:24:11.248Z [info]: Processed line: 873976000704101299240354
2024-10-25T10:24:11.493Z [info]: Processing data from queue: 873976000704101299240354
2024-10-25T10:24:12.253Z [info]: Processing data from queue: 873976000704101299240354
2024-10-25T10:24:25.806Z [info]: Processed line: NG
2024-10-25T10:24:26.817Z [info]: Processing data from queue: NG
2024-10-25T10:24:35.385Z [info]: Processed line: 873976000704101299240355
2024-10-25T10:24:36.151Z [info]: Processed line: 873976000704101299240355
2024-10-25T10:24:36.385Z [info]: Processing data from queue: 873976000704101299240355
2024-10-25T10:24:37.161Z [info]: Processing data from queue: 873976000704101299240355
2024-10-25T10:24:46.763Z [info]: Processed line: NG
2024-10-25T10:24:47.766Z [info]: Processing data from queue: NG
2024-10-25T10:24:56.138Z [info]: Processed line: 873976000704101299240356
2024-10-25T10:24:56.921Z [info]: Processed line: 873976000704101299240356
2024-10-25T10:24:57.140Z [info]: Processing data from queue: 873976000704101299240356
2024-10-25T10:24:57.925Z [info]: Processing data from queue: 873976000704101299240356
2024-10-25T11:06:46.716Z [info]: Processed line: NG
2024-10-25T11:06:47.726Z [info]: Processing data from queue: NG
2024-10-25T11:06:55.973Z [info]: Processed line: 873976000704101299240357
2024-10-25T11:06:56.734Z [info]: Processed line: 873976000704101299240357
2024-10-25T11:06:56.975Z [info]: Processing data from queue: 873976000704101299240357
2024-10-25T11:06:57.736Z [info]: Processing data from queue: 873976000704101299240357
2024-10-25T11:08:14.360Z [info]: Processed line: NG
2024-10-25T11:08:15.364Z [info]: Processing data from queue: NG
2024-10-25T11:08:23.747Z [info]: Processed line: 873976000704101299240358
2024-10-25T11:08:24.539Z [info]: Processed line: 873976000704101299240358
2024-10-25T11:08:24.759Z [info]: Processing data from queue: 873976000704101299240358
2024-10-25T11:08:25.550Z [info]: Processing data from queue: 873976000704101299240358
2024-10-25T11:08:40.150Z [info]: Processed line: NG
2024-10-25T11:08:41.153Z [info]: Processing data from queue: NG
2024-10-25T11:08:49.839Z [info]: Processed line: 873976000704101299240359
2024-10-25T11:08:50.605Z [info]: Processed line: 873976000704101299240359
2024-10-25T11:08:50.843Z [info]: Processing data from queue: 873976000704101299240359
2024-10-25T11:08:51.611Z [info]: Processing data from queue: 873976000704101299240359
2024-10-25T11:09:05.842Z [info]: Processed line: NG
2024-10-25T11:09:06.844Z [info]: Processing data from queue: NG
2024-10-25T11:09:15.063Z [info]: Processed line: 873976000704101299240360
2024-10-25T11:09:15.797Z [info]: Processed line: 873976000704101299240360
2024-10-25T11:09:16.076Z [info]: Processing data from queue: 873976000704101299240360
2024-10-25T11:09:16.801Z [info]: Processing data from queue: 873976000704101299240360
2024-10-25T11:09:32.750Z [info]: Processed line: NG
2024-10-25T11:09:33.759Z [info]: Processing data from queue: NG
2024-10-25T11:09:42.341Z [info]: Processed line: 873976000704101299240361
2024-10-25T11:09:43.124Z [info]: Processed line: 873976000704101299240361
2024-10-25T11:09:43.342Z [info]: Processing data from queue: 873976000704101299240361
2024-10-25T11:09:44.125Z [info]: Processing data from queue: 873976000704101299240361
2024-10-25T11:09:58.241Z [info]: Processed line: NG
2024-10-25T11:09:59.251Z [info]: Processing data from queue: NG
2024-10-25T11:10:07.995Z [info]: Processed line: 873976000704101299240362
2024-10-25T11:10:09.001Z [info]: Processing data from queue: 873976000704101299240362
2024-10-25T11:10:09.578Z [info]: Processed line: NG
2024-10-25T11:10:10.581Z [info]: Processing data from queue: NG
2024-10-25T11:10:30.300Z [info]: Processed line: NG
2024-10-25T11:10:31.301Z [info]: Processing data from queue: NG
2024-10-25T11:10:39.188Z [info]: Processed line: 873976000704101299240364
2024-10-25T11:10:39.921Z [info]: Processed line: 873976000704101299240364
2024-10-25T11:10:40.192Z [info]: Processing data from queue: 873976000704101299240364
2024-10-25T11:10:40.926Z [info]: Processing data from queue: 873976000704101299240364
2024-10-25T11:11:14.247Z [info]: Processed line: NG
2024-10-25T11:11:15.260Z [info]: Processing data from queue: NG
2024-10-25T11:11:23.174Z [info]: Processed line: 873976000704101299240364
2024-10-25T11:11:23.901Z [info]: Processed line: 873976000704101299240364
2024-10-25T11:11:24.184Z [info]: Processing data from queue: 873976000704101299240364
2024-10-25T11:11:24.906Z [info]: Processing data from queue: 873976000704101299240364
2024-10-25T11:11:56.377Z [info]: Processed line: NG
2024-10-25T11:11:57.380Z [info]: Processing data from queue: NG
2024-10-25T11:12:05.614Z [info]: Processed line: 873976000704101299240366
2024-10-25T11:12:06.348Z [info]: Processed line: 873976000704101299240366
2024-10-25T11:12:06.624Z [info]: Processing data from queue: 873976000704101299240366
2024-10-25T11:12:07.349Z [info]: Processing data from queue: 873976000704101299240366
2024-10-25T11:12:33.037Z [info]: Processed line: NG
2024-10-25T11:12:34.039Z [info]: Processing data from queue: NG
2024-10-25T11:12:42.512Z [info]: Processed line: 873976000704101299240367
2024-10-25T11:12:43.279Z [info]: Processed line: 873976000704101299240367
2024-10-25T11:12:43.514Z [info]: Processing data from queue: 873976000704101299240367
2024-10-25T11:12:44.281Z [info]: Processing data from queue: 873976000704101299240367
2024-10-25T11:12:59.329Z [info]: Processed line: NG
2024-10-25T11:13:00.332Z [info]: Processing data from queue: NG
2024-10-25T11:13:08.476Z [info]: Processed line: 873976000704101299240368
2024-10-25T11:13:09.212Z [info]: Processed line: 873976000704101299240368
2024-10-25T11:13:09.480Z [info]: Processing data from queue: 873976000704101299240368
2024-10-25T11:13:10.224Z [info]: Processing data from queue: 873976000704101299240368
2024-10-25T11:13:41.607Z [info]: Processed line: NG
2024-10-25T11:13:42.614Z [info]: Processing data from queue: NG
2024-10-25T11:13:50.952Z [info]: Processed line: 873976000704101299240369
2024-10-25T11:13:51.686Z [info]: Processed line: 873976000704101299240369
2024-10-25T11:13:51.953Z [info]: Processing data from queue: 873976000704101299240369
2024-10-25T11:13:52.700Z [info]: Processing data from queue: 873976000704101299240369
2024-10-25T11:14:16.601Z [info]: Processed line: NG
2024-10-25T11:14:17.611Z [info]: Processing data from queue: NG
2024-10-25T11:14:25.522Z [info]: Processed line: 873976000704101299240370
2024-10-25T11:14:26.273Z [info]: Processed line: 873976000704101299240370
2024-10-25T11:14:26.530Z [info]: Processing data from queue: 873976000704101299240370
2024-10-25T11:14:27.277Z [info]: Processing data from queue: 873976000704101299240370
2024-10-25T11:19:51.519Z [info]: Processed line: NG
2024-10-25T11:19:52.523Z [info]: Processing data from queue: NG
2024-10-25T11:20:00.651Z [info]: Processed line: 873976000704101299240371
2024-10-25T11:20:01.390Z [info]: Processed line: 873976000704101299240371
2024-10-25T11:20:01.656Z [info]: Processing data from queue: 873976000704101299240371
2024-10-25T11:20:02.397Z [info]: Processing data from queue: 873976000704101299240371
2024-10-25T11:20:12.258Z [info]: Processed line: NG
2024-10-25T11:20:13.265Z [info]: Processing data from queue: NG
2024-10-25T11:20:21.811Z [info]: Processed line: 873976000704101299240372
2024-10-25T11:20:22.573Z [info]: Processed line: 873976000704101299240372
2024-10-25T11:20:22.812Z [info]: Processing data from queue: 873976000704101299240372
2024-10-25T11:20:23.581Z [info]: Processing data from queue: 873976000704101299240372
2024-10-25T11:21:49.469Z [info]: Processed line: NG
2024-10-25T11:21:50.481Z [info]: Processing data from queue: NG
2024-10-25T11:21:58.692Z [info]: Processed line: 873976000704101299240373
2024-10-25T11:21:59.448Z [info]: Processed line: 873976000704101299240373
2024-10-25T11:21:59.695Z [info]: Processing data from queue: 873976000704101299240373
2024-10-25T11:22:00.449Z [info]: Processing data from queue: 873976000704101299240373
2024-10-25T11:22:23.181Z [info]: Processed line: NG
2024-10-25T11:22:24.182Z [info]: Processing data from queue: NG
2024-10-25T11:22:32.747Z [info]: Processed line: 873976000704101299240374
2024-10-25T11:22:33.485Z [info]: Processed line: 873976000704101299240374
2024-10-25T11:22:33.758Z [info]: Processing data from queue: 873976000704101299240374
2024-10-25T11:22:34.488Z [info]: Processing data from queue: 873976000704101299240374
2024-10-25T11:22:54.857Z [info]: Processed line: NG
2024-10-25T11:22:55.860Z [info]: Processing data from queue: NG
2024-10-25T11:23:04.517Z [info]: Processed line: 873976000704101299240375
2024-10-25T11:23:05.533Z [info]: Processing data from queue: 873976000704101299240375
2024-10-25T11:23:05.968Z [info]: Processed line: 873976000704101299240375
2024-10-25T11:23:06.972Z [info]: Processing data from queue: 873976000704101299240375
2024-10-25T11:23:18.998Z [info]: Processed line: NG
2024-10-25T11:23:20.000Z [info]: Processing data from queue: NG
2024-10-25T11:23:29.451Z [info]: Processed line: 873976000704101299240376
2024-10-25T11:23:30.185Z [info]: Processed line: 873976000704101299240376
2024-10-25T11:23:30.465Z [info]: Processing data from queue: 873976000704101299240376
2024-10-25T11:23:31.191Z [info]: Processing data from queue: 873976000704101299240376
2024-10-25T11:24:00.894Z [info]: Processed line: NG
2024-10-25T11:24:01.907Z [info]: Processing data from queue: NG
2024-10-25T11:24:10.119Z [info]: Processed line: 873976000704101299240377
2024-10-25T11:24:10.867Z [info]: Processed line: 873976000704101299240377
2024-10-25T11:24:11.134Z [info]: Processing data from queue: 873976000704101299240377
2024-10-25T11:24:11.872Z [info]: Processing data from queue: 873976000704101299240377
2024-10-25T11:24:32.753Z [info]: Processed line: NG
2024-10-25T11:24:33.756Z [info]: Processing data from queue: NG
2024-10-25T11:24:42.756Z [info]: Processed line: 873976000704101299240378
2024-10-25T11:24:43.491Z [info]: Processed line: 873976000704101299240378
2024-10-25T11:24:43.769Z [info]: Processing data from queue: 873976000704101299240378
2024-10-25T11:24:44.495Z [info]: Processing data from queue: 873976000704101299240378
2024-10-25T11:26:15.800Z [info]: Processed line: NG
2024-10-25T11:26:16.809Z [info]: Processing data from queue: NG
2024-10-25T11:26:25.682Z [info]: Processed line: 873976000704101299240379
2024-10-25T11:26:26.438Z [info]: Processed line: 873976000704101299240379
2024-10-25T11:26:26.692Z [info]: Processing data from queue: 873976000704101299240379
2024-10-25T11:26:27.439Z [info]: Processing data from queue: 873976000704101299240379
2024-10-25T11:26:46.059Z [info]: Processed line: NG
2024-10-25T11:26:47.063Z [info]: Processing data from queue: NG
2024-10-25T11:26:55.537Z [info]: Processed line: 873976000704101299240380
2024-10-25T11:26:56.288Z [info]: Processed line: 873976000704101299240380
2024-10-25T11:26:56.542Z [info]: Processing data from queue: 873976000704101299240380
2024-10-25T11:26:57.289Z [info]: Processing data from queue: 873976000704101299240380
2024-10-25T11:27:14.885Z [info]: Processed line: NG
2024-10-25T11:27:15.902Z [info]: Processing data from queue: NG
2024-10-25T11:27:24.111Z [info]: Processed line: 873976000704101299240381
2024-10-25T11:27:24.856Z [info]: Processed line: 873976000704101299240381
2024-10-25T11:27:25.113Z [info]: Processing data from queue: 873976000704101299240381
2024-10-25T11:27:25.863Z [info]: Processing data from queue: 873976000704101299240381
2024-10-25T11:28:04.900Z [info]: Processed line: NG
2024-10-25T11:28:05.900Z [info]: Processing data from queue: NG
2024-10-25T11:28:14.678Z [info]: Processed line: 873976000704101299240382
2024-10-25T11:28:15.430Z [info]: Processed line: 873976000704101299240382
2024-10-25T11:28:15.681Z [info]: Processing data from queue: 873976000704101299240382
2024-10-25T11:28:16.437Z [info]: Processing data from queue: 873976000704101299240382
2024-10-25T11:29:27.991Z [info]: Processed line: NG
2024-10-25T11:29:28.995Z [info]: Processing data from queue: NG
2024-10-25T11:29:38.132Z [info]: Processed line: 873976000704101299240383
2024-10-25T11:29:38.895Z [info]: Processed line: 873976000704101299240383
2024-10-25T11:29:39.134Z [info]: Processing data from queue: 873976000704101299240383
2024-10-25T11:29:39.898Z [info]: Processing data from queue: 873976000704101299240383
2024-10-25T11:30:08.053Z [info]: Processed line: NG
2024-10-25T11:30:09.062Z [info]: Processing data from queue: NG
2024-10-25T11:30:18.124Z [info]: Processed line: 873976000704101299240384
2024-10-25T11:30:18.858Z [info]: Processed line: 873976000704101299240384
2024-10-25T11:30:19.137Z [info]: Processing data from queue: 873976000704101299240384
2024-10-25T11:30:19.862Z [info]: Processing data from queue: 873976000704101299240384
2024-10-25T11:30:39.962Z [info]: Processed line: NG
2024-10-25T11:30:40.966Z [info]: Processing data from queue: NG
2024-10-25T11:30:50.183Z [info]: Processed line: 873976000704101299240385
2024-10-25T11:30:50.916Z [info]: Processed line: 873976000704101299240385
2024-10-25T11:30:51.198Z [info]: Processing data from queue: 873976000704101299240385
2024-10-25T11:30:51.923Z [info]: Processing data from queue: 873976000704101299240385
2024-10-25T11:31:01.253Z [info]: Processed line: NG
2024-10-25T11:31:02.256Z [info]: Processing data from queue: NG
2024-10-25T11:31:10.163Z [info]: Processed line: 873976000704101299240386
2024-10-25T11:31:10.944Z [info]: Processed line: 873976000704101299240386
2024-10-25T11:31:11.164Z [info]: Processing data from queue: 873976000704101299240386
2024-10-25T11:31:11.956Z [info]: Processing data from queue: 873976000704101299240386
2024-10-25T11:31:23.459Z [info]: Processed line: NG
2024-10-25T11:31:24.463Z [info]: Processing data from queue: NG
2024-10-25T11:31:32.169Z [info]: Processed line: 873976000704101299240387
2024-10-25T11:31:32.903Z [info]: Processed line: 873976000704101299240387
2024-10-25T11:31:33.186Z [info]: Processing data from queue: 873976000704101299240387
2024-10-25T11:31:33.909Z [info]: Processing data from queue: 873976000704101299240387
2024-10-25T11:31:48.749Z [info]: Processed line: NG
2024-10-25T11:31:49.751Z [info]: Processing data from queue: NG
2024-10-25T11:31:58.334Z [info]: Processed line: 873976000704101299240388
2024-10-25T11:31:59.085Z [info]: Processed line: 873976000704101299240388
2024-10-25T11:31:59.344Z [info]: Processing data from queue: 873976000704101299240388
2024-10-25T11:32:00.098Z [info]: Processing data from queue: 873976000704101299240388
2024-10-25T11:51:20.594Z [info]: Port opened successfully
2024-10-25T11:51:30.936Z [info]: Processed line: NG
2024-10-25T11:51:31.948Z [info]: Processing data from queue: NG
2024-10-25T11:51:41.190Z [info]: Processed line: 873976000704101299240399
2024-10-25T11:51:41.951Z [info]: Processed line: 873976000704101299240399
2024-10-25T11:51:42.193Z [info]: Processing data from queue: 873976000704101299240399
2024-10-25T11:51:42.955Z [info]: Processing data from queue: 873976000704101299240399
2024-10-25T11:53:46.678Z [info]: Processed line: NG
2024-10-25T11:53:47.695Z [info]: Processing data from queue: NG
2024-10-25T11:53:55.941Z [info]: Processed line: 873976000704101299240400
2024-10-25T11:53:56.712Z [info]: Processed line: 873976000704101299240400
2024-10-25T11:53:56.943Z [info]: Processing data from queue: 873976000704101299240400
2024-10-25T11:53:57.719Z [info]: Processing data from queue: 873976000704101299240400
2024-10-25T11:54:05.867Z [info]: Processed line: NG
2024-10-25T11:54:06.880Z [info]: Processing data from queue: NG
2024-10-25T11:54:15.779Z [info]: Processed line: 873976000704101299240401
2024-10-25T11:54:16.520Z [info]: Processed line: 873976000704101299240401
2024-10-25T11:54:16.794Z [info]: Processing data from queue: 873976000704101299240401
2024-10-25T11:54:17.523Z [info]: Processing data from queue: 873976000704101299240401
2024-10-25T11:54:24.990Z [info]: Processed line: NG
2024-10-25T11:54:25.992Z [info]: Processing data from queue: NG
2024-10-25T11:54:34.043Z [info]: Processed line: 873976000704101299240402
2024-10-25T11:54:34.795Z [info]: Processed line: 873976000704101299240402
2024-10-25T11:54:35.051Z [info]: Processing data from queue: 873976000704101299240402
2024-10-25T11:54:35.797Z [info]: Processing data from queue: 873976000704101299240402
2024-10-25T11:54:42.861Z [info]: Processed line: NG
2024-10-25T11:54:43.863Z [info]: Processing data from queue: NG
2024-10-25T11:54:52.219Z [info]: Processed line: 873976000704101299240403
2024-10-25T11:54:52.965Z [info]: Processed line: 873976000704101299240403
2024-10-25T11:54:53.224Z [info]: Processing data from queue: 873976000704101299240403
2024-10-25T11:54:53.966Z [info]: Processing data from queue: 873976000704101299240403
2024-10-25T11:55:01.450Z [info]: Processed line: NG
2024-10-25T11:55:02.458Z [info]: Processing data from queue: NG
2024-10-25T11:55:10.809Z [info]: Processed line: 873976000704101299240404
2024-10-25T11:55:11.543Z [info]: Processed line: 873976000704101299240404
2024-10-25T11:55:11.824Z [info]: Processing data from queue: 873976000704101299240404
2024-10-25T11:55:12.550Z [info]: Processing data from queue: 873976000704101299240404
2024-10-25T11:55:25.675Z [info]: Processed line: NG
2024-10-25T11:55:26.677Z [info]: Processing data from queue: NG
2024-10-25T11:55:35.827Z [info]: Processed line: 873976000704101299240405
2024-10-25T11:55:36.838Z [info]: Processing data from queue: 873976000704101299240405
2024-10-25T11:55:37.428Z [info]: Processed line: NG
2024-10-25T11:55:38.437Z [info]: Processing data from queue: NG
2024-10-25T11:56:08.686Z [info]: Processed line: NG
2024-10-25T11:56:09.693Z [info]: Processing data from queue: NG
2024-10-25T11:56:17.945Z [info]: Processed line: 873976000704101299240407
2024-10-25T11:56:18.696Z [info]: Processed line: 873976000704101299240407
2024-10-25T11:56:18.953Z [info]: Processing data from queue: 873976000704101299240407
2024-10-25T11:56:19.698Z [info]: Processing data from queue: 873976000704101299240407
2024-10-25T11:56:42.347Z [info]: Processed line: NG
2024-10-25T11:56:43.352Z [info]: Processing data from queue: NG
2024-10-25T11:56:51.088Z [info]: Processed line: 873976000704101299240408
2024-10-25T11:56:51.891Z [info]: Processed line: 873976000704101299240408
2024-10-25T11:56:52.099Z [info]: Processing data from queue: 873976000704101299240408
2024-10-25T11:56:52.897Z [info]: Processing data from queue: 873976000704101299240408
2024-10-25T11:57:01.319Z [info]: Processed line: NG
2024-10-25T11:57:02.329Z [info]: Processing data from queue: NG
2024-10-25T11:57:10.802Z [info]: Processed line: 873976000704101299240409
2024-10-25T11:57:11.562Z [info]: Processed line: 873976000704101299240409
2024-10-25T11:57:11.804Z [info]: Processing data from queue: 873976000704101299240409
2024-10-25T11:57:12.565Z [info]: Processing data from queue: 873976000704101299240409
2024-10-25T11:58:00.036Z [info]: Processed line: NG
2024-10-25T11:58:01.037Z [info]: Processing data from queue: NG
2024-10-25T11:58:09.246Z [info]: Processed line: 873976000704101299240410
2024-10-25T11:58:10.003Z [info]: Processed line: 873976000704101299240410
2024-10-25T11:58:10.248Z [info]: Processing data from queue: 873976000704101299240410
2024-10-25T11:58:11.013Z [info]: Processing data from queue: 873976000704101299240410
2024-10-25T11:58:17.925Z [info]: Processed line: NG
2024-10-25T11:58:18.932Z [info]: Processing data from queue: NG
2024-10-25T11:58:27.607Z [info]: Processed line: 873976000704101299240411
2024-10-25T11:58:28.368Z [info]: Processed line: 873976000704101299240411
2024-10-25T11:58:28.608Z [info]: Processing data from queue: 873976000704101299240411
2024-10-25T11:58:29.376Z [info]: Processing data from queue: 873976000704101299240411
2024-10-25T11:58:37.415Z [info]: Processed line: NG
2024-10-25T11:58:38.418Z [info]: Processing data from queue: NG
2024-10-25T11:58:46.758Z [info]: Processed line: 873976000704101299240412
2024-10-25T11:58:47.486Z [info]: Processed line: 873976000704101299240412
2024-10-25T11:58:47.772Z [info]: Processing data from queue: 873976000704101299240412
2024-10-25T11:58:48.494Z [info]: Processing data from queue: 873976000704101299240412
2024-10-25T11:58:57.104Z [info]: Processed line: NG
2024-10-25T11:58:58.106Z [info]: Processing data from queue: NG
2024-10-25T11:59:06.780Z [info]: Processed line: 873976000704101299240413
2024-10-25T11:59:07.530Z [info]: Processed line: 873976000704101299240413
2024-10-25T11:59:07.781Z [info]: Processing data from queue: 873976000704101299240413
2024-10-25T11:59:08.532Z [info]: Processing data from queue: 873976000704101299240413
2024-10-25T11:59:17.143Z [info]: Processed line: NG
2024-10-25T11:59:18.145Z [info]: Processing data from queue: NG
2024-10-25T11:59:26.587Z [info]: Processed line: 873976000704101299240414
2024-10-25T11:59:27.337Z [info]: Processed line: 873976000704101299240414
2024-10-25T11:59:27.593Z [info]: Processing data from queue: 873976000704101299240414
2024-10-25T11:59:28.340Z [info]: Processing data from queue: 873976000704101299240414
2024-10-25T11:59:42.367Z [info]: Processed line: NG
2024-10-25T11:59:43.369Z [info]: Processing data from queue: NG
2024-10-25T11:59:51.550Z [info]: Processed line: 873976000704101299240415
2024-10-25T11:59:52.323Z [info]: Processed line: 873976000704101299240415
2024-10-25T11:59:52.551Z [info]: Processing data from queue: 873976000704101299240415
2024-10-25T11:59:53.323Z [info]: Processing data from queue: 873976000704101299240415
2024-10-25T12:00:02.022Z [info]: Processed line: NG
2024-10-25T12:00:03.032Z [info]: Processing data from queue: NG
2024-10-25T12:00:11.503Z [info]: Processed line: 873976000704101299240416
2024-10-25T12:00:12.248Z [info]: Processed line: 873976000704101299240416
2024-10-25T12:00:12.509Z [info]: Processing data from queue: 873976000704101299240416
2024-10-25T12:00:13.251Z [info]: Processing data from queue: 873976000704101299240416
2024-10-25T12:00:25.031Z [info]: Processed line: NG
2024-10-25T12:00:26.033Z [info]: Processing data from queue: NG
2024-10-25T12:00:33.959Z [info]: Processed line: 873976000704101299240417
2024-10-25T12:00:34.709Z [info]: Processed line: 873976000704101299240417
2024-10-25T12:00:34.959Z [info]: Processing data from queue: 873976000704101299240417
2024-10-25T12:00:35.714Z [info]: Processing data from queue: 873976000704101299240417
2024-10-25T12:00:47.903Z [info]: Processed line: NG
2024-10-25T12:00:48.910Z [info]: Processing data from queue: NG
2024-10-25T12:00:57.130Z [info]: Processed line: 873976000704101299240418
2024-10-25T12:00:57.871Z [info]: Processed line: 873976000704101299240418
2024-10-25T12:00:58.139Z [info]: Processing data from queue: 873976000704101299240418
2024-10-25T12:00:58.880Z [info]: Processing data from queue: 873976000704101299240418
2024-10-25T12:01:12.477Z [info]: Processed line: NG
2024-10-25T12:01:13.479Z [info]: Processing data from queue: NG
2024-10-25T12:01:21.972Z [info]: Processed line: 873976000704101299240419
2024-10-25T12:01:22.755Z [info]: Processed line: 873976000704101299240419
2024-10-25T12:01:22.973Z [info]: Processing data from queue: 873976000704101299240419
2024-10-25T12:01:23.761Z [info]: Processing data from queue: 873976000704101299240419
2024-10-25T12:01:39.335Z [info]: Processed line: NG
2024-10-25T12:01:40.345Z [info]: Processing data from queue: NG
2024-10-25T12:01:49.148Z [info]: Processed line: 873976000704101299240420
2024-10-25T12:01:49.890Z [info]: Processed line: 873976000704101299240420
2024-10-25T12:01:50.150Z [info]: Processing data from queue: 873976000704101299240420
2024-10-25T12:01:50.894Z [info]: Processing data from queue: 873976000704101299240420
2024-10-25T12:02:04.276Z [info]: Processed line: NG
2024-10-25T12:02:05.278Z [info]: Processing data from queue: NG
2024-10-25T12:02:13.844Z [info]: Processed line: 873976000704101299240421
2024-10-25T12:02:14.845Z [info]: Processing data from queue: 873976000704101299240421
2024-10-25T12:02:14.854Z [info]: Processed line: 873976000704101299240421
2024-10-25T12:02:15.855Z [info]: Processing data from queue: 873976000704101299240421
2024-10-25T12:02:26.817Z [info]: Processed line: NG
2024-10-25T12:02:27.819Z [info]: Processing data from queue: NG
2024-10-25T12:02:36.043Z [info]: Processed line: 873976000704101299240422
2024-10-25T12:02:36.800Z [info]: Processed line: 873976000704101299240422
2024-10-25T12:02:37.044Z [info]: Processing data from queue: 873976000704101299240422
2024-10-25T12:02:37.808Z [info]: Processing data from queue: 873976000704101299240422
2024-10-25T12:02:50.140Z [info]: Processed line: NG
2024-10-25T12:02:51.145Z [info]: Processing data from queue: NG
2024-10-25T12:02:59.716Z [info]: Processed line: 873976000704101299240423
2024-10-25T12:03:00.467Z [info]: Processed line: 873976000704101299240423
2024-10-25T12:03:00.720Z [info]: Processing data from queue: 873976000704101299240423
2024-10-25T12:03:01.478Z [info]: Processing data from queue: 873976000704101299240423
2024-10-25T12:03:15.080Z [info]: Processed line: NG
2024-10-25T12:03:16.084Z [info]: Processing data from queue: NG
2024-10-25T12:03:24.231Z [info]: Processed line: 873976000704101299240424
2024-10-25T12:03:24.974Z [info]: Processed line: 873976000704101299240424
2024-10-25T12:03:25.233Z [info]: Processing data from queue: 873976000704101299240424
2024-10-25T12:03:25.977Z [info]: Processing data from queue: 873976000704101299240424
2024-10-25T12:03:37.154Z [info]: Processed line: NG
2024-10-25T12:03:38.162Z [info]: Processing data from queue: NG
2024-10-25T12:03:46.616Z [info]: Processed line: 873976000704101299240425
2024-10-25T12:03:47.401Z [info]: Processed line: 873976000704101299240425
2024-10-25T12:03:47.621Z [info]: Processing data from queue: 873976000704101299240425
2024-10-25T12:03:48.403Z [info]: Processing data from queue: 873976000704101299240425
2024-10-25T12:04:00.110Z [info]: Processed line: NG
2024-10-25T12:04:01.118Z [info]: Processing data from queue: NG
2024-10-25T12:04:09.123Z [info]: Processed line: 873976000704101299240426
2024-10-25T12:04:09.891Z [info]: Processed line: 873976000704101299240426
2024-10-25T12:04:10.125Z [info]: Processing data from queue: 873976000704101299240426
2024-10-25T12:04:10.897Z [info]: Processing data from queue: 873976000704101299240426
2024-10-25T12:04:20.067Z [info]: Processed line: NG
2024-10-25T12:04:21.073Z [info]: Processing data from queue: NG
2024-10-25T12:04:28.994Z [info]: Processed line: 873976000704101299240427
2024-10-25T12:04:29.744Z [info]: Processed line: 873976000704101299240427
2024-10-25T12:04:29.995Z [info]: Processing data from queue: 873976000704101299240427
2024-10-25T12:04:30.758Z [info]: Processing data from queue: 873976000704101299240427
2024-10-25T12:04:42.808Z [info]: Processed line: NG
2024-10-25T12:04:43.816Z [info]: Processing data from queue: NG
2024-10-25T12:04:52.177Z [info]: Processed line: 873976000704101299240428
2024-10-25T12:04:52.949Z [info]: Processed line: 873976000704101299240428
2024-10-25T12:04:53.179Z [info]: Processing data from queue: 873976000704101299240428
2024-10-25T12:04:53.959Z [info]: Processing data from queue: 873976000704101299240428
2024-10-25T12:05:02.130Z [info]: Processed line: NG
2024-10-25T12:05:03.142Z [info]: Processing data from queue: NG
2024-10-25T12:05:11.401Z [info]: Processed line: 873976000704101299240429
2024-10-25T12:05:12.147Z [info]: Processed line: 873976000704101299240429
2024-10-25T12:05:12.417Z [info]: Processing data from queue: 873976000704101299240429
2024-10-25T12:05:13.149Z [info]: Processing data from queue: 873976000704101299240429
2024-10-25T12:05:24.653Z [info]: Processed line: NG
2024-10-25T12:05:25.657Z [info]: Processing data from queue: NG
2024-10-25T12:05:33.909Z [info]: Processed line: 873976000704101299240430
2024-10-25T12:05:34.658Z [info]: Processed line: 873976000704101299240430
2024-10-25T12:05:34.918Z [info]: Processing data from queue: 873976000704101299240430
2024-10-25T12:05:35.660Z [info]: Processing data from queue: 873976000704101299240430
2024-10-25T12:05:44.443Z [info]: Processed line: NG
2024-10-25T12:05:45.448Z [info]: Processing data from queue: NG
2024-10-25T12:05:53.929Z [info]: Processed line: 873976000704101299240431
2024-10-25T12:05:54.663Z [info]: Processed line: 873976000704101299240431
2024-10-25T12:05:54.945Z [info]: Processing data from queue: 873976000704101299240431
2024-10-25T12:05:55.669Z [info]: Processing data from queue: 873976000704101299240431
2024-10-25T12:06:11.066Z [info]: Processed line: NG
2024-10-25T12:06:12.078Z [info]: Processing data from queue: NG
2024-10-25T12:06:20.195Z [info]: Processed line: 873976000704101299240432
2024-10-25T12:06:20.939Z [info]: Processed line: 873976000704101299240432
2024-10-25T12:06:21.198Z [info]: Processing data from queue: 873976000704101299240432
2024-10-25T12:06:21.945Z [info]: Processing data from queue: 873976000704101299240432
